operation,randomOffset,transferSize,aggregateFilesizeMBtask,numTasks,parallelism,totalTime,numNodesList,numNodes,tasksPerNode,trMiB,storageType,opCount,taskName,taskPID,fileName,stageOrder,prevTask,aggregateFilesizeMB
cp,0,4096.0,78643.19998168945,32,32,,"[8, 16]",8,4,,beegfs-tmpfs,32,stage_in-analysis,,"sim_out_0.bin,sim_out_1.bin,sim_out_2.bin,sim_out_3.bin,sim_out_4.bin,sim_out_5.bin,sim_out_6.bin,sim_out_7.bin,sim_out_8.bin,sim_out_9.bin,sim_out_10.bin,sim_out_11.bin,sim_out_12.bin,sim_out_13.bin,sim_out_14.bin,sim_out_15.bin,sim_out_16.bin,sim_out_17.bin,sim_out_18.bin,sim_out_19.bin,sim_out_20.bin,sim_out_21.bin,sim_out_22.bin,sim_out_23.bin,sim_out_24.bin,sim_out_25.bin,sim_out_26.bin,sim_out_27.bin,sim_out_28.bin,sim_out_29.bin,sim_out_30.bin,sim_out_31.bin",0.5,,1258291.1997070312
cp,0,4096.0,78643.19998168945,32,32,,"[8, 16]",16,2,,beegfs-tmpfs,32,stage_in-analysis,,"sim_out_0.bin,sim_out_1.bin,sim_out_2.bin,sim_out_3.bin,sim_out_4.bin,sim_out_5.bin,sim_out_6.bin,sim_out_7.bin,sim_out_8.bin,sim_out_9.bin,sim_out_10.bin,sim_out_11.bin,sim_out_12.bin,sim_out_13.bin,sim_out_14.bin,sim_out_15.bin,sim_out_16.bin,sim_out_17.bin,sim_out_18.bin,sim_out_19.bin,sim_out_20.bin,sim_out_21.bin,sim_out_22.bin,sim_out_23.bin,sim_out_24.bin,sim_out_25.bin,sim_out_26.bin,sim_out_27.bin,sim_out_28.bin,sim_out_29.bin,sim_out_30.bin,sim_out_31.bin",0.5,,2516582.3994140625
cp,0,4096.0,78643.19998168945,32,32,,"[8, 16]",8,4,,beegfs-ssd,32,stage_in-analysis,,"sim_out_0.bin,sim_out_1.bin,sim_out_2.bin,sim_out_3.bin,sim_out_4.bin,sim_out_5.bin,sim_out_6.bin,sim_out_7.bin,sim_out_8.bin,sim_out_9.bin,sim_out_10.bin,sim_out_11.bin,sim_out_12.bin,sim_out_13.bin,sim_out_14.bin,sim_out_15.bin,sim_out_16.bin,sim_out_17.bin,sim_out_18.bin,sim_out_19.bin,sim_out_20.bin,sim_out_21.bin,sim_out_22.bin,sim_out_23.bin,sim_out_24.bin,sim_out_25.bin,sim_out_26.bin,sim_out_27.bin,sim_out_28.bin,sim_out_29.bin,sim_out_30.bin,sim_out_31.bin",0.5,,1258291.1997070312
cp,0,4096.0,78643.19998168945,32,32,,"[8, 16]",16,2,,beegfs-ssd,32,stage_in-analysis,,"sim_out_0.bin,sim_out_1.bin,sim_out_2.bin,sim_out_3.bin,sim_out_4.bin,sim_out_5.bin,sim_out_6.bin,sim_out_7.bin,sim_out_8.bin,sim_out_9.bin,sim_out_10.bin,sim_out_11.bin,sim_out_12.bin,sim_out_13.bin,sim_out_14.bin,sim_out_15.bin,sim_out_16.bin,sim_out_17.bin,sim_out_18.bin,sim_out_19.bin,sim_out_20.bin,sim_out_21.bin,sim_out_22.bin,sim_out_23.bin,sim_out_24.bin,sim_out_25.bin,sim_out_26.bin,sim_out_27.bin,sim_out_28.bin,sim_out_29.bin,sim_out_30.bin,sim_out_31.bin",0.5,,2516582.3994140625
none,0,4096.0,78643.19998168945,32,32,0,"[8, 16]",8,4,1.0,beegfs,32,stage_in-analysis,,"sim_out_0.bin,sim_out_1.bin,sim_out_2.bin,sim_out_3.bin,sim_out_4.bin,sim_out_5.bin,sim_out_6.bin,sim_out_7.bin,sim_out_8.bin,sim_out_9.bin,sim_out_10.bin,sim_out_11.bin,sim_out_12.bin,sim_out_13.bin,sim_out_14.bin,sim_out_15.bin,sim_out_16.bin,sim_out_17.bin,sim_out_18.bin,sim_out_19.bin,sim_out_20.bin,sim_out_21.bin,sim_out_22.bin,sim_out_23.bin,sim_out_24.bin,sim_out_25.bin,sim_out_26.bin,sim_out_27.bin,sim_out_28.bin,sim_out_29.bin,sim_out_30.bin,sim_out_31.bin",0.5,,0
none,0,4096.0,78643.19998168945,32,32,0,"[8, 16]",16,2,1.0,beegfs,32,stage_in-analysis,,"sim_out_0.bin,sim_out_1.bin,sim_out_2.bin,sim_out_3.bin,sim_out_4.bin,sim_out_5.bin,sim_out_6.bin,sim_out_7.bin,sim_out_8.bin,sim_out_9.bin,sim_out_10.bin,sim_out_11.bin,sim_out_12.bin,sim_out_13.bin,sim_out_14.bin,sim_out_15.bin,sim_out_16.bin,sim_out_17.bin,sim_out_18.bin,sim_out_19.bin,sim_out_20.bin,sim_out_21.bin,sim_out_22.bin,sim_out_23.bin,sim_out_24.bin,sim_out_25.bin,sim_out_26.bin,sim_out_27.bin,sim_out_28.bin,sim_out_29.bin,sim_out_30.bin,sim_out_31.bin",0.5,,0
cp,0,4096.0,78643.19998168945,32,32,,"[8, 16]",8,4,,ssd-beegfs,32,stage_in-analysis,,"sim_out_0.bin,sim_out_1.bin,sim_out_2.bin,sim_out_3.bin,sim_out_4.bin,sim_out_5.bin,sim_out_6.bin,sim_out_7.bin,sim_out_8.bin,sim_out_9.bin,sim_out_10.bin,sim_out_11.bin,sim_out_12.bin,sim_out_13.bin,sim_out_14.bin,sim_out_15.bin,sim_out_16.bin,sim_out_17.bin,sim_out_18.bin,sim_out_19.bin,sim_out_20.bin,sim_out_21.bin,sim_out_22.bin,sim_out_23.bin,sim_out_24.bin,sim_out_25.bin,sim_out_26.bin,sim_out_27.bin,sim_out_28.bin,sim_out_29.bin,sim_out_30.bin,sim_out_31.bin",0.5,,1258291.1997070312
cp,0,4096.0,78643.19998168945,32,32,,"[8, 16]",16,2,,ssd-beegfs,32,stage_in-analysis,,"sim_out_0.bin,sim_out_1.bin,sim_out_2.bin,sim_out_3.bin,sim_out_4.bin,sim_out_5.bin,sim_out_6.bin,sim_out_7.bin,sim_out_8.bin,sim_out_9.bin,sim_out_10.bin,sim_out_11.bin,sim_out_12.bin,sim_out_13.bin,sim_out_14.bin,sim_out_15.bin,sim_out_16.bin,sim_out_17.bin,sim_out_18.bin,sim_out_19.bin,sim_out_20.bin,sim_out_21.bin,sim_out_22.bin,sim_out_23.bin,sim_out_24.bin,sim_out_25.bin,sim_out_26.bin,sim_out_27.bin,sim_out_28.bin,sim_out_29.bin,sim_out_30.bin,sim_out_31.bin",0.5,,2516582.3994140625
cp,0,4096.0,78643.19998168945,32,32,,"[8, 16]",8,4,,tmpfs-beegfs,32,stage_in-analysis,,"sim_out_0.bin,sim_out_1.bin,sim_out_2.bin,sim_out_3.bin,sim_out_4.bin,sim_out_5.bin,sim_out_6.bin,sim_out_7.bin,sim_out_8.bin,sim_out_9.bin,sim_out_10.bin,sim_out_11.bin,sim_out_12.bin,sim_out_13.bin,sim_out_14.bin,sim_out_15.bin,sim_out_16.bin,sim_out_17.bin,sim_out_18.bin,sim_out_19.bin,sim_out_20.bin,sim_out_21.bin,sim_out_22.bin,sim_out_23.bin,sim_out_24.bin,sim_out_25.bin,sim_out_26.bin,sim_out_27.bin,sim_out_28.bin,sim_out_29.bin,sim_out_30.bin,sim_out_31.bin",0.5,,1258291.1997070312
cp,0,4096.0,78643.19998168945,32,32,,"[8, 16]",16,2,,tmpfs-beegfs,32,stage_in-analysis,,"sim_out_0.bin,sim_out_1.bin,sim_out_2.bin,sim_out_3.bin,sim_out_4.bin,sim_out_5.bin,sim_out_6.bin,sim_out_7.bin,sim_out_8.bin,sim_out_9.bin,sim_out_10.bin,sim_out_11.bin,sim_out_12.bin,sim_out_13.bin,sim_out_14.bin,sim_out_15.bin,sim_out_16.bin,sim_out_17.bin,sim_out_18.bin,sim_out_19.bin,sim_out_20.bin,sim_out_21.bin,sim_out_22.bin,sim_out_23.bin,sim_out_24.bin,sim_out_25.bin,sim_out_26.bin,sim_out_27.bin,sim_out_28.bin,sim_out_29.bin,sim_out_30.bin,sim_out_31.bin",0.5,,2516582.3994140625
cp,0,4096.0,78643.19998168945,32,32,,"[8, 16]",8,4,,ssd-ssd,32,stage_in-analysis,,"sim_out_0.bin,sim_out_1.bin,sim_out_2.bin,sim_out_3.bin,sim_out_4.bin,sim_out_5.bin,sim_out_6.bin,sim_out_7.bin,sim_out_8.bin,sim_out_9.bin,sim_out_10.bin,sim_out_11.bin,sim_out_12.bin,sim_out_13.bin,sim_out_14.bin,sim_out_15.bin,sim_out_16.bin,sim_out_17.bin,sim_out_18.bin,sim_out_19.bin,sim_out_20.bin,sim_out_21.bin,sim_out_22.bin,sim_out_23.bin,sim_out_24.bin,sim_out_25.bin,sim_out_26.bin,sim_out_27.bin,sim_out_28.bin,sim_out_29.bin,sim_out_30.bin,sim_out_31.bin",0.5,,1258291.1997070312
cp,0,4096.0,78643.19998168945,32,32,,"[8, 16]",16,2,,ssd-ssd,32,stage_in-analysis,,"sim_out_0.bin,sim_out_1.bin,sim_out_2.bin,sim_out_3.bin,sim_out_4.bin,sim_out_5.bin,sim_out_6.bin,sim_out_7.bin,sim_out_8.bin,sim_out_9.bin,sim_out_10.bin,sim_out_11.bin,sim_out_12.bin,sim_out_13.bin,sim_out_14.bin,sim_out_15.bin,sim_out_16.bin,sim_out_17.bin,sim_out_18.bin,sim_out_19.bin,sim_out_20.bin,sim_out_21.bin,sim_out_22.bin,sim_out_23.bin,sim_out_24.bin,sim_out_25.bin,sim_out_26.bin,sim_out_27.bin,sim_out_28.bin,sim_out_29.bin,sim_out_30.bin,sim_out_31.bin",0.5,,2516582.3994140625
cp,0,4096.0,78643.19998168945,32,32,,"[8, 16]",8,4,,tmpfs-tmpfs,32,stage_in-analysis,,"sim_out_0.bin,sim_out_1.bin,sim_out_2.bin,sim_out_3.bin,sim_out_4.bin,sim_out_5.bin,sim_out_6.bin,sim_out_7.bin,sim_out_8.bin,sim_out_9.bin,sim_out_10.bin,sim_out_11.bin,sim_out_12.bin,sim_out_13.bin,sim_out_14.bin,sim_out_15.bin,sim_out_16.bin,sim_out_17.bin,sim_out_18.bin,sim_out_19.bin,sim_out_20.bin,sim_out_21.bin,sim_out_22.bin,sim_out_23.bin,sim_out_24.bin,sim_out_25.bin,sim_out_26.bin,sim_out_27.bin,sim_out_28.bin,sim_out_29.bin,sim_out_30.bin,sim_out_31.bin",0.5,,1258291.1997070312
cp,0,4096.0,78643.19998168945,32,32,,"[8, 16]",16,2,,tmpfs-tmpfs,32,stage_in-analysis,,"sim_out_0.bin,sim_out_1.bin,sim_out_2.bin,sim_out_3.bin,sim_out_4.bin,sim_out_5.bin,sim_out_6.bin,sim_out_7.bin,sim_out_8.bin,sim_out_9.bin,sim_out_10.bin,sim_out_11.bin,sim_out_12.bin,sim_out_13.bin,sim_out_14.bin,sim_out_15.bin,sim_out_16.bin,sim_out_17.bin,sim_out_18.bin,sim_out_19.bin,sim_out_20.bin,sim_out_21.bin,sim_out_22.bin,sim_out_23.bin,sim_out_24.bin,sim_out_25.bin,sim_out_26.bin,sim_out_27.bin,sim_out_28.bin,sim_out_29.bin,sim_out_30.bin,sim_out_31.bin",0.5,,2516582.3994140625
none,0,4096.0,78643.19998168945,32,32,0,"[8, 16]",8,4,1.0,beegfs,32,stage_in-sim,,"sim_out_0.bin,sim_out_1.bin,sim_out_2.bin,sim_out_3.bin,sim_out_4.bin,sim_out_5.bin,sim_out_6.bin,sim_out_7.bin,sim_out_8.bin,sim_out_9.bin,sim_out_10.bin,sim_out_11.bin,sim_out_12.bin,sim_out_13.bin,sim_out_14.bin,sim_out_15.bin,sim_out_16.bin,sim_out_17.bin,sim_out_18.bin,sim_out_19.bin,sim_out_20.bin,sim_out_21.bin,sim_out_22.bin,sim_out_23.bin,sim_out_24.bin,sim_out_25.bin,sim_out_26.bin,sim_out_27.bin,sim_out_28.bin,sim_out_29.bin,sim_out_30.bin,sim_out_31.bin",0.5,,0
none,0,4096.0,78643.19998168945,32,32,0,"[8, 16]",16,2,1.0,beegfs,32,stage_in-sim,,"sim_out_0.bin,sim_out_1.bin,sim_out_2.bin,sim_out_3.bin,sim_out_4.bin,sim_out_5.bin,sim_out_6.bin,sim_out_7.bin,sim_out_8.bin,sim_out_9.bin,sim_out_10.bin,sim_out_11.bin,sim_out_12.bin,sim_out_13.bin,sim_out_14.bin,sim_out_15.bin,sim_out_16.bin,sim_out_17.bin,sim_out_18.bin,sim_out_19.bin,sim_out_20.bin,sim_out_21.bin,sim_out_22.bin,sim_out_23.bin,sim_out_24.bin,sim_out_25.bin,sim_out_26.bin,sim_out_27.bin,sim_out_28.bin,sim_out_29.bin,sim_out_30.bin,sim_out_31.bin",0.5,,0
cp,0,4096.0,78643.19998168945,32,32,,"[8, 16]",8,4,,beegfs-ssd,32,stage_in-sim,,"sim_out_0.bin,sim_out_1.bin,sim_out_2.bin,sim_out_3.bin,sim_out_4.bin,sim_out_5.bin,sim_out_6.bin,sim_out_7.bin,sim_out_8.bin,sim_out_9.bin,sim_out_10.bin,sim_out_11.bin,sim_out_12.bin,sim_out_13.bin,sim_out_14.bin,sim_out_15.bin,sim_out_16.bin,sim_out_17.bin,sim_out_18.bin,sim_out_19.bin,sim_out_20.bin,sim_out_21.bin,sim_out_22.bin,sim_out_23.bin,sim_out_24.bin,sim_out_25.bin,sim_out_26.bin,sim_out_27.bin,sim_out_28.bin,sim_out_29.bin,sim_out_30.bin,sim_out_31.bin",0.5,,629145.5998535156
cp,0,4096.0,78643.19998168945,32,32,,"[8, 16]",16,2,,beegfs-ssd,32,stage_in-sim,,"sim_out_0.bin,sim_out_1.bin,sim_out_2.bin,sim_out_3.bin,sim_out_4.bin,sim_out_5.bin,sim_out_6.bin,sim_out_7.bin,sim_out_8.bin,sim_out_9.bin,sim_out_10.bin,sim_out_11.bin,sim_out_12.bin,sim_out_13.bin,sim_out_14.bin,sim_out_15.bin,sim_out_16.bin,sim_out_17.bin,sim_out_18.bin,sim_out_19.bin,sim_out_20.bin,sim_out_21.bin,sim_out_22.bin,sim_out_23.bin,sim_out_24.bin,sim_out_25.bin,sim_out_26.bin,sim_out_27.bin,sim_out_28.bin,sim_out_29.bin,sim_out_30.bin,sim_out_31.bin",0.5,,1258291.1997070312
cp,0,4096.0,78643.19998168945,32,32,,"[8, 16]",8,4,,beegfs-tmpfs,32,stage_in-sim,,"sim_out_0.bin,sim_out_1.bin,sim_out_2.bin,sim_out_3.bin,sim_out_4.bin,sim_out_5.bin,sim_out_6.bin,sim_out_7.bin,sim_out_8.bin,sim_out_9.bin,sim_out_10.bin,sim_out_11.bin,sim_out_12.bin,sim_out_13.bin,sim_out_14.bin,sim_out_15.bin,sim_out_16.bin,sim_out_17.bin,sim_out_18.bin,sim_out_19.bin,sim_out_20.bin,sim_out_21.bin,sim_out_22.bin,sim_out_23.bin,sim_out_24.bin,sim_out_25.bin,sim_out_26.bin,sim_out_27.bin,sim_out_28.bin,sim_out_29.bin,sim_out_30.bin,sim_out_31.bin",0.5,,629145.5998535156
cp,0,4096.0,78643.19998168945,32,32,,"[8, 16]",16,2,,beegfs-tmpfs,32,stage_in-sim,,"sim_out_0.bin,sim_out_1.bin,sim_out_2.bin,sim_out_3.bin,sim_out_4.bin,sim_out_5.bin,sim_out_6.bin,sim_out_7.bin,sim_out_8.bin,sim_out_9.bin,sim_out_10.bin,sim_out_11.bin,sim_out_12.bin,sim_out_13.bin,sim_out_14.bin,sim_out_15.bin,sim_out_16.bin,sim_out_17.bin,sim_out_18.bin,sim_out_19.bin,sim_out_20.bin,sim_out_21.bin,sim_out_22.bin,sim_out_23.bin,sim_out_24.bin,sim_out_25.bin,sim_out_26.bin,sim_out_27.bin,sim_out_28.bin,sim_out_29.bin,sim_out_30.bin,sim_out_31.bin",0.5,,1258291.1997070312
scp,0,4096.0,78643.19998168945,32,32,,"[8, 16]",8,4,,ssd-ssd,32,stage_in-sim,,"sim_out_0.bin,sim_out_1.bin,sim_out_2.bin,sim_out_3.bin,sim_out_4.bin,sim_out_5.bin,sim_out_6.bin,sim_out_7.bin,sim_out_8.bin,sim_out_9.bin,sim_out_10.bin,sim_out_11.bin,sim_out_12.bin,sim_out_13.bin,sim_out_14.bin,sim_out_15.bin,sim_out_16.bin,sim_out_17.bin,sim_out_18.bin,sim_out_19.bin,sim_out_20.bin,sim_out_21.bin,sim_out_22.bin,sim_out_23.bin,sim_out_24.bin,sim_out_25.bin,sim_out_26.bin,sim_out_27.bin,sim_out_28.bin,sim_out_29.bin,sim_out_30.bin,sim_out_31.bin",0.5,,629145.5998535156
scp,0,4096.0,78643.19998168945,32,32,,"[8, 16]",16,2,,ssd-ssd,32,stage_in-sim,,"sim_out_0.bin,sim_out_1.bin,sim_out_2.bin,sim_out_3.bin,sim_out_4.bin,sim_out_5.bin,sim_out_6.bin,sim_out_7.bin,sim_out_8.bin,sim_out_9.bin,sim_out_10.bin,sim_out_11.bin,sim_out_12.bin,sim_out_13.bin,sim_out_14.bin,sim_out_15.bin,sim_out_16.bin,sim_out_17.bin,sim_out_18.bin,sim_out_19.bin,sim_out_20.bin,sim_out_21.bin,sim_out_22.bin,sim_out_23.bin,sim_out_24.bin,sim_out_25.bin,sim_out_26.bin,sim_out_27.bin,sim_out_28.bin,sim_out_29.bin,sim_out_30.bin,sim_out_31.bin",0.5,,1258291.1997070312
scp,0,4096.0,78643.19998168945,32,32,,"[8, 16]",8,4,,tmpfs-tmpfs,32,stage_in-sim,,"sim_out_0.bin,sim_out_1.bin,sim_out_2.bin,sim_out_3.bin,sim_out_4.bin,sim_out_5.bin,sim_out_6.bin,sim_out_7.bin,sim_out_8.bin,sim_out_9.bin,sim_out_10.bin,sim_out_11.bin,sim_out_12.bin,sim_out_13.bin,sim_out_14.bin,sim_out_15.bin,sim_out_16.bin,sim_out_17.bin,sim_out_18.bin,sim_out_19.bin,sim_out_20.bin,sim_out_21.bin,sim_out_22.bin,sim_out_23.bin,sim_out_24.bin,sim_out_25.bin,sim_out_26.bin,sim_out_27.bin,sim_out_28.bin,sim_out_29.bin,sim_out_30.bin,sim_out_31.bin",0.5,,629145.5998535156
scp,0,4096.0,78643.19998168945,32,32,,"[8, 16]",16,2,,tmpfs-tmpfs,32,stage_in-sim,,"sim_out_0.bin,sim_out_1.bin,sim_out_2.bin,sim_out_3.bin,sim_out_4.bin,sim_out_5.bin,sim_out_6.bin,sim_out_7.bin,sim_out_8.bin,sim_out_9.bin,sim_out_10.bin,sim_out_11.bin,sim_out_12.bin,sim_out_13.bin,sim_out_14.bin,sim_out_15.bin,sim_out_16.bin,sim_out_17.bin,sim_out_18.bin,sim_out_19.bin,sim_out_20.bin,sim_out_21.bin,sim_out_22.bin,sim_out_23.bin,sim_out_24.bin,sim_out_25.bin,sim_out_26.bin,sim_out_27.bin,sim_out_28.bin,sim_out_29.bin,sim_out_30.bin,sim_out_31.bin",0.5,,1258291.1997070312
cp,0,4096.0,78643.19998168945,32,32,,"[8, 16]",8,4,,ssd-beegfs,32,stage_in-sim,,"sim_out_0.bin,sim_out_1.bin,sim_out_2.bin,sim_out_3.bin,sim_out_4.bin,sim_out_5.bin,sim_out_6.bin,sim_out_7.bin,sim_out_8.bin,sim_out_9.bin,sim_out_10.bin,sim_out_11.bin,sim_out_12.bin,sim_out_13.bin,sim_out_14.bin,sim_out_15.bin,sim_out_16.bin,sim_out_17.bin,sim_out_18.bin,sim_out_19.bin,sim_out_20.bin,sim_out_21.bin,sim_out_22.bin,sim_out_23.bin,sim_out_24.bin,sim_out_25.bin,sim_out_26.bin,sim_out_27.bin,sim_out_28.bin,sim_out_29.bin,sim_out_30.bin,sim_out_31.bin",0.5,,629145.5998535156
cp,0,4096.0,78643.19998168945,32,32,,"[8, 16]",16,2,,ssd-beegfs,32,stage_in-sim,,"sim_out_0.bin,sim_out_1.bin,sim_out_2.bin,sim_out_3.bin,sim_out_4.bin,sim_out_5.bin,sim_out_6.bin,sim_out_7.bin,sim_out_8.bin,sim_out_9.bin,sim_out_10.bin,sim_out_11.bin,sim_out_12.bin,sim_out_13.bin,sim_out_14.bin,sim_out_15.bin,sim_out_16.bin,sim_out_17.bin,sim_out_18.bin,sim_out_19.bin,sim_out_20.bin,sim_out_21.bin,sim_out_22.bin,sim_out_23.bin,sim_out_24.bin,sim_out_25.bin,sim_out_26.bin,sim_out_27.bin,sim_out_28.bin,sim_out_29.bin,sim_out_30.bin,sim_out_31.bin",0.5,,1258291.1997070312
cp,0,4096.0,78643.19998168945,32,32,,"[8, 16]",8,4,,tmpfs-beegfs,32,stage_in-sim,,"sim_out_0.bin,sim_out_1.bin,sim_out_2.bin,sim_out_3.bin,sim_out_4.bin,sim_out_5.bin,sim_out_6.bin,sim_out_7.bin,sim_out_8.bin,sim_out_9.bin,sim_out_10.bin,sim_out_11.bin,sim_out_12.bin,sim_out_13.bin,sim_out_14.bin,sim_out_15.bin,sim_out_16.bin,sim_out_17.bin,sim_out_18.bin,sim_out_19.bin,sim_out_20.bin,sim_out_21.bin,sim_out_22.bin,sim_out_23.bin,sim_out_24.bin,sim_out_25.bin,sim_out_26.bin,sim_out_27.bin,sim_out_28.bin,sim_out_29.bin,sim_out_30.bin,sim_out_31.bin",0.5,,629145.5998535156
cp,0,4096.0,78643.19998168945,32,32,,"[8, 16]",16,2,,tmpfs-beegfs,32,stage_in-sim,,"sim_out_0.bin,sim_out_1.bin,sim_out_2.bin,sim_out_3.bin,sim_out_4.bin,sim_out_5.bin,sim_out_6.bin,sim_out_7.bin,sim_out_8.bin,sim_out_9.bin,sim_out_10.bin,sim_out_11.bin,sim_out_12.bin,sim_out_13.bin,sim_out_14.bin,sim_out_15.bin,sim_out_16.bin,sim_out_17.bin,sim_out_18.bin,sim_out_19.bin,sim_out_20.bin,sim_out_21.bin,sim_out_22.bin,sim_out_23.bin,sim_out_24.bin,sim_out_25.bin,sim_out_26.bin,sim_out_27.bin,sim_out_28.bin,sim_out_29.bin,sim_out_30.bin,sim_out_31.bin",0.5,,1258291.1997070312
write,0,1048576.0,19660.79999923706,16,16,9.83039999961853,"[8, 16]",8,2,2000.0,pfs,19660,sim,sim_0-node0,sim_out_0.bin,1.0,,943718.3999633789
write,0,1048576.0,19660.79999923706,16,16,9.83039999961853,"[8, 16]",8,2,2000.0,pfs,19660,sim,sim_1-node0,sim_out_1.bin,1.0,,943718.3999633789
write,0,1048576.0,19660.79999923706,16,16,9.83039999961853,"[8, 16]",8,2,2000.0,pfs,19660,sim,sim_2-node1,sim_out_2.bin,1.0,,943718.3999633789
write,0,1048576.0,19660.79999923706,16,16,9.83039999961853,"[8, 16]",8,2,2000.0,pfs,19660,sim,sim_3-node1,sim_out_3.bin,1.0,,943718.3999633789
write,0,1048576.0,19660.79999923706,16,16,9.83039999961853,"[8, 16]",8,2,2000.0,pfs,19660,sim,sim_4-node2,sim_out_4.bin,1.0,,943718.3999633789
write,0,1048576.0,19660.79999923706,16,16,9.83039999961853,"[8, 16]",8,2,2000.0,pfs,19660,sim,sim_5-node2,sim_out_5.bin,1.0,,943718.3999633789
write,0,1048576.0,19660.79999923706,16,16,9.83039999961853,"[8, 16]",8,2,2000.0,pfs,19660,sim,sim_6-node3,sim_out_6.bin,1.0,,943718.3999633789
write,0,1048576.0,19660.79999923706,16,16,9.83039999961853,"[8, 16]",8,2,2000.0,pfs,19660,sim,sim_7-node3,sim_out_7.bin,1.0,,943718.3999633789
write,0,1048576.0,19660.79999923706,16,16,9.83039999961853,"[8, 16]",8,2,2000.0,pfs,19660,sim,sim_8-node4,sim_out_8.bin,1.0,,943718.3999633789
write,0,1048576.0,19660.79999923706,16,16,9.83039999961853,"[8, 16]",8,2,2000.0,pfs,19660,sim,sim_9-node4,sim_out_9.bin,1.0,,943718.3999633789
write,0,1048576.0,19660.79999923706,16,16,9.83039999961853,"[8, 16]",8,2,2000.0,pfs,19660,sim,sim_10-node5,sim_out_10.bin,1.0,,943718.3999633789
write,0,1048576.0,19660.79999923706,16,16,9.83039999961853,"[8, 16]",8,2,2000.0,pfs,19660,sim,sim_11-node5,sim_out_11.bin,1.0,,943718.3999633789
write,0,1048576.0,19660.79999923706,16,16,9.83039999961853,"[8, 16]",8,2,2000.0,pfs,19660,sim,sim_12-node6,sim_out_12.bin,1.0,,943718.3999633789
write,0,1048576.0,19660.79999923706,16,16,9.83039999961853,"[8, 16]",8,2,2000.0,pfs,19660,sim,sim_13-node6,sim_out_13.bin,1.0,,943718.3999633789
write,0,1048576.0,19660.79999923706,16,16,9.83039999961853,"[8, 16]",8,2,2000.0,pfs,19660,sim,sim_14-node7,sim_out_14.bin,1.0,,943718.3999633789
write,0,1048576.0,19660.79999923706,16,16,9.83039999961853,"[8, 16]",8,2,2000.0,pfs,19660,sim,sim_15-node7,sim_out_15.bin,1.0,,943718.3999633789
write,0,1048576.0,19660.79999923706,32,32,9.83039999961853,"[8, 16]",16,2,2000.0,pfs,19660,sim,sim_0-node0,sim_out_0.bin,1.0,,943718.3999633789
write,0,1048576.0,19660.79999923706,32,32,9.83039999961853,"[8, 16]",16,2,2000.0,pfs,19660,sim,sim_1-node0,sim_out_1.bin,1.0,,943718.3999633789
write,0,1048576.0,19660.79999923706,32,32,9.83039999961853,"[8, 16]",16,2,2000.0,pfs,19660,sim,sim_2-node1,sim_out_2.bin,1.0,,943718.3999633789
write,0,1048576.0,19660.79999923706,32,32,9.83039999961853,"[8, 16]",16,2,2000.0,pfs,19660,sim,sim_3-node1,sim_out_3.bin,1.0,,943718.3999633789
write,0,1048576.0,19660.79999923706,32,32,9.83039999961853,"[8, 16]",16,2,2000.0,pfs,19660,sim,sim_4-node2,sim_out_4.bin,1.0,,943718.3999633789
write,0,1048576.0,19660.79999923706,32,32,9.83039999961853,"[8, 16]",16,2,2000.0,pfs,19660,sim,sim_5-node2,sim_out_5.bin,1.0,,943718.3999633789
write,0,1048576.0,19660.79999923706,32,32,9.83039999961853,"[8, 16]",16,2,2000.0,pfs,19660,sim,sim_6-node3,sim_out_6.bin,1.0,,943718.3999633789
write,0,1048576.0,19660.79999923706,32,32,9.83039999961853,"[8, 16]",16,2,2000.0,pfs,19660,sim,sim_7-node3,sim_out_7.bin,1.0,,943718.3999633789
write,0,1048576.0,19660.79999923706,32,32,9.83039999961853,"[8, 16]",16,2,2000.0,pfs,19660,sim,sim_8-node4,sim_out_8.bin,1.0,,943718.3999633789
write,0,1048576.0,19660.79999923706,32,32,9.83039999961853,"[8, 16]",16,2,2000.0,pfs,19660,sim,sim_9-node4,sim_out_9.bin,1.0,,943718.3999633789
write,0,1048576.0,19660.79999923706,32,32,9.83039999961853,"[8, 16]",16,2,2000.0,pfs,19660,sim,sim_10-node5,sim_out_10.bin,1.0,,943718.3999633789
write,0,1048576.0,19660.79999923706,32,32,9.83039999961853,"[8, 16]",16,2,2000.0,pfs,19660,sim,sim_11-node5,sim_out_11.bin,1.0,,943718.3999633789
write,0,1048576.0,19660.79999923706,32,32,9.83039999961853,"[8, 16]",16,2,2000.0,pfs,19660,sim,sim_12-node6,sim_out_12.bin,1.0,,943718.3999633789
write,0,1048576.0,19660.79999923706,32,32,9.83039999961853,"[8, 16]",16,2,2000.0,pfs,19660,sim,sim_13-node6,sim_out_13.bin,1.0,,943718.3999633789
write,0,1048576.0,19660.79999923706,32,32,9.83039999961853,"[8, 16]",16,2,2000.0,pfs,19660,sim,sim_14-node7,sim_out_14.bin,1.0,,943718.3999633789
write,0,1048576.0,19660.79999923706,32,32,9.83039999961853,"[8, 16]",16,2,2000.0,pfs,19660,sim,sim_15-node7,sim_out_15.bin,1.0,,943718.3999633789
write,0,1048576.0,19660.79999923706,32,32,9.83039999961853,"[8, 16]",16,2,2000.0,pfs,19660,sim,sim_16-node8,sim_out_16.bin,1.0,,943718.3999633789
write,0,1048576.0,19660.79999923706,32,32,9.83039999961853,"[8, 16]",16,2,2000.0,pfs,19660,sim,sim_17-node8,sim_out_17.bin,1.0,,943718.3999633789
write,0,1048576.0,19660.79999923706,32,32,9.83039999961853,"[8, 16]",16,2,2000.0,pfs,19660,sim,sim_18-node9,sim_out_18.bin,1.0,,943718.3999633789
write,0,1048576.0,19660.79999923706,32,32,9.83039999961853,"[8, 16]",16,2,2000.0,pfs,19660,sim,sim_19-node9,sim_out_19.bin,1.0,,943718.3999633789
write,0,1048576.0,19660.79999923706,32,32,9.83039999961853,"[8, 16]",16,2,2000.0,pfs,19660,sim,sim_20-node10,sim_out_20.bin,1.0,,943718.3999633789
write,0,1048576.0,19660.79999923706,32,32,9.83039999961853,"[8, 16]",16,2,2000.0,pfs,19660,sim,sim_21-node10,sim_out_21.bin,1.0,,943718.3999633789
write,0,1048576.0,19660.79999923706,32,32,9.83039999961853,"[8, 16]",16,2,2000.0,pfs,19660,sim,sim_22-node11,sim_out_22.bin,1.0,,943718.3999633789
write,0,1048576.0,19660.79999923706,32,32,9.83039999961853,"[8, 16]",16,2,2000.0,pfs,19660,sim,sim_23-node11,sim_out_23.bin,1.0,,943718.3999633789
write,0,1048576.0,19660.79999923706,32,32,9.83039999961853,"[8, 16]",16,2,2000.0,pfs,19660,sim,sim_24-node12,sim_out_24.bin,1.0,,943718.3999633789
write,0,1048576.0,19660.79999923706,32,32,9.83039999961853,"[8, 16]",16,2,2000.0,pfs,19660,sim,sim_25-node12,sim_out_25.bin,1.0,,943718.3999633789
write,0,1048576.0,19660.79999923706,32,32,9.83039999961853,"[8, 16]",16,2,2000.0,pfs,19660,sim,sim_26-node13,sim_out_26.bin,1.0,,943718.3999633789
write,0,1048576.0,19660.79999923706,32,32,9.83039999961853,"[8, 16]",16,2,2000.0,pfs,19660,sim,sim_27-node13,sim_out_27.bin,1.0,,943718.3999633789
write,0,1048576.0,19660.79999923706,32,32,9.83039999961853,"[8, 16]",16,2,2000.0,pfs,19660,sim,sim_28-node14,sim_out_28.bin,1.0,,943718.3999633789
write,0,1048576.0,19660.79999923706,32,32,9.83039999961853,"[8, 16]",16,2,2000.0,pfs,19660,sim,sim_29-node14,sim_out_29.bin,1.0,,943718.3999633789
write,0,1048576.0,19660.79999923706,32,32,9.83039999961853,"[8, 16]",16,2,2000.0,pfs,19660,sim,sim_30-node15,sim_out_30.bin,1.0,,943718.3999633789
write,0,1048576.0,19660.79999923706,32,32,9.83039999961853,"[8, 16]",16,2,2000.0,pfs,19660,sim,sim_31-node15,sim_out_31.bin,1.0,,943718.3999633789
none,0,4096.0,147455.99996566772,60,60,0,"[8, 16]",8,8,1.0,beegfs,60,stage_in-analysis,,"sim_out_0.bin,analysis_out_0.bin,sim_out_1.bin,analysis_out_1.bin,sim_out_2.bin,analysis_out_2.bin,sim_out_3.bin,analysis_out_3.bin,sim_out_4.bin,analysis_out_4.bin,sim_out_5.bin,analysis_out_5.bin,sim_out_6.bin,analysis_out_6.bin,sim_out_7.bin,analysis_out_7.bin,sim_out_8.bin,analysis_out_8.bin,sim_out_9.bin,analysis_out_9.bin,sim_out_10.bin,analysis_out_10.bin,sim_out_11.bin,analysis_out_11.bin,sim_out_12.bin,analysis_out_12.bin,sim_out_13.bin,analysis_out_13.bin,sim_out_14.bin,analysis_out_14.bin,sim_out_15.bin,analysis_out_15.bin,sim_out_16.bin,analysis_out_16.bin,sim_out_17.bin,analysis_out_17.bin,sim_out_18.bin,analysis_out_18.bin,sim_out_19.bin,analysis_out_19.bin,sim_out_20.bin,analysis_out_20.bin,sim_out_21.bin,analysis_out_21.bin,sim_out_22.bin,analysis_out_22.bin,sim_out_23.bin,analysis_out_23.bin,sim_out_24.bin,analysis_out_24.bin,sim_out_25.bin,analysis_out_25.bin,sim_out_26.bin,analysis_out_26.bin,sim_out_27.bin,analysis_out_27.bin,sim_out_28.bin,analysis_out_28.bin,sim_out_29.bin,analysis_out_29.bin",1.5,,0
none,0,4096.0,147455.99996566772,60,60,0,"[8, 16]",16,4,1.0,beegfs,60,stage_in-analysis,,"sim_out_0.bin,analysis_out_0.bin,sim_out_1.bin,analysis_out_1.bin,sim_out_2.bin,analysis_out_2.bin,sim_out_3.bin,analysis_out_3.bin,sim_out_4.bin,analysis_out_4.bin,sim_out_5.bin,analysis_out_5.bin,sim_out_6.bin,analysis_out_6.bin,sim_out_7.bin,analysis_out_7.bin,sim_out_8.bin,analysis_out_8.bin,sim_out_9.bin,analysis_out_9.bin,sim_out_10.bin,analysis_out_10.bin,sim_out_11.bin,analysis_out_11.bin,sim_out_12.bin,analysis_out_12.bin,sim_out_13.bin,analysis_out_13.bin,sim_out_14.bin,analysis_out_14.bin,sim_out_15.bin,analysis_out_15.bin,sim_out_16.bin,analysis_out_16.bin,sim_out_17.bin,analysis_out_17.bin,sim_out_18.bin,analysis_out_18.bin,sim_out_19.bin,analysis_out_19.bin,sim_out_20.bin,analysis_out_20.bin,sim_out_21.bin,analysis_out_21.bin,sim_out_22.bin,analysis_out_22.bin,sim_out_23.bin,analysis_out_23.bin,sim_out_24.bin,analysis_out_24.bin,sim_out_25.bin,analysis_out_25.bin,sim_out_26.bin,analysis_out_26.bin,sim_out_27.bin,analysis_out_27.bin,sim_out_28.bin,analysis_out_28.bin,sim_out_29.bin,analysis_out_29.bin",1.5,,0
none,0,4096.0,9830.399997711182,4,4,0,"[8, 16]",8,1,1.0,beegfs,4,stage_in-analysis,,"sim_out_30.bin,analysis_out_30.bin,sim_out_31.bin,analysis_out_31.bin",1.5,,0
none,0,4096.0,9830.399997711182,4,4,0,"[8, 16]",16,1,1.0,beegfs,4,stage_in-analysis,,"sim_out_30.bin,analysis_out_30.bin,sim_out_31.bin,analysis_out_31.bin",1.5,,0
cp,0,4096.0,147455.99996566772,60,60,,"[8, 16]",8,8,,beegfs-ssd,60,stage_in-analysis,,"sim_out_0.bin,analysis_out_0.bin,sim_out_1.bin,analysis_out_1.bin,sim_out_2.bin,analysis_out_2.bin,sim_out_3.bin,analysis_out_3.bin,sim_out_4.bin,analysis_out_4.bin,sim_out_5.bin,analysis_out_5.bin,sim_out_6.bin,analysis_out_6.bin,sim_out_7.bin,analysis_out_7.bin,sim_out_8.bin,analysis_out_8.bin,sim_out_9.bin,analysis_out_9.bin,sim_out_10.bin,analysis_out_10.bin,sim_out_11.bin,analysis_out_11.bin,sim_out_12.bin,analysis_out_12.bin,sim_out_13.bin,analysis_out_13.bin,sim_out_14.bin,analysis_out_14.bin,sim_out_15.bin,analysis_out_15.bin,sim_out_16.bin,analysis_out_16.bin,sim_out_17.bin,analysis_out_17.bin,sim_out_18.bin,analysis_out_18.bin,sim_out_19.bin,analysis_out_19.bin,sim_out_20.bin,analysis_out_20.bin,sim_out_21.bin,analysis_out_21.bin,sim_out_22.bin,analysis_out_22.bin,sim_out_23.bin,analysis_out_23.bin,sim_out_24.bin,analysis_out_24.bin,sim_out_25.bin,analysis_out_25.bin,sim_out_26.bin,analysis_out_26.bin,sim_out_27.bin,analysis_out_27.bin,sim_out_28.bin,analysis_out_28.bin,sim_out_29.bin,analysis_out_29.bin",1.5,sim,1258291.1997070312
cp,0,4096.0,147455.99996566772,60,60,,"[8, 16]",16,4,,beegfs-ssd,60,stage_in-analysis,,"sim_out_0.bin,analysis_out_0.bin,sim_out_1.bin,analysis_out_1.bin,sim_out_2.bin,analysis_out_2.bin,sim_out_3.bin,analysis_out_3.bin,sim_out_4.bin,analysis_out_4.bin,sim_out_5.bin,analysis_out_5.bin,sim_out_6.bin,analysis_out_6.bin,sim_out_7.bin,analysis_out_7.bin,sim_out_8.bin,analysis_out_8.bin,sim_out_9.bin,analysis_out_9.bin,sim_out_10.bin,analysis_out_10.bin,sim_out_11.bin,analysis_out_11.bin,sim_out_12.bin,analysis_out_12.bin,sim_out_13.bin,analysis_out_13.bin,sim_out_14.bin,analysis_out_14.bin,sim_out_15.bin,analysis_out_15.bin,sim_out_16.bin,analysis_out_16.bin,sim_out_17.bin,analysis_out_17.bin,sim_out_18.bin,analysis_out_18.bin,sim_out_19.bin,analysis_out_19.bin,sim_out_20.bin,analysis_out_20.bin,sim_out_21.bin,analysis_out_21.bin,sim_out_22.bin,analysis_out_22.bin,sim_out_23.bin,analysis_out_23.bin,sim_out_24.bin,analysis_out_24.bin,sim_out_25.bin,analysis_out_25.bin,sim_out_26.bin,analysis_out_26.bin,sim_out_27.bin,analysis_out_27.bin,sim_out_28.bin,analysis_out_28.bin,sim_out_29.bin,analysis_out_29.bin",1.5,sim,2516582.3994140625
cp,0,4096.0,9830.399997711182,4,4,,"[8, 16]",8,1,,beegfs-ssd,4,stage_in-analysis,,"sim_out_30.bin,analysis_out_30.bin,sim_out_31.bin,analysis_out_31.bin",1.5,sim,1258291.1997070312
cp,0,4096.0,9830.399997711182,4,4,,"[8, 16]",16,1,,beegfs-ssd,4,stage_in-analysis,,"sim_out_30.bin,analysis_out_30.bin,sim_out_31.bin,analysis_out_31.bin",1.5,sim,2516582.3994140625
cp,0,4096.0,147455.99996566772,60,60,,"[8, 16]",8,8,,beegfs-tmpfs,60,stage_in-analysis,,"sim_out_0.bin,analysis_out_0.bin,sim_out_1.bin,analysis_out_1.bin,sim_out_2.bin,analysis_out_2.bin,sim_out_3.bin,analysis_out_3.bin,sim_out_4.bin,analysis_out_4.bin,sim_out_5.bin,analysis_out_5.bin,sim_out_6.bin,analysis_out_6.bin,sim_out_7.bin,analysis_out_7.bin,sim_out_8.bin,analysis_out_8.bin,sim_out_9.bin,analysis_out_9.bin,sim_out_10.bin,analysis_out_10.bin,sim_out_11.bin,analysis_out_11.bin,sim_out_12.bin,analysis_out_12.bin,sim_out_13.bin,analysis_out_13.bin,sim_out_14.bin,analysis_out_14.bin,sim_out_15.bin,analysis_out_15.bin,sim_out_16.bin,analysis_out_16.bin,sim_out_17.bin,analysis_out_17.bin,sim_out_18.bin,analysis_out_18.bin,sim_out_19.bin,analysis_out_19.bin,sim_out_20.bin,analysis_out_20.bin,sim_out_21.bin,analysis_out_21.bin,sim_out_22.bin,analysis_out_22.bin,sim_out_23.bin,analysis_out_23.bin,sim_out_24.bin,analysis_out_24.bin,sim_out_25.bin,analysis_out_25.bin,sim_out_26.bin,analysis_out_26.bin,sim_out_27.bin,analysis_out_27.bin,sim_out_28.bin,analysis_out_28.bin,sim_out_29.bin,analysis_out_29.bin",1.5,sim,1258291.1997070312
cp,0,4096.0,147455.99996566772,60,60,,"[8, 16]",16,4,,beegfs-tmpfs,60,stage_in-analysis,,"sim_out_0.bin,analysis_out_0.bin,sim_out_1.bin,analysis_out_1.bin,sim_out_2.bin,analysis_out_2.bin,sim_out_3.bin,analysis_out_3.bin,sim_out_4.bin,analysis_out_4.bin,sim_out_5.bin,analysis_out_5.bin,sim_out_6.bin,analysis_out_6.bin,sim_out_7.bin,analysis_out_7.bin,sim_out_8.bin,analysis_out_8.bin,sim_out_9.bin,analysis_out_9.bin,sim_out_10.bin,analysis_out_10.bin,sim_out_11.bin,analysis_out_11.bin,sim_out_12.bin,analysis_out_12.bin,sim_out_13.bin,analysis_out_13.bin,sim_out_14.bin,analysis_out_14.bin,sim_out_15.bin,analysis_out_15.bin,sim_out_16.bin,analysis_out_16.bin,sim_out_17.bin,analysis_out_17.bin,sim_out_18.bin,analysis_out_18.bin,sim_out_19.bin,analysis_out_19.bin,sim_out_20.bin,analysis_out_20.bin,sim_out_21.bin,analysis_out_21.bin,sim_out_22.bin,analysis_out_22.bin,sim_out_23.bin,analysis_out_23.bin,sim_out_24.bin,analysis_out_24.bin,sim_out_25.bin,analysis_out_25.bin,sim_out_26.bin,analysis_out_26.bin,sim_out_27.bin,analysis_out_27.bin,sim_out_28.bin,analysis_out_28.bin,sim_out_29.bin,analysis_out_29.bin",1.5,sim,2516582.3994140625
cp,0,4096.0,9830.399997711182,4,4,,"[8, 16]",8,1,,beegfs-tmpfs,4,stage_in-analysis,,"sim_out_30.bin,analysis_out_30.bin,sim_out_31.bin,analysis_out_31.bin",1.5,sim,1258291.1997070312
cp,0,4096.0,9830.399997711182,4,4,,"[8, 16]",16,1,,beegfs-tmpfs,4,stage_in-analysis,,"sim_out_30.bin,analysis_out_30.bin,sim_out_31.bin,analysis_out_31.bin",1.5,sim,2516582.3994140625
scp,0,4096.0,147455.99996566772,60,60,,"[8, 16]",8,8,,ssd-ssd,60,stage_in-analysis,,"sim_out_0.bin,analysis_out_0.bin,sim_out_1.bin,analysis_out_1.bin,sim_out_2.bin,analysis_out_2.bin,sim_out_3.bin,analysis_out_3.bin,sim_out_4.bin,analysis_out_4.bin,sim_out_5.bin,analysis_out_5.bin,sim_out_6.bin,analysis_out_6.bin,sim_out_7.bin,analysis_out_7.bin,sim_out_8.bin,analysis_out_8.bin,sim_out_9.bin,analysis_out_9.bin,sim_out_10.bin,analysis_out_10.bin,sim_out_11.bin,analysis_out_11.bin,sim_out_12.bin,analysis_out_12.bin,sim_out_13.bin,analysis_out_13.bin,sim_out_14.bin,analysis_out_14.bin,sim_out_15.bin,analysis_out_15.bin,sim_out_16.bin,analysis_out_16.bin,sim_out_17.bin,analysis_out_17.bin,sim_out_18.bin,analysis_out_18.bin,sim_out_19.bin,analysis_out_19.bin,sim_out_20.bin,analysis_out_20.bin,sim_out_21.bin,analysis_out_21.bin,sim_out_22.bin,analysis_out_22.bin,sim_out_23.bin,analysis_out_23.bin,sim_out_24.bin,analysis_out_24.bin,sim_out_25.bin,analysis_out_25.bin,sim_out_26.bin,analysis_out_26.bin,sim_out_27.bin,analysis_out_27.bin,sim_out_28.bin,analysis_out_28.bin,sim_out_29.bin,analysis_out_29.bin",1.5,sim,1258291.1997070312
scp,0,4096.0,147455.99996566772,60,60,,"[8, 16]",16,4,,ssd-ssd,60,stage_in-analysis,,"sim_out_0.bin,analysis_out_0.bin,sim_out_1.bin,analysis_out_1.bin,sim_out_2.bin,analysis_out_2.bin,sim_out_3.bin,analysis_out_3.bin,sim_out_4.bin,analysis_out_4.bin,sim_out_5.bin,analysis_out_5.bin,sim_out_6.bin,analysis_out_6.bin,sim_out_7.bin,analysis_out_7.bin,sim_out_8.bin,analysis_out_8.bin,sim_out_9.bin,analysis_out_9.bin,sim_out_10.bin,analysis_out_10.bin,sim_out_11.bin,analysis_out_11.bin,sim_out_12.bin,analysis_out_12.bin,sim_out_13.bin,analysis_out_13.bin,sim_out_14.bin,analysis_out_14.bin,sim_out_15.bin,analysis_out_15.bin,sim_out_16.bin,analysis_out_16.bin,sim_out_17.bin,analysis_out_17.bin,sim_out_18.bin,analysis_out_18.bin,sim_out_19.bin,analysis_out_19.bin,sim_out_20.bin,analysis_out_20.bin,sim_out_21.bin,analysis_out_21.bin,sim_out_22.bin,analysis_out_22.bin,sim_out_23.bin,analysis_out_23.bin,sim_out_24.bin,analysis_out_24.bin,sim_out_25.bin,analysis_out_25.bin,sim_out_26.bin,analysis_out_26.bin,sim_out_27.bin,analysis_out_27.bin,sim_out_28.bin,analysis_out_28.bin,sim_out_29.bin,analysis_out_29.bin",1.5,sim,2516582.3994140625
scp,0,4096.0,9830.399997711182,4,4,,"[8, 16]",8,1,,ssd-ssd,4,stage_in-analysis,,"sim_out_30.bin,analysis_out_30.bin,sim_out_31.bin,analysis_out_31.bin",1.5,sim,1258291.1997070312
scp,0,4096.0,9830.399997711182,4,4,,"[8, 16]",16,1,,ssd-ssd,4,stage_in-analysis,,"sim_out_30.bin,analysis_out_30.bin,sim_out_31.bin,analysis_out_31.bin",1.5,sim,2516582.3994140625
scp,0,4096.0,147455.99996566772,60,60,,"[8, 16]",8,8,,tmpfs-tmpfs,60,stage_in-analysis,,"sim_out_0.bin,analysis_out_0.bin,sim_out_1.bin,analysis_out_1.bin,sim_out_2.bin,analysis_out_2.bin,sim_out_3.bin,analysis_out_3.bin,sim_out_4.bin,analysis_out_4.bin,sim_out_5.bin,analysis_out_5.bin,sim_out_6.bin,analysis_out_6.bin,sim_out_7.bin,analysis_out_7.bin,sim_out_8.bin,analysis_out_8.bin,sim_out_9.bin,analysis_out_9.bin,sim_out_10.bin,analysis_out_10.bin,sim_out_11.bin,analysis_out_11.bin,sim_out_12.bin,analysis_out_12.bin,sim_out_13.bin,analysis_out_13.bin,sim_out_14.bin,analysis_out_14.bin,sim_out_15.bin,analysis_out_15.bin,sim_out_16.bin,analysis_out_16.bin,sim_out_17.bin,analysis_out_17.bin,sim_out_18.bin,analysis_out_18.bin,sim_out_19.bin,analysis_out_19.bin,sim_out_20.bin,analysis_out_20.bin,sim_out_21.bin,analysis_out_21.bin,sim_out_22.bin,analysis_out_22.bin,sim_out_23.bin,analysis_out_23.bin,sim_out_24.bin,analysis_out_24.bin,sim_out_25.bin,analysis_out_25.bin,sim_out_26.bin,analysis_out_26.bin,sim_out_27.bin,analysis_out_27.bin,sim_out_28.bin,analysis_out_28.bin,sim_out_29.bin,analysis_out_29.bin",1.5,sim,1258291.1997070312
scp,0,4096.0,147455.99996566772,60,60,,"[8, 16]",16,4,,tmpfs-tmpfs,60,stage_in-analysis,,"sim_out_0.bin,analysis_out_0.bin,sim_out_1.bin,analysis_out_1.bin,sim_out_2.bin,analysis_out_2.bin,sim_out_3.bin,analysis_out_3.bin,sim_out_4.bin,analysis_out_4.bin,sim_out_5.bin,analysis_out_5.bin,sim_out_6.bin,analysis_out_6.bin,sim_out_7.bin,analysis_out_7.bin,sim_out_8.bin,analysis_out_8.bin,sim_out_9.bin,analysis_out_9.bin,sim_out_10.bin,analysis_out_10.bin,sim_out_11.bin,analysis_out_11.bin,sim_out_12.bin,analysis_out_12.bin,sim_out_13.bin,analysis_out_13.bin,sim_out_14.bin,analysis_out_14.bin,sim_out_15.bin,analysis_out_15.bin,sim_out_16.bin,analysis_out_16.bin,sim_out_17.bin,analysis_out_17.bin,sim_out_18.bin,analysis_out_18.bin,sim_out_19.bin,analysis_out_19.bin,sim_out_20.bin,analysis_out_20.bin,sim_out_21.bin,analysis_out_21.bin,sim_out_22.bin,analysis_out_22.bin,sim_out_23.bin,analysis_out_23.bin,sim_out_24.bin,analysis_out_24.bin,sim_out_25.bin,analysis_out_25.bin,sim_out_26.bin,analysis_out_26.bin,sim_out_27.bin,analysis_out_27.bin,sim_out_28.bin,analysis_out_28.bin,sim_out_29.bin,analysis_out_29.bin",1.5,sim,2516582.3994140625
scp,0,4096.0,9830.399997711182,4,4,,"[8, 16]",8,1,,tmpfs-tmpfs,4,stage_in-analysis,,"sim_out_30.bin,analysis_out_30.bin,sim_out_31.bin,analysis_out_31.bin",1.5,sim,1258291.1997070312
scp,0,4096.0,9830.399997711182,4,4,,"[8, 16]",16,1,,tmpfs-tmpfs,4,stage_in-analysis,,"sim_out_30.bin,analysis_out_30.bin,sim_out_31.bin,analysis_out_31.bin",1.5,sim,2516582.3994140625
cp,0,4096.0,147455.99996566772,60,60,,"[8, 16]",8,8,,ssd-beegfs,60,stage_in-analysis,,"sim_out_0.bin,analysis_out_0.bin,sim_out_1.bin,analysis_out_1.bin,sim_out_2.bin,analysis_out_2.bin,sim_out_3.bin,analysis_out_3.bin,sim_out_4.bin,analysis_out_4.bin,sim_out_5.bin,analysis_out_5.bin,sim_out_6.bin,analysis_out_6.bin,sim_out_7.bin,analysis_out_7.bin,sim_out_8.bin,analysis_out_8.bin,sim_out_9.bin,analysis_out_9.bin,sim_out_10.bin,analysis_out_10.bin,sim_out_11.bin,analysis_out_11.bin,sim_out_12.bin,analysis_out_12.bin,sim_out_13.bin,analysis_out_13.bin,sim_out_14.bin,analysis_out_14.bin,sim_out_15.bin,analysis_out_15.bin,sim_out_16.bin,analysis_out_16.bin,sim_out_17.bin,analysis_out_17.bin,sim_out_18.bin,analysis_out_18.bin,sim_out_19.bin,analysis_out_19.bin,sim_out_20.bin,analysis_out_20.bin,sim_out_21.bin,analysis_out_21.bin,sim_out_22.bin,analysis_out_22.bin,sim_out_23.bin,analysis_out_23.bin,sim_out_24.bin,analysis_out_24.bin,sim_out_25.bin,analysis_out_25.bin,sim_out_26.bin,analysis_out_26.bin,sim_out_27.bin,analysis_out_27.bin,sim_out_28.bin,analysis_out_28.bin,sim_out_29.bin,analysis_out_29.bin",1.5,sim,1258291.1997070312
cp,0,4096.0,147455.99996566772,60,60,,"[8, 16]",16,4,,ssd-beegfs,60,stage_in-analysis,,"sim_out_0.bin,analysis_out_0.bin,sim_out_1.bin,analysis_out_1.bin,sim_out_2.bin,analysis_out_2.bin,sim_out_3.bin,analysis_out_3.bin,sim_out_4.bin,analysis_out_4.bin,sim_out_5.bin,analysis_out_5.bin,sim_out_6.bin,analysis_out_6.bin,sim_out_7.bin,analysis_out_7.bin,sim_out_8.bin,analysis_out_8.bin,sim_out_9.bin,analysis_out_9.bin,sim_out_10.bin,analysis_out_10.bin,sim_out_11.bin,analysis_out_11.bin,sim_out_12.bin,analysis_out_12.bin,sim_out_13.bin,analysis_out_13.bin,sim_out_14.bin,analysis_out_14.bin,sim_out_15.bin,analysis_out_15.bin,sim_out_16.bin,analysis_out_16.bin,sim_out_17.bin,analysis_out_17.bin,sim_out_18.bin,analysis_out_18.bin,sim_out_19.bin,analysis_out_19.bin,sim_out_20.bin,analysis_out_20.bin,sim_out_21.bin,analysis_out_21.bin,sim_out_22.bin,analysis_out_22.bin,sim_out_23.bin,analysis_out_23.bin,sim_out_24.bin,analysis_out_24.bin,sim_out_25.bin,analysis_out_25.bin,sim_out_26.bin,analysis_out_26.bin,sim_out_27.bin,analysis_out_27.bin,sim_out_28.bin,analysis_out_28.bin,sim_out_29.bin,analysis_out_29.bin",1.5,sim,2516582.3994140625
cp,0,4096.0,9830.399997711182,4,4,,"[8, 16]",8,1,,ssd-beegfs,4,stage_in-analysis,,"sim_out_30.bin,analysis_out_30.bin,sim_out_31.bin,analysis_out_31.bin",1.5,sim,1258291.1997070312
cp,0,4096.0,9830.399997711182,4,4,,"[8, 16]",16,1,,ssd-beegfs,4,stage_in-analysis,,"sim_out_30.bin,analysis_out_30.bin,sim_out_31.bin,analysis_out_31.bin",1.5,sim,2516582.3994140625
cp,0,4096.0,147455.99996566772,60,60,,"[8, 16]",8,8,,tmpfs-beegfs,60,stage_in-analysis,,"sim_out_0.bin,analysis_out_0.bin,sim_out_1.bin,analysis_out_1.bin,sim_out_2.bin,analysis_out_2.bin,sim_out_3.bin,analysis_out_3.bin,sim_out_4.bin,analysis_out_4.bin,sim_out_5.bin,analysis_out_5.bin,sim_out_6.bin,analysis_out_6.bin,sim_out_7.bin,analysis_out_7.bin,sim_out_8.bin,analysis_out_8.bin,sim_out_9.bin,analysis_out_9.bin,sim_out_10.bin,analysis_out_10.bin,sim_out_11.bin,analysis_out_11.bin,sim_out_12.bin,analysis_out_12.bin,sim_out_13.bin,analysis_out_13.bin,sim_out_14.bin,analysis_out_14.bin,sim_out_15.bin,analysis_out_15.bin,sim_out_16.bin,analysis_out_16.bin,sim_out_17.bin,analysis_out_17.bin,sim_out_18.bin,analysis_out_18.bin,sim_out_19.bin,analysis_out_19.bin,sim_out_20.bin,analysis_out_20.bin,sim_out_21.bin,analysis_out_21.bin,sim_out_22.bin,analysis_out_22.bin,sim_out_23.bin,analysis_out_23.bin,sim_out_24.bin,analysis_out_24.bin,sim_out_25.bin,analysis_out_25.bin,sim_out_26.bin,analysis_out_26.bin,sim_out_27.bin,analysis_out_27.bin,sim_out_28.bin,analysis_out_28.bin,sim_out_29.bin,analysis_out_29.bin",1.5,sim,1258291.1997070312
cp,0,4096.0,147455.99996566772,60,60,,"[8, 16]",16,4,,tmpfs-beegfs,60,stage_in-analysis,,"sim_out_0.bin,analysis_out_0.bin,sim_out_1.bin,analysis_out_1.bin,sim_out_2.bin,analysis_out_2.bin,sim_out_3.bin,analysis_out_3.bin,sim_out_4.bin,analysis_out_4.bin,sim_out_5.bin,analysis_out_5.bin,sim_out_6.bin,analysis_out_6.bin,sim_out_7.bin,analysis_out_7.bin,sim_out_8.bin,analysis_out_8.bin,sim_out_9.bin,analysis_out_9.bin,sim_out_10.bin,analysis_out_10.bin,sim_out_11.bin,analysis_out_11.bin,sim_out_12.bin,analysis_out_12.bin,sim_out_13.bin,analysis_out_13.bin,sim_out_14.bin,analysis_out_14.bin,sim_out_15.bin,analysis_out_15.bin,sim_out_16.bin,analysis_out_16.bin,sim_out_17.bin,analysis_out_17.bin,sim_out_18.bin,analysis_out_18.bin,sim_out_19.bin,analysis_out_19.bin,sim_out_20.bin,analysis_out_20.bin,sim_out_21.bin,analysis_out_21.bin,sim_out_22.bin,analysis_out_22.bin,sim_out_23.bin,analysis_out_23.bin,sim_out_24.bin,analysis_out_24.bin,sim_out_25.bin,analysis_out_25.bin,sim_out_26.bin,analysis_out_26.bin,sim_out_27.bin,analysis_out_27.bin,sim_out_28.bin,analysis_out_28.bin,sim_out_29.bin,analysis_out_29.bin",1.5,sim,2516582.3994140625
cp,0,4096.0,9830.399997711182,4,4,,"[8, 16]",8,1,,tmpfs-beegfs,4,stage_in-analysis,,"sim_out_30.bin,analysis_out_30.bin,sim_out_31.bin,analysis_out_31.bin",1.5,sim,1258291.1997070312
cp,0,4096.0,9830.399997711182,4,4,,"[8, 16]",16,1,,tmpfs-beegfs,4,stage_in-analysis,,"sim_out_30.bin,analysis_out_30.bin,sim_out_31.bin,analysis_out_31.bin",1.5,sim,2516582.3994140625
none,0,4096.0,78643.19998168945,32,32,0,"[8, 16]",8,4,1.0,beegfs,32,stage_out-sim,,"sim_out_0.bin,sim_out_1.bin,sim_out_2.bin,sim_out_3.bin,sim_out_4.bin,sim_out_5.bin,sim_out_6.bin,sim_out_7.bin,sim_out_8.bin,sim_out_9.bin,sim_out_10.bin,sim_out_11.bin,sim_out_12.bin,sim_out_13.bin,sim_out_14.bin,sim_out_15.bin,sim_out_16.bin,sim_out_17.bin,sim_out_18.bin,sim_out_19.bin,sim_out_20.bin,sim_out_21.bin,sim_out_22.bin,sim_out_23.bin,sim_out_24.bin,sim_out_25.bin,sim_out_26.bin,sim_out_27.bin,sim_out_28.bin,sim_out_29.bin,sim_out_30.bin,sim_out_31.bin",1.5,sim,0
none,0,4096.0,78643.19998168945,32,32,0,"[8, 16]",16,2,1.0,beegfs,32,stage_out-sim,,"sim_out_0.bin,sim_out_1.bin,sim_out_2.bin,sim_out_3.bin,sim_out_4.bin,sim_out_5.bin,sim_out_6.bin,sim_out_7.bin,sim_out_8.bin,sim_out_9.bin,sim_out_10.bin,sim_out_11.bin,sim_out_12.bin,sim_out_13.bin,sim_out_14.bin,sim_out_15.bin,sim_out_16.bin,sim_out_17.bin,sim_out_18.bin,sim_out_19.bin,sim_out_20.bin,sim_out_21.bin,sim_out_22.bin,sim_out_23.bin,sim_out_24.bin,sim_out_25.bin,sim_out_26.bin,sim_out_27.bin,sim_out_28.bin,sim_out_29.bin,sim_out_30.bin,sim_out_31.bin",1.5,sim,0
cp,0,4096.0,78643.19998168945,32,32,,"[8, 16]",8,4,,beegfs-ssd,32,stage_out-sim,,"sim_out_0.bin,sim_out_1.bin,sim_out_2.bin,sim_out_3.bin,sim_out_4.bin,sim_out_5.bin,sim_out_6.bin,sim_out_7.bin,sim_out_8.bin,sim_out_9.bin,sim_out_10.bin,sim_out_11.bin,sim_out_12.bin,sim_out_13.bin,sim_out_14.bin,sim_out_15.bin,sim_out_16.bin,sim_out_17.bin,sim_out_18.bin,sim_out_19.bin,sim_out_20.bin,sim_out_21.bin,sim_out_22.bin,sim_out_23.bin,sim_out_24.bin,sim_out_25.bin,sim_out_26.bin,sim_out_27.bin,sim_out_28.bin,sim_out_29.bin,sim_out_30.bin,sim_out_31.bin",1.5,sim,629145.5998535156
cp,0,4096.0,78643.19998168945,32,32,,"[8, 16]",16,2,,beegfs-ssd,32,stage_out-sim,,"sim_out_0.bin,sim_out_1.bin,sim_out_2.bin,sim_out_3.bin,sim_out_4.bin,sim_out_5.bin,sim_out_6.bin,sim_out_7.bin,sim_out_8.bin,sim_out_9.bin,sim_out_10.bin,sim_out_11.bin,sim_out_12.bin,sim_out_13.bin,sim_out_14.bin,sim_out_15.bin,sim_out_16.bin,sim_out_17.bin,sim_out_18.bin,sim_out_19.bin,sim_out_20.bin,sim_out_21.bin,sim_out_22.bin,sim_out_23.bin,sim_out_24.bin,sim_out_25.bin,sim_out_26.bin,sim_out_27.bin,sim_out_28.bin,sim_out_29.bin,sim_out_30.bin,sim_out_31.bin",1.5,sim,1258291.1997070312
cp,0,4096.0,78643.19998168945,32,32,,"[8, 16]",8,4,,beegfs-tmpfs,32,stage_out-sim,,"sim_out_0.bin,sim_out_1.bin,sim_out_2.bin,sim_out_3.bin,sim_out_4.bin,sim_out_5.bin,sim_out_6.bin,sim_out_7.bin,sim_out_8.bin,sim_out_9.bin,sim_out_10.bin,sim_out_11.bin,sim_out_12.bin,sim_out_13.bin,sim_out_14.bin,sim_out_15.bin,sim_out_16.bin,sim_out_17.bin,sim_out_18.bin,sim_out_19.bin,sim_out_20.bin,sim_out_21.bin,sim_out_22.bin,sim_out_23.bin,sim_out_24.bin,sim_out_25.bin,sim_out_26.bin,sim_out_27.bin,sim_out_28.bin,sim_out_29.bin,sim_out_30.bin,sim_out_31.bin",1.5,sim,629145.5998535156
cp,0,4096.0,78643.19998168945,32,32,,"[8, 16]",16,2,,beegfs-tmpfs,32,stage_out-sim,,"sim_out_0.bin,sim_out_1.bin,sim_out_2.bin,sim_out_3.bin,sim_out_4.bin,sim_out_5.bin,sim_out_6.bin,sim_out_7.bin,sim_out_8.bin,sim_out_9.bin,sim_out_10.bin,sim_out_11.bin,sim_out_12.bin,sim_out_13.bin,sim_out_14.bin,sim_out_15.bin,sim_out_16.bin,sim_out_17.bin,sim_out_18.bin,sim_out_19.bin,sim_out_20.bin,sim_out_21.bin,sim_out_22.bin,sim_out_23.bin,sim_out_24.bin,sim_out_25.bin,sim_out_26.bin,sim_out_27.bin,sim_out_28.bin,sim_out_29.bin,sim_out_30.bin,sim_out_31.bin",1.5,sim,1258291.1997070312
scp,0,4096.0,78643.19998168945,32,32,,"[8, 16]",8,4,,ssd-ssd,32,stage_out-sim,,"sim_out_0.bin,sim_out_1.bin,sim_out_2.bin,sim_out_3.bin,sim_out_4.bin,sim_out_5.bin,sim_out_6.bin,sim_out_7.bin,sim_out_8.bin,sim_out_9.bin,sim_out_10.bin,sim_out_11.bin,sim_out_12.bin,sim_out_13.bin,sim_out_14.bin,sim_out_15.bin,sim_out_16.bin,sim_out_17.bin,sim_out_18.bin,sim_out_19.bin,sim_out_20.bin,sim_out_21.bin,sim_out_22.bin,sim_out_23.bin,sim_out_24.bin,sim_out_25.bin,sim_out_26.bin,sim_out_27.bin,sim_out_28.bin,sim_out_29.bin,sim_out_30.bin,sim_out_31.bin",1.5,sim,629145.5998535156
scp,0,4096.0,78643.19998168945,32,32,,"[8, 16]",16,2,,ssd-ssd,32,stage_out-sim,,"sim_out_0.bin,sim_out_1.bin,sim_out_2.bin,sim_out_3.bin,sim_out_4.bin,sim_out_5.bin,sim_out_6.bin,sim_out_7.bin,sim_out_8.bin,sim_out_9.bin,sim_out_10.bin,sim_out_11.bin,sim_out_12.bin,sim_out_13.bin,sim_out_14.bin,sim_out_15.bin,sim_out_16.bin,sim_out_17.bin,sim_out_18.bin,sim_out_19.bin,sim_out_20.bin,sim_out_21.bin,sim_out_22.bin,sim_out_23.bin,sim_out_24.bin,sim_out_25.bin,sim_out_26.bin,sim_out_27.bin,sim_out_28.bin,sim_out_29.bin,sim_out_30.bin,sim_out_31.bin",1.5,sim,1258291.1997070312
scp,0,4096.0,78643.19998168945,32,32,,"[8, 16]",8,4,,tmpfs-tmpfs,32,stage_out-sim,,"sim_out_0.bin,sim_out_1.bin,sim_out_2.bin,sim_out_3.bin,sim_out_4.bin,sim_out_5.bin,sim_out_6.bin,sim_out_7.bin,sim_out_8.bin,sim_out_9.bin,sim_out_10.bin,sim_out_11.bin,sim_out_12.bin,sim_out_13.bin,sim_out_14.bin,sim_out_15.bin,sim_out_16.bin,sim_out_17.bin,sim_out_18.bin,sim_out_19.bin,sim_out_20.bin,sim_out_21.bin,sim_out_22.bin,sim_out_23.bin,sim_out_24.bin,sim_out_25.bin,sim_out_26.bin,sim_out_27.bin,sim_out_28.bin,sim_out_29.bin,sim_out_30.bin,sim_out_31.bin",1.5,sim,629145.5998535156
scp,0,4096.0,78643.19998168945,32,32,,"[8, 16]",16,2,,tmpfs-tmpfs,32,stage_out-sim,,"sim_out_0.bin,sim_out_1.bin,sim_out_2.bin,sim_out_3.bin,sim_out_4.bin,sim_out_5.bin,sim_out_6.bin,sim_out_7.bin,sim_out_8.bin,sim_out_9.bin,sim_out_10.bin,sim_out_11.bin,sim_out_12.bin,sim_out_13.bin,sim_out_14.bin,sim_out_15.bin,sim_out_16.bin,sim_out_17.bin,sim_out_18.bin,sim_out_19.bin,sim_out_20.bin,sim_out_21.bin,sim_out_22.bin,sim_out_23.bin,sim_out_24.bin,sim_out_25.bin,sim_out_26.bin,sim_out_27.bin,sim_out_28.bin,sim_out_29.bin,sim_out_30.bin,sim_out_31.bin",1.5,sim,1258291.1997070312
cp,0,4096.0,78643.19998168945,32,32,,"[8, 16]",8,4,,ssd-beegfs,32,stage_out-sim,,"sim_out_0.bin,sim_out_1.bin,sim_out_2.bin,sim_out_3.bin,sim_out_4.bin,sim_out_5.bin,sim_out_6.bin,sim_out_7.bin,sim_out_8.bin,sim_out_9.bin,sim_out_10.bin,sim_out_11.bin,sim_out_12.bin,sim_out_13.bin,sim_out_14.bin,sim_out_15.bin,sim_out_16.bin,sim_out_17.bin,sim_out_18.bin,sim_out_19.bin,sim_out_20.bin,sim_out_21.bin,sim_out_22.bin,sim_out_23.bin,sim_out_24.bin,sim_out_25.bin,sim_out_26.bin,sim_out_27.bin,sim_out_28.bin,sim_out_29.bin,sim_out_30.bin,sim_out_31.bin",1.5,sim,629145.5998535156
cp,0,4096.0,78643.19998168945,32,32,,"[8, 16]",16,2,,ssd-beegfs,32,stage_out-sim,,"sim_out_0.bin,sim_out_1.bin,sim_out_2.bin,sim_out_3.bin,sim_out_4.bin,sim_out_5.bin,sim_out_6.bin,sim_out_7.bin,sim_out_8.bin,sim_out_9.bin,sim_out_10.bin,sim_out_11.bin,sim_out_12.bin,sim_out_13.bin,sim_out_14.bin,sim_out_15.bin,sim_out_16.bin,sim_out_17.bin,sim_out_18.bin,sim_out_19.bin,sim_out_20.bin,sim_out_21.bin,sim_out_22.bin,sim_out_23.bin,sim_out_24.bin,sim_out_25.bin,sim_out_26.bin,sim_out_27.bin,sim_out_28.bin,sim_out_29.bin,sim_out_30.bin,sim_out_31.bin",1.5,sim,1258291.1997070312
cp,0,4096.0,78643.19998168945,32,32,,"[8, 16]",8,4,,tmpfs-beegfs,32,stage_out-sim,,"sim_out_0.bin,sim_out_1.bin,sim_out_2.bin,sim_out_3.bin,sim_out_4.bin,sim_out_5.bin,sim_out_6.bin,sim_out_7.bin,sim_out_8.bin,sim_out_9.bin,sim_out_10.bin,sim_out_11.bin,sim_out_12.bin,sim_out_13.bin,sim_out_14.bin,sim_out_15.bin,sim_out_16.bin,sim_out_17.bin,sim_out_18.bin,sim_out_19.bin,sim_out_20.bin,sim_out_21.bin,sim_out_22.bin,sim_out_23.bin,sim_out_24.bin,sim_out_25.bin,sim_out_26.bin,sim_out_27.bin,sim_out_28.bin,sim_out_29.bin,sim_out_30.bin,sim_out_31.bin",1.5,sim,629145.5998535156
cp,0,4096.0,78643.19998168945,32,32,,"[8, 16]",16,2,,tmpfs-beegfs,32,stage_out-sim,,"sim_out_0.bin,sim_out_1.bin,sim_out_2.bin,sim_out_3.bin,sim_out_4.bin,sim_out_5.bin,sim_out_6.bin,sim_out_7.bin,sim_out_8.bin,sim_out_9.bin,sim_out_10.bin,sim_out_11.bin,sim_out_12.bin,sim_out_13.bin,sim_out_14.bin,sim_out_15.bin,sim_out_16.bin,sim_out_17.bin,sim_out_18.bin,sim_out_19.bin,sim_out_20.bin,sim_out_21.bin,sim_out_22.bin,sim_out_23.bin,sim_out_24.bin,sim_out_25.bin,sim_out_26.bin,sim_out_27.bin,sim_out_28.bin,sim_out_29.bin,sim_out_30.bin,sim_out_31.bin",1.5,sim,1258291.1997070312
cp,0,4096.0,78643.19998168945,32,32,,"[8, 16]",8,4,,beegfs-ssd,32,stage_out-sim,,"sim_out_0.bin,sim_out_1.bin,sim_out_2.bin,sim_out_3.bin,sim_out_4.bin,sim_out_5.bin,sim_out_6.bin,sim_out_7.bin,sim_out_8.bin,sim_out_9.bin,sim_out_10.bin,sim_out_11.bin,sim_out_12.bin,sim_out_13.bin,sim_out_14.bin,sim_out_15.bin,sim_out_16.bin,sim_out_17.bin,sim_out_18.bin,sim_out_19.bin,sim_out_20.bin,sim_out_21.bin,sim_out_22.bin,sim_out_23.bin,sim_out_24.bin,sim_out_25.bin,sim_out_26.bin,sim_out_27.bin,sim_out_28.bin,sim_out_29.bin,sim_out_30.bin,sim_out_31.bin",1.5,sim,629145.5998535156
cp,0,4096.0,78643.19998168945,32,32,,"[8, 16]",16,2,,beegfs-ssd,32,stage_out-sim,,"sim_out_0.bin,sim_out_1.bin,sim_out_2.bin,sim_out_3.bin,sim_out_4.bin,sim_out_5.bin,sim_out_6.bin,sim_out_7.bin,sim_out_8.bin,sim_out_9.bin,sim_out_10.bin,sim_out_11.bin,sim_out_12.bin,sim_out_13.bin,sim_out_14.bin,sim_out_15.bin,sim_out_16.bin,sim_out_17.bin,sim_out_18.bin,sim_out_19.bin,sim_out_20.bin,sim_out_21.bin,sim_out_22.bin,sim_out_23.bin,sim_out_24.bin,sim_out_25.bin,sim_out_26.bin,sim_out_27.bin,sim_out_28.bin,sim_out_29.bin,sim_out_30.bin,sim_out_31.bin",1.5,sim,1258291.1997070312
cp,0,4096.0,78643.19998168945,32,32,,"[8, 16]",8,4,,beegfs-tmpfs,32,stage_out-sim,,"sim_out_0.bin,sim_out_1.bin,sim_out_2.bin,sim_out_3.bin,sim_out_4.bin,sim_out_5.bin,sim_out_6.bin,sim_out_7.bin,sim_out_8.bin,sim_out_9.bin,sim_out_10.bin,sim_out_11.bin,sim_out_12.bin,sim_out_13.bin,sim_out_14.bin,sim_out_15.bin,sim_out_16.bin,sim_out_17.bin,sim_out_18.bin,sim_out_19.bin,sim_out_20.bin,sim_out_21.bin,sim_out_22.bin,sim_out_23.bin,sim_out_24.bin,sim_out_25.bin,sim_out_26.bin,sim_out_27.bin,sim_out_28.bin,sim_out_29.bin,sim_out_30.bin,sim_out_31.bin",1.5,sim,629145.5998535156
cp,0,4096.0,78643.19998168945,32,32,,"[8, 16]",16,2,,beegfs-tmpfs,32,stage_out-sim,,"sim_out_0.bin,sim_out_1.bin,sim_out_2.bin,sim_out_3.bin,sim_out_4.bin,sim_out_5.bin,sim_out_6.bin,sim_out_7.bin,sim_out_8.bin,sim_out_9.bin,sim_out_10.bin,sim_out_11.bin,sim_out_12.bin,sim_out_13.bin,sim_out_14.bin,sim_out_15.bin,sim_out_16.bin,sim_out_17.bin,sim_out_18.bin,sim_out_19.bin,sim_out_20.bin,sim_out_21.bin,sim_out_22.bin,sim_out_23.bin,sim_out_24.bin,sim_out_25.bin,sim_out_26.bin,sim_out_27.bin,sim_out_28.bin,sim_out_29.bin,sim_out_30.bin,sim_out_31.bin",1.5,sim,1258291.1997070312
scp,0,4096.0,78643.19998168945,32,32,,"[8, 16]",8,4,,ssd-ssd,32,stage_out-sim,,"sim_out_0.bin,sim_out_1.bin,sim_out_2.bin,sim_out_3.bin,sim_out_4.bin,sim_out_5.bin,sim_out_6.bin,sim_out_7.bin,sim_out_8.bin,sim_out_9.bin,sim_out_10.bin,sim_out_11.bin,sim_out_12.bin,sim_out_13.bin,sim_out_14.bin,sim_out_15.bin,sim_out_16.bin,sim_out_17.bin,sim_out_18.bin,sim_out_19.bin,sim_out_20.bin,sim_out_21.bin,sim_out_22.bin,sim_out_23.bin,sim_out_24.bin,sim_out_25.bin,sim_out_26.bin,sim_out_27.bin,sim_out_28.bin,sim_out_29.bin,sim_out_30.bin,sim_out_31.bin",1.5,sim,629145.5998535156
scp,0,4096.0,78643.19998168945,32,32,,"[8, 16]",16,2,,ssd-ssd,32,stage_out-sim,,"sim_out_0.bin,sim_out_1.bin,sim_out_2.bin,sim_out_3.bin,sim_out_4.bin,sim_out_5.bin,sim_out_6.bin,sim_out_7.bin,sim_out_8.bin,sim_out_9.bin,sim_out_10.bin,sim_out_11.bin,sim_out_12.bin,sim_out_13.bin,sim_out_14.bin,sim_out_15.bin,sim_out_16.bin,sim_out_17.bin,sim_out_18.bin,sim_out_19.bin,sim_out_20.bin,sim_out_21.bin,sim_out_22.bin,sim_out_23.bin,sim_out_24.bin,sim_out_25.bin,sim_out_26.bin,sim_out_27.bin,sim_out_28.bin,sim_out_29.bin,sim_out_30.bin,sim_out_31.bin",1.5,sim,1258291.1997070312
scp,0,4096.0,78643.19998168945,32,32,,"[8, 16]",8,4,,tmpfs-tmpfs,32,stage_out-sim,,"sim_out_0.bin,sim_out_1.bin,sim_out_2.bin,sim_out_3.bin,sim_out_4.bin,sim_out_5.bin,sim_out_6.bin,sim_out_7.bin,sim_out_8.bin,sim_out_9.bin,sim_out_10.bin,sim_out_11.bin,sim_out_12.bin,sim_out_13.bin,sim_out_14.bin,sim_out_15.bin,sim_out_16.bin,sim_out_17.bin,sim_out_18.bin,sim_out_19.bin,sim_out_20.bin,sim_out_21.bin,sim_out_22.bin,sim_out_23.bin,sim_out_24.bin,sim_out_25.bin,sim_out_26.bin,sim_out_27.bin,sim_out_28.bin,sim_out_29.bin,sim_out_30.bin,sim_out_31.bin",1.5,sim,629145.5998535156
scp,0,4096.0,78643.19998168945,32,32,,"[8, 16]",16,2,,tmpfs-tmpfs,32,stage_out-sim,,"sim_out_0.bin,sim_out_1.bin,sim_out_2.bin,sim_out_3.bin,sim_out_4.bin,sim_out_5.bin,sim_out_6.bin,sim_out_7.bin,sim_out_8.bin,sim_out_9.bin,sim_out_10.bin,sim_out_11.bin,sim_out_12.bin,sim_out_13.bin,sim_out_14.bin,sim_out_15.bin,sim_out_16.bin,sim_out_17.bin,sim_out_18.bin,sim_out_19.bin,sim_out_20.bin,sim_out_21.bin,sim_out_22.bin,sim_out_23.bin,sim_out_24.bin,sim_out_25.bin,sim_out_26.bin,sim_out_27.bin,sim_out_28.bin,sim_out_29.bin,sim_out_30.bin,sim_out_31.bin",1.5,sim,1258291.1997070312
cp,0,4096.0,78643.19998168945,32,32,,"[8, 16]",8,4,,ssd-beegfs,32,stage_out-sim,,"sim_out_0.bin,sim_out_1.bin,sim_out_2.bin,sim_out_3.bin,sim_out_4.bin,sim_out_5.bin,sim_out_6.bin,sim_out_7.bin,sim_out_8.bin,sim_out_9.bin,sim_out_10.bin,sim_out_11.bin,sim_out_12.bin,sim_out_13.bin,sim_out_14.bin,sim_out_15.bin,sim_out_16.bin,sim_out_17.bin,sim_out_18.bin,sim_out_19.bin,sim_out_20.bin,sim_out_21.bin,sim_out_22.bin,sim_out_23.bin,sim_out_24.bin,sim_out_25.bin,sim_out_26.bin,sim_out_27.bin,sim_out_28.bin,sim_out_29.bin,sim_out_30.bin,sim_out_31.bin",1.5,sim,629145.5998535156
cp,0,4096.0,78643.19998168945,32,32,,"[8, 16]",16,2,,ssd-beegfs,32,stage_out-sim,,"sim_out_0.bin,sim_out_1.bin,sim_out_2.bin,sim_out_3.bin,sim_out_4.bin,sim_out_5.bin,sim_out_6.bin,sim_out_7.bin,sim_out_8.bin,sim_out_9.bin,sim_out_10.bin,sim_out_11.bin,sim_out_12.bin,sim_out_13.bin,sim_out_14.bin,sim_out_15.bin,sim_out_16.bin,sim_out_17.bin,sim_out_18.bin,sim_out_19.bin,sim_out_20.bin,sim_out_21.bin,sim_out_22.bin,sim_out_23.bin,sim_out_24.bin,sim_out_25.bin,sim_out_26.bin,sim_out_27.bin,sim_out_28.bin,sim_out_29.bin,sim_out_30.bin,sim_out_31.bin",1.5,sim,1258291.1997070312
cp,0,4096.0,78643.19998168945,32,32,,"[8, 16]",8,4,,tmpfs-beegfs,32,stage_out-sim,,"sim_out_0.bin,sim_out_1.bin,sim_out_2.bin,sim_out_3.bin,sim_out_4.bin,sim_out_5.bin,sim_out_6.bin,sim_out_7.bin,sim_out_8.bin,sim_out_9.bin,sim_out_10.bin,sim_out_11.bin,sim_out_12.bin,sim_out_13.bin,sim_out_14.bin,sim_out_15.bin,sim_out_16.bin,sim_out_17.bin,sim_out_18.bin,sim_out_19.bin,sim_out_20.bin,sim_out_21.bin,sim_out_22.bin,sim_out_23.bin,sim_out_24.bin,sim_out_25.bin,sim_out_26.bin,sim_out_27.bin,sim_out_28.bin,sim_out_29.bin,sim_out_30.bin,sim_out_31.bin",1.5,sim,629145.5998535156
cp,0,4096.0,78643.19998168945,32,32,,"[8, 16]",16,2,,tmpfs-beegfs,32,stage_out-sim,,"sim_out_0.bin,sim_out_1.bin,sim_out_2.bin,sim_out_3.bin,sim_out_4.bin,sim_out_5.bin,sim_out_6.bin,sim_out_7.bin,sim_out_8.bin,sim_out_9.bin,sim_out_10.bin,sim_out_11.bin,sim_out_12.bin,sim_out_13.bin,sim_out_14.bin,sim_out_15.bin,sim_out_16.bin,sim_out_17.bin,sim_out_18.bin,sim_out_19.bin,sim_out_20.bin,sim_out_21.bin,sim_out_22.bin,sim_out_23.bin,sim_out_24.bin,sim_out_25.bin,sim_out_26.bin,sim_out_27.bin,sim_out_28.bin,sim_out_29.bin,sim_out_30.bin,sim_out_31.bin",1.5,sim,1258291.1997070312
read,0,1048576.0,2457.5999994277954,16,16,1.2287999997138976,"[8, 16]",8,2,2000.0,pfs,2457,analysis,analysis_0-node0,sim_out_0.bin,2.0,sim,117964.79997253418
write,0,1048576.0,2457.5999994277954,16,16,1.2287999997138976,"[8, 16]",8,2,2000.0,pfs,2457,analysis,analysis_0-node0,analysis_out_0.bin,2.0,sim,117964.79997253418
read,0,1048576.0,2457.5999994277954,16,16,1.2287999997138976,"[8, 16]",8,2,2000.0,pfs,2457,analysis,analysis_1-node0,sim_out_1.bin,2.0,sim,117964.79997253418
write,0,1048576.0,2457.5999994277954,16,16,1.2287999997138976,"[8, 16]",8,2,2000.0,pfs,2457,analysis,analysis_1-node0,analysis_out_1.bin,2.0,sim,117964.79997253418
read,0,1048576.0,2457.5999994277954,16,16,1.2287999997138976,"[8, 16]",8,2,2000.0,pfs,2457,analysis,analysis_2-node1,sim_out_2.bin,2.0,sim,117964.79997253418
write,0,1048576.0,2457.5999994277954,16,16,1.2287999997138976,"[8, 16]",8,2,2000.0,pfs,2457,analysis,analysis_2-node1,analysis_out_2.bin,2.0,sim,117964.79997253418
read,0,1048576.0,2457.5999994277954,16,16,1.2287999997138976,"[8, 16]",8,2,2000.0,pfs,2457,analysis,analysis_3-node1,sim_out_3.bin,2.0,sim,117964.79997253418
write,0,1048576.0,2457.5999994277954,16,16,1.2287999997138976,"[8, 16]",8,2,2000.0,pfs,2457,analysis,analysis_3-node1,analysis_out_3.bin,2.0,sim,117964.79997253418
read,0,1048576.0,2457.5999994277954,16,16,1.2287999997138976,"[8, 16]",8,2,2000.0,pfs,2457,analysis,analysis_4-node2,sim_out_4.bin,2.0,sim,117964.79997253418
write,0,1048576.0,2457.5999994277954,16,16,1.2287999997138976,"[8, 16]",8,2,2000.0,pfs,2457,analysis,analysis_4-node2,analysis_out_4.bin,2.0,sim,117964.79997253418
read,0,1048576.0,2457.5999994277954,16,16,1.2287999997138976,"[8, 16]",8,2,2000.0,pfs,2457,analysis,analysis_5-node2,sim_out_5.bin,2.0,sim,117964.79997253418
write,0,1048576.0,2457.5999994277954,16,16,1.2287999997138976,"[8, 16]",8,2,2000.0,pfs,2457,analysis,analysis_5-node2,analysis_out_5.bin,2.0,sim,117964.79997253418
read,0,1048576.0,2457.5999994277954,16,16,1.2287999997138976,"[8, 16]",8,2,2000.0,pfs,2457,analysis,analysis_6-node3,sim_out_6.bin,2.0,sim,117964.79997253418
write,0,1048576.0,2457.5999994277954,16,16,1.2287999997138976,"[8, 16]",8,2,2000.0,pfs,2457,analysis,analysis_6-node3,analysis_out_6.bin,2.0,sim,117964.79997253418
read,0,1048576.0,2457.5999994277954,16,16,1.2287999997138976,"[8, 16]",8,2,2000.0,pfs,2457,analysis,analysis_7-node3,sim_out_7.bin,2.0,sim,117964.79997253418
write,0,1048576.0,2457.5999994277954,16,16,1.2287999997138976,"[8, 16]",8,2,2000.0,pfs,2457,analysis,analysis_7-node3,analysis_out_7.bin,2.0,sim,117964.79997253418
read,0,1048576.0,2457.5999994277954,16,16,1.2287999997138976,"[8, 16]",8,2,2000.0,pfs,2457,analysis,analysis_8-node4,sim_out_8.bin,2.0,sim,117964.79997253418
write,0,1048576.0,2457.5999994277954,16,16,1.2287999997138976,"[8, 16]",8,2,2000.0,pfs,2457,analysis,analysis_8-node4,analysis_out_8.bin,2.0,sim,117964.79997253418
read,0,1048576.0,2457.5999994277954,16,16,1.2287999997138976,"[8, 16]",8,2,2000.0,pfs,2457,analysis,analysis_9-node4,sim_out_9.bin,2.0,sim,117964.79997253418
write,0,1048576.0,2457.5999994277954,16,16,1.2287999997138976,"[8, 16]",8,2,2000.0,pfs,2457,analysis,analysis_9-node4,analysis_out_9.bin,2.0,sim,117964.79997253418
read,0,1048576.0,2457.5999994277954,16,16,1.2287999997138976,"[8, 16]",8,2,2000.0,pfs,2457,analysis,analysis_10-node5,sim_out_10.bin,2.0,sim,117964.79997253418
write,0,1048576.0,2457.5999994277954,16,16,1.2287999997138976,"[8, 16]",8,2,2000.0,pfs,2457,analysis,analysis_10-node5,analysis_out_10.bin,2.0,sim,117964.79997253418
read,0,1048576.0,2457.5999994277954,16,16,1.2287999997138976,"[8, 16]",8,2,2000.0,pfs,2457,analysis,analysis_11-node5,sim_out_11.bin,2.0,sim,117964.79997253418
write,0,1048576.0,2457.5999994277954,16,16,1.2287999997138976,"[8, 16]",8,2,2000.0,pfs,2457,analysis,analysis_11-node5,analysis_out_11.bin,2.0,sim,117964.79997253418
read,0,1048576.0,2457.5999994277954,16,16,1.2287999997138976,"[8, 16]",8,2,2000.0,pfs,2457,analysis,analysis_12-node6,sim_out_12.bin,2.0,sim,117964.79997253418
write,0,1048576.0,2457.5999994277954,16,16,1.2287999997138976,"[8, 16]",8,2,2000.0,pfs,2457,analysis,analysis_12-node6,analysis_out_12.bin,2.0,sim,117964.79997253418
read,0,1048576.0,2457.5999994277954,16,16,1.2287999997138976,"[8, 16]",8,2,2000.0,pfs,2457,analysis,analysis_13-node6,sim_out_13.bin,2.0,sim,117964.79997253418
write,0,1048576.0,2457.5999994277954,16,16,1.2287999997138976,"[8, 16]",8,2,2000.0,pfs,2457,analysis,analysis_13-node6,analysis_out_13.bin,2.0,sim,117964.79997253418
read,0,1048576.0,2457.5999994277954,16,16,1.2287999997138976,"[8, 16]",8,2,2000.0,pfs,2457,analysis,analysis_14-node7,sim_out_14.bin,2.0,sim,117964.79997253418
write,0,1048576.0,2457.5999994277954,16,16,1.2287999997138976,"[8, 16]",8,2,2000.0,pfs,2457,analysis,analysis_14-node7,analysis_out_14.bin,2.0,sim,117964.79997253418
read,0,1048576.0,2457.5999994277954,16,16,1.2287999997138976,"[8, 16]",8,2,2000.0,pfs,2457,analysis,analysis_15-node7,sim_out_15.bin,2.0,sim,117964.79997253418
write,0,1048576.0,2457.5999994277954,16,16,1.2287999997138976,"[8, 16]",8,2,2000.0,pfs,2457,analysis,analysis_15-node7,analysis_out_15.bin,2.0,sim,117964.79997253418
read,0,1048576.0,2457.5999994277954,32,32,1.2287999997138976,"[8, 16]",16,2,2000.0,pfs,2457,analysis,analysis_0-node0,sim_out_0.bin,2.0,sim,117964.79997253418
write,0,1048576.0,2457.5999994277954,32,32,1.2287999997138976,"[8, 16]",16,2,2000.0,pfs,2457,analysis,analysis_0-node0,analysis_out_0.bin,2.0,sim,117964.79997253418
read,0,1048576.0,2457.5999994277954,32,32,1.2287999997138976,"[8, 16]",16,2,2000.0,pfs,2457,analysis,analysis_1-node0,sim_out_1.bin,2.0,sim,117964.79997253418
write,0,1048576.0,2457.5999994277954,32,32,1.2287999997138976,"[8, 16]",16,2,2000.0,pfs,2457,analysis,analysis_1-node0,analysis_out_1.bin,2.0,sim,117964.79997253418
read,0,1048576.0,2457.5999994277954,32,32,1.2287999997138976,"[8, 16]",16,2,2000.0,pfs,2457,analysis,analysis_2-node1,sim_out_2.bin,2.0,sim,117964.79997253418
write,0,1048576.0,2457.5999994277954,32,32,1.2287999997138976,"[8, 16]",16,2,2000.0,pfs,2457,analysis,analysis_2-node1,analysis_out_2.bin,2.0,sim,117964.79997253418
read,0,1048576.0,2457.5999994277954,32,32,1.2287999997138976,"[8, 16]",16,2,2000.0,pfs,2457,analysis,analysis_3-node1,sim_out_3.bin,2.0,sim,117964.79997253418
write,0,1048576.0,2457.5999994277954,32,32,1.2287999997138976,"[8, 16]",16,2,2000.0,pfs,2457,analysis,analysis_3-node1,analysis_out_3.bin,2.0,sim,117964.79997253418
read,0,1048576.0,2457.5999994277954,32,32,1.2287999997138976,"[8, 16]",16,2,2000.0,pfs,2457,analysis,analysis_4-node2,sim_out_4.bin,2.0,sim,117964.79997253418
write,0,1048576.0,2457.5999994277954,32,32,1.2287999997138976,"[8, 16]",16,2,2000.0,pfs,2457,analysis,analysis_4-node2,analysis_out_4.bin,2.0,sim,117964.79997253418
read,0,1048576.0,2457.5999994277954,32,32,1.2287999997138976,"[8, 16]",16,2,2000.0,pfs,2457,analysis,analysis_5-node2,sim_out_5.bin,2.0,sim,117964.79997253418
write,0,1048576.0,2457.5999994277954,32,32,1.2287999997138976,"[8, 16]",16,2,2000.0,pfs,2457,analysis,analysis_5-node2,analysis_out_5.bin,2.0,sim,117964.79997253418
read,0,1048576.0,2457.5999994277954,32,32,1.2287999997138976,"[8, 16]",16,2,2000.0,pfs,2457,analysis,analysis_6-node3,sim_out_6.bin,2.0,sim,117964.79997253418
write,0,1048576.0,2457.5999994277954,32,32,1.2287999997138976,"[8, 16]",16,2,2000.0,pfs,2457,analysis,analysis_6-node3,analysis_out_6.bin,2.0,sim,117964.79997253418
read,0,1048576.0,2457.5999994277954,32,32,1.2287999997138976,"[8, 16]",16,2,2000.0,pfs,2457,analysis,analysis_7-node3,sim_out_7.bin,2.0,sim,117964.79997253418
write,0,1048576.0,2457.5999994277954,32,32,1.2287999997138976,"[8, 16]",16,2,2000.0,pfs,2457,analysis,analysis_7-node3,analysis_out_7.bin,2.0,sim,117964.79997253418
read,0,1048576.0,2457.5999994277954,32,32,1.2287999997138976,"[8, 16]",16,2,2000.0,pfs,2457,analysis,analysis_8-node4,sim_out_8.bin,2.0,sim,117964.79997253418
write,0,1048576.0,2457.5999994277954,32,32,1.2287999997138976,"[8, 16]",16,2,2000.0,pfs,2457,analysis,analysis_8-node4,analysis_out_8.bin,2.0,sim,117964.79997253418
read,0,1048576.0,2457.5999994277954,32,32,1.2287999997138976,"[8, 16]",16,2,2000.0,pfs,2457,analysis,analysis_9-node4,sim_out_9.bin,2.0,sim,117964.79997253418
write,0,1048576.0,2457.5999994277954,32,32,1.2287999997138976,"[8, 16]",16,2,2000.0,pfs,2457,analysis,analysis_9-node4,analysis_out_9.bin,2.0,sim,117964.79997253418
read,0,1048576.0,2457.5999994277954,32,32,1.2287999997138976,"[8, 16]",16,2,2000.0,pfs,2457,analysis,analysis_10-node5,sim_out_10.bin,2.0,sim,117964.79997253418
write,0,1048576.0,2457.5999994277954,32,32,1.2287999997138976,"[8, 16]",16,2,2000.0,pfs,2457,analysis,analysis_10-node5,analysis_out_10.bin,2.0,sim,117964.79997253418
read,0,1048576.0,2457.5999994277954,32,32,1.2287999997138976,"[8, 16]",16,2,2000.0,pfs,2457,analysis,analysis_11-node5,sim_out_11.bin,2.0,sim,117964.79997253418
write,0,1048576.0,2457.5999994277954,32,32,1.2287999997138976,"[8, 16]",16,2,2000.0,pfs,2457,analysis,analysis_11-node5,analysis_out_11.bin,2.0,sim,117964.79997253418
read,0,1048576.0,2457.5999994277954,32,32,1.2287999997138976,"[8, 16]",16,2,2000.0,pfs,2457,analysis,analysis_12-node6,sim_out_12.bin,2.0,sim,117964.79997253418
write,0,1048576.0,2457.5999994277954,32,32,1.2287999997138976,"[8, 16]",16,2,2000.0,pfs,2457,analysis,analysis_12-node6,analysis_out_12.bin,2.0,sim,117964.79997253418
read,0,1048576.0,2457.5999994277954,32,32,1.2287999997138976,"[8, 16]",16,2,2000.0,pfs,2457,analysis,analysis_13-node6,sim_out_13.bin,2.0,sim,117964.79997253418
write,0,1048576.0,2457.5999994277954,32,32,1.2287999997138976,"[8, 16]",16,2,2000.0,pfs,2457,analysis,analysis_13-node6,analysis_out_13.bin,2.0,sim,117964.79997253418
read,0,1048576.0,2457.5999994277954,32,32,1.2287999997138976,"[8, 16]",16,2,2000.0,pfs,2457,analysis,analysis_14-node7,sim_out_14.bin,2.0,sim,117964.79997253418
write,0,1048576.0,2457.5999994277954,32,32,1.2287999997138976,"[8, 16]",16,2,2000.0,pfs,2457,analysis,analysis_14-node7,analysis_out_14.bin,2.0,sim,117964.79997253418
read,0,1048576.0,2457.5999994277954,32,32,1.2287999997138976,"[8, 16]",16,2,2000.0,pfs,2457,analysis,analysis_15-node7,sim_out_15.bin,2.0,sim,117964.79997253418
write,0,1048576.0,2457.5999994277954,32,32,1.2287999997138976,"[8, 16]",16,2,2000.0,pfs,2457,analysis,analysis_15-node7,analysis_out_15.bin,2.0,sim,117964.79997253418
read,0,1048576.0,2457.5999994277954,32,32,1.2287999997138976,"[8, 16]",16,2,2000.0,pfs,2457,analysis,analysis_16-node8,sim_out_16.bin,2.0,sim,117964.79997253418
write,0,1048576.0,2457.5999994277954,32,32,1.2287999997138976,"[8, 16]",16,2,2000.0,pfs,2457,analysis,analysis_16-node8,analysis_out_16.bin,2.0,sim,117964.79997253418
read,0,1048576.0,2457.5999994277954,32,32,1.2287999997138976,"[8, 16]",16,2,2000.0,pfs,2457,analysis,analysis_17-node8,sim_out_17.bin,2.0,sim,117964.79997253418
write,0,1048576.0,2457.5999994277954,32,32,1.2287999997138976,"[8, 16]",16,2,2000.0,pfs,2457,analysis,analysis_17-node8,analysis_out_17.bin,2.0,sim,117964.79997253418
read,0,1048576.0,2457.5999994277954,32,32,1.2287999997138976,"[8, 16]",16,2,2000.0,pfs,2457,analysis,analysis_18-node9,sim_out_18.bin,2.0,sim,117964.79997253418
write,0,1048576.0,2457.5999994277954,32,32,1.2287999997138976,"[8, 16]",16,2,2000.0,pfs,2457,analysis,analysis_18-node9,analysis_out_18.bin,2.0,sim,117964.79997253418
read,0,1048576.0,2457.5999994277954,32,32,1.2287999997138976,"[8, 16]",16,2,2000.0,pfs,2457,analysis,analysis_19-node9,sim_out_19.bin,2.0,sim,117964.79997253418
write,0,1048576.0,2457.5999994277954,32,32,1.2287999997138976,"[8, 16]",16,2,2000.0,pfs,2457,analysis,analysis_19-node9,analysis_out_19.bin,2.0,sim,117964.79997253418
read,0,1048576.0,2457.5999994277954,32,32,1.2287999997138976,"[8, 16]",16,2,2000.0,pfs,2457,analysis,analysis_20-node10,sim_out_20.bin,2.0,sim,117964.79997253418
write,0,1048576.0,2457.5999994277954,32,32,1.2287999997138976,"[8, 16]",16,2,2000.0,pfs,2457,analysis,analysis_20-node10,analysis_out_20.bin,2.0,sim,117964.79997253418
read,0,1048576.0,2457.5999994277954,32,32,1.2287999997138976,"[8, 16]",16,2,2000.0,pfs,2457,analysis,analysis_21-node10,sim_out_21.bin,2.0,sim,117964.79997253418
write,0,1048576.0,2457.5999994277954,32,32,1.2287999997138976,"[8, 16]",16,2,2000.0,pfs,2457,analysis,analysis_21-node10,analysis_out_21.bin,2.0,sim,117964.79997253418
read,0,1048576.0,2457.5999994277954,32,32,1.2287999997138976,"[8, 16]",16,2,2000.0,pfs,2457,analysis,analysis_22-node11,sim_out_22.bin,2.0,sim,117964.79997253418
write,0,1048576.0,2457.5999994277954,32,32,1.2287999997138976,"[8, 16]",16,2,2000.0,pfs,2457,analysis,analysis_22-node11,analysis_out_22.bin,2.0,sim,117964.79997253418
read,0,1048576.0,2457.5999994277954,32,32,1.2287999997138976,"[8, 16]",16,2,2000.0,pfs,2457,analysis,analysis_23-node11,sim_out_23.bin,2.0,sim,117964.79997253418
write,0,1048576.0,2457.5999994277954,32,32,1.2287999997138976,"[8, 16]",16,2,2000.0,pfs,2457,analysis,analysis_23-node11,analysis_out_23.bin,2.0,sim,117964.79997253418
read,0,1048576.0,2457.5999994277954,32,32,1.2287999997138976,"[8, 16]",16,2,2000.0,pfs,2457,analysis,analysis_24-node12,sim_out_24.bin,2.0,sim,117964.79997253418
write,0,1048576.0,2457.5999994277954,32,32,1.2287999997138976,"[8, 16]",16,2,2000.0,pfs,2457,analysis,analysis_24-node12,analysis_out_24.bin,2.0,sim,117964.79997253418
read,0,1048576.0,2457.5999994277954,32,32,1.2287999997138976,"[8, 16]",16,2,2000.0,pfs,2457,analysis,analysis_25-node12,sim_out_25.bin,2.0,sim,117964.79997253418
write,0,1048576.0,2457.5999994277954,32,32,1.2287999997138976,"[8, 16]",16,2,2000.0,pfs,2457,analysis,analysis_25-node12,analysis_out_25.bin,2.0,sim,117964.79997253418
read,0,1048576.0,2457.5999994277954,32,32,1.2287999997138976,"[8, 16]",16,2,2000.0,pfs,2457,analysis,analysis_26-node13,sim_out_26.bin,2.0,sim,117964.79997253418
write,0,1048576.0,2457.5999994277954,32,32,1.2287999997138976,"[8, 16]",16,2,2000.0,pfs,2457,analysis,analysis_26-node13,analysis_out_26.bin,2.0,sim,117964.79997253418
read,0,1048576.0,2457.5999994277954,32,32,1.2287999997138976,"[8, 16]",16,2,2000.0,pfs,2457,analysis,analysis_27-node13,sim_out_27.bin,2.0,sim,117964.79997253418
write,0,1048576.0,2457.5999994277954,32,32,1.2287999997138976,"[8, 16]",16,2,2000.0,pfs,2457,analysis,analysis_27-node13,analysis_out_27.bin,2.0,sim,117964.79997253418
read,0,1048576.0,2457.5999994277954,32,32,1.2287999997138976,"[8, 16]",16,2,2000.0,pfs,2457,analysis,analysis_28-node14,sim_out_28.bin,2.0,sim,117964.79997253418
write,0,1048576.0,2457.5999994277954,32,32,1.2287999997138976,"[8, 16]",16,2,2000.0,pfs,2457,analysis,analysis_28-node14,analysis_out_28.bin,2.0,sim,117964.79997253418
read,0,1048576.0,2457.5999994277954,32,32,1.2287999997138976,"[8, 16]",16,2,2000.0,pfs,2457,analysis,analysis_29-node14,sim_out_29.bin,2.0,sim,117964.79997253418
write,0,1048576.0,2457.5999994277954,32,32,1.2287999997138976,"[8, 16]",16,2,2000.0,pfs,2457,analysis,analysis_29-node14,analysis_out_29.bin,2.0,sim,117964.79997253418
read,0,1048576.0,2457.5999994277954,32,32,1.2287999997138976,"[8, 16]",16,2,2000.0,pfs,2457,analysis,analysis_30-node15,sim_out_30.bin,2.0,sim,117964.79997253418
write,0,1048576.0,2457.5999994277954,32,32,1.2287999997138976,"[8, 16]",16,2,2000.0,pfs,2457,analysis,analysis_30-node15,analysis_out_30.bin,2.0,sim,117964.79997253418
read,0,1048576.0,2457.5999994277954,32,32,1.2287999997138976,"[8, 16]",16,2,2000.0,pfs,2457,analysis,analysis_31-node15,sim_out_31.bin,2.0,sim,117964.79997253418
write,0,1048576.0,2457.5999994277954,32,32,1.2287999997138976,"[8, 16]",16,2,2000.0,pfs,2457,analysis,analysis_31-node15,analysis_out_31.bin,2.0,sim,117964.79997253418
none,0,4096.0,78743.19998168945,33,33,0,"[8, 16]",8,5,1.0,beegfs,33,stage_in-aggregate,,"analysis_out_0.bin,analysis_out_1.bin,analysis_out_2.bin,analysis_out_3.bin,analysis_out_4.bin,analysis_out_5.bin,analysis_out_6.bin,analysis_out_7.bin,analysis_out_8.bin,analysis_out_9.bin,analysis_out_10.bin,analysis_out_11.bin,analysis_out_12.bin,analysis_out_13.bin,analysis_out_14.bin,analysis_out_15.bin,aggregate_out.bin,analysis_out_16.bin,analysis_out_17.bin,analysis_out_18.bin,analysis_out_19.bin,analysis_out_20.bin,analysis_out_21.bin,analysis_out_22.bin,analysis_out_23.bin,analysis_out_24.bin,analysis_out_25.bin,analysis_out_26.bin,analysis_out_27.bin,analysis_out_28.bin,analysis_out_29.bin,analysis_out_30.bin,analysis_out_31.bin",2.5,,0
none,0,4096.0,78743.19998168945,33,33,0,"[8, 16]",16,3,1.0,beegfs,33,stage_in-aggregate,,"analysis_out_0.bin,analysis_out_1.bin,analysis_out_2.bin,analysis_out_3.bin,analysis_out_4.bin,analysis_out_5.bin,analysis_out_6.bin,analysis_out_7.bin,analysis_out_8.bin,analysis_out_9.bin,analysis_out_10.bin,analysis_out_11.bin,analysis_out_12.bin,analysis_out_13.bin,analysis_out_14.bin,analysis_out_15.bin,aggregate_out.bin,analysis_out_16.bin,analysis_out_17.bin,analysis_out_18.bin,analysis_out_19.bin,analysis_out_20.bin,analysis_out_21.bin,analysis_out_22.bin,analysis_out_23.bin,analysis_out_24.bin,analysis_out_25.bin,analysis_out_26.bin,analysis_out_27.bin,analysis_out_28.bin,analysis_out_29.bin,analysis_out_30.bin,analysis_out_31.bin",2.5,,0
cp,0,4096.0,78743.19998168945,33,33,,"[8, 16]",8,5,,beegfs-ssd,33,stage_in-aggregate,,"analysis_out_0.bin,analysis_out_1.bin,analysis_out_2.bin,analysis_out_3.bin,analysis_out_4.bin,analysis_out_5.bin,analysis_out_6.bin,analysis_out_7.bin,analysis_out_8.bin,analysis_out_9.bin,analysis_out_10.bin,analysis_out_11.bin,analysis_out_12.bin,analysis_out_13.bin,analysis_out_14.bin,analysis_out_15.bin,aggregate_out.bin,analysis_out_16.bin,analysis_out_17.bin,analysis_out_18.bin,analysis_out_19.bin,analysis_out_20.bin,analysis_out_21.bin,analysis_out_22.bin,analysis_out_23.bin,analysis_out_24.bin,analysis_out_25.bin,analysis_out_26.bin,analysis_out_27.bin,analysis_out_28.bin,analysis_out_29.bin,analysis_out_30.bin,analysis_out_31.bin",2.5,analysis,629945.5998535156
cp,0,4096.0,78743.19998168945,33,33,,"[8, 16]",16,3,,beegfs-ssd,33,stage_in-aggregate,,"analysis_out_0.bin,analysis_out_1.bin,analysis_out_2.bin,analysis_out_3.bin,analysis_out_4.bin,analysis_out_5.bin,analysis_out_6.bin,analysis_out_7.bin,analysis_out_8.bin,analysis_out_9.bin,analysis_out_10.bin,analysis_out_11.bin,analysis_out_12.bin,analysis_out_13.bin,analysis_out_14.bin,analysis_out_15.bin,aggregate_out.bin,analysis_out_16.bin,analysis_out_17.bin,analysis_out_18.bin,analysis_out_19.bin,analysis_out_20.bin,analysis_out_21.bin,analysis_out_22.bin,analysis_out_23.bin,analysis_out_24.bin,analysis_out_25.bin,analysis_out_26.bin,analysis_out_27.bin,analysis_out_28.bin,analysis_out_29.bin,analysis_out_30.bin,analysis_out_31.bin",2.5,analysis,1259891.1997070312
cp,0,4096.0,78743.19998168945,33,33,,"[8, 16]",8,5,,beegfs-tmpfs,33,stage_in-aggregate,,"analysis_out_0.bin,analysis_out_1.bin,analysis_out_2.bin,analysis_out_3.bin,analysis_out_4.bin,analysis_out_5.bin,analysis_out_6.bin,analysis_out_7.bin,analysis_out_8.bin,analysis_out_9.bin,analysis_out_10.bin,analysis_out_11.bin,analysis_out_12.bin,analysis_out_13.bin,analysis_out_14.bin,analysis_out_15.bin,aggregate_out.bin,analysis_out_16.bin,analysis_out_17.bin,analysis_out_18.bin,analysis_out_19.bin,analysis_out_20.bin,analysis_out_21.bin,analysis_out_22.bin,analysis_out_23.bin,analysis_out_24.bin,analysis_out_25.bin,analysis_out_26.bin,analysis_out_27.bin,analysis_out_28.bin,analysis_out_29.bin,analysis_out_30.bin,analysis_out_31.bin",2.5,analysis,629945.5998535156
cp,0,4096.0,78743.19998168945,33,33,,"[8, 16]",16,3,,beegfs-tmpfs,33,stage_in-aggregate,,"analysis_out_0.bin,analysis_out_1.bin,analysis_out_2.bin,analysis_out_3.bin,analysis_out_4.bin,analysis_out_5.bin,analysis_out_6.bin,analysis_out_7.bin,analysis_out_8.bin,analysis_out_9.bin,analysis_out_10.bin,analysis_out_11.bin,analysis_out_12.bin,analysis_out_13.bin,analysis_out_14.bin,analysis_out_15.bin,aggregate_out.bin,analysis_out_16.bin,analysis_out_17.bin,analysis_out_18.bin,analysis_out_19.bin,analysis_out_20.bin,analysis_out_21.bin,analysis_out_22.bin,analysis_out_23.bin,analysis_out_24.bin,analysis_out_25.bin,analysis_out_26.bin,analysis_out_27.bin,analysis_out_28.bin,analysis_out_29.bin,analysis_out_30.bin,analysis_out_31.bin",2.5,analysis,1259891.1997070312
scp,0,4096.0,78743.19998168945,33,33,,"[8, 16]",8,5,,ssd-ssd,33,stage_in-aggregate,,"analysis_out_0.bin,analysis_out_1.bin,analysis_out_2.bin,analysis_out_3.bin,analysis_out_4.bin,analysis_out_5.bin,analysis_out_6.bin,analysis_out_7.bin,analysis_out_8.bin,analysis_out_9.bin,analysis_out_10.bin,analysis_out_11.bin,analysis_out_12.bin,analysis_out_13.bin,analysis_out_14.bin,analysis_out_15.bin,aggregate_out.bin,analysis_out_16.bin,analysis_out_17.bin,analysis_out_18.bin,analysis_out_19.bin,analysis_out_20.bin,analysis_out_21.bin,analysis_out_22.bin,analysis_out_23.bin,analysis_out_24.bin,analysis_out_25.bin,analysis_out_26.bin,analysis_out_27.bin,analysis_out_28.bin,analysis_out_29.bin,analysis_out_30.bin,analysis_out_31.bin",2.5,analysis,629945.5998535156
scp,0,4096.0,78743.19998168945,33,33,,"[8, 16]",16,3,,ssd-ssd,33,stage_in-aggregate,,"analysis_out_0.bin,analysis_out_1.bin,analysis_out_2.bin,analysis_out_3.bin,analysis_out_4.bin,analysis_out_5.bin,analysis_out_6.bin,analysis_out_7.bin,analysis_out_8.bin,analysis_out_9.bin,analysis_out_10.bin,analysis_out_11.bin,analysis_out_12.bin,analysis_out_13.bin,analysis_out_14.bin,analysis_out_15.bin,aggregate_out.bin,analysis_out_16.bin,analysis_out_17.bin,analysis_out_18.bin,analysis_out_19.bin,analysis_out_20.bin,analysis_out_21.bin,analysis_out_22.bin,analysis_out_23.bin,analysis_out_24.bin,analysis_out_25.bin,analysis_out_26.bin,analysis_out_27.bin,analysis_out_28.bin,analysis_out_29.bin,analysis_out_30.bin,analysis_out_31.bin",2.5,analysis,1259891.1997070312
scp,0,4096.0,78743.19998168945,33,33,,"[8, 16]",8,5,,tmpfs-tmpfs,33,stage_in-aggregate,,"analysis_out_0.bin,analysis_out_1.bin,analysis_out_2.bin,analysis_out_3.bin,analysis_out_4.bin,analysis_out_5.bin,analysis_out_6.bin,analysis_out_7.bin,analysis_out_8.bin,analysis_out_9.bin,analysis_out_10.bin,analysis_out_11.bin,analysis_out_12.bin,analysis_out_13.bin,analysis_out_14.bin,analysis_out_15.bin,aggregate_out.bin,analysis_out_16.bin,analysis_out_17.bin,analysis_out_18.bin,analysis_out_19.bin,analysis_out_20.bin,analysis_out_21.bin,analysis_out_22.bin,analysis_out_23.bin,analysis_out_24.bin,analysis_out_25.bin,analysis_out_26.bin,analysis_out_27.bin,analysis_out_28.bin,analysis_out_29.bin,analysis_out_30.bin,analysis_out_31.bin",2.5,analysis,629945.5998535156
scp,0,4096.0,78743.19998168945,33,33,,"[8, 16]",16,3,,tmpfs-tmpfs,33,stage_in-aggregate,,"analysis_out_0.bin,analysis_out_1.bin,analysis_out_2.bin,analysis_out_3.bin,analysis_out_4.bin,analysis_out_5.bin,analysis_out_6.bin,analysis_out_7.bin,analysis_out_8.bin,analysis_out_9.bin,analysis_out_10.bin,analysis_out_11.bin,analysis_out_12.bin,analysis_out_13.bin,analysis_out_14.bin,analysis_out_15.bin,aggregate_out.bin,analysis_out_16.bin,analysis_out_17.bin,analysis_out_18.bin,analysis_out_19.bin,analysis_out_20.bin,analysis_out_21.bin,analysis_out_22.bin,analysis_out_23.bin,analysis_out_24.bin,analysis_out_25.bin,analysis_out_26.bin,analysis_out_27.bin,analysis_out_28.bin,analysis_out_29.bin,analysis_out_30.bin,analysis_out_31.bin",2.5,analysis,1259891.1997070312
cp,0,4096.0,78743.19998168945,33,33,,"[8, 16]",8,5,,ssd-beegfs,33,stage_in-aggregate,,"analysis_out_0.bin,analysis_out_1.bin,analysis_out_2.bin,analysis_out_3.bin,analysis_out_4.bin,analysis_out_5.bin,analysis_out_6.bin,analysis_out_7.bin,analysis_out_8.bin,analysis_out_9.bin,analysis_out_10.bin,analysis_out_11.bin,analysis_out_12.bin,analysis_out_13.bin,analysis_out_14.bin,analysis_out_15.bin,aggregate_out.bin,analysis_out_16.bin,analysis_out_17.bin,analysis_out_18.bin,analysis_out_19.bin,analysis_out_20.bin,analysis_out_21.bin,analysis_out_22.bin,analysis_out_23.bin,analysis_out_24.bin,analysis_out_25.bin,analysis_out_26.bin,analysis_out_27.bin,analysis_out_28.bin,analysis_out_29.bin,analysis_out_30.bin,analysis_out_31.bin",2.5,analysis,629945.5998535156
cp,0,4096.0,78743.19998168945,33,33,,"[8, 16]",16,3,,ssd-beegfs,33,stage_in-aggregate,,"analysis_out_0.bin,analysis_out_1.bin,analysis_out_2.bin,analysis_out_3.bin,analysis_out_4.bin,analysis_out_5.bin,analysis_out_6.bin,analysis_out_7.bin,analysis_out_8.bin,analysis_out_9.bin,analysis_out_10.bin,analysis_out_11.bin,analysis_out_12.bin,analysis_out_13.bin,analysis_out_14.bin,analysis_out_15.bin,aggregate_out.bin,analysis_out_16.bin,analysis_out_17.bin,analysis_out_18.bin,analysis_out_19.bin,analysis_out_20.bin,analysis_out_21.bin,analysis_out_22.bin,analysis_out_23.bin,analysis_out_24.bin,analysis_out_25.bin,analysis_out_26.bin,analysis_out_27.bin,analysis_out_28.bin,analysis_out_29.bin,analysis_out_30.bin,analysis_out_31.bin",2.5,analysis,1259891.1997070312
cp,0,4096.0,78743.19998168945,33,33,,"[8, 16]",8,5,,tmpfs-beegfs,33,stage_in-aggregate,,"analysis_out_0.bin,analysis_out_1.bin,analysis_out_2.bin,analysis_out_3.bin,analysis_out_4.bin,analysis_out_5.bin,analysis_out_6.bin,analysis_out_7.bin,analysis_out_8.bin,analysis_out_9.bin,analysis_out_10.bin,analysis_out_11.bin,analysis_out_12.bin,analysis_out_13.bin,analysis_out_14.bin,analysis_out_15.bin,aggregate_out.bin,analysis_out_16.bin,analysis_out_17.bin,analysis_out_18.bin,analysis_out_19.bin,analysis_out_20.bin,analysis_out_21.bin,analysis_out_22.bin,analysis_out_23.bin,analysis_out_24.bin,analysis_out_25.bin,analysis_out_26.bin,analysis_out_27.bin,analysis_out_28.bin,analysis_out_29.bin,analysis_out_30.bin,analysis_out_31.bin",2.5,analysis,629945.5998535156
cp,0,4096.0,78743.19998168945,33,33,,"[8, 16]",16,3,,tmpfs-beegfs,33,stage_in-aggregate,,"analysis_out_0.bin,analysis_out_1.bin,analysis_out_2.bin,analysis_out_3.bin,analysis_out_4.bin,analysis_out_5.bin,analysis_out_6.bin,analysis_out_7.bin,analysis_out_8.bin,analysis_out_9.bin,analysis_out_10.bin,analysis_out_11.bin,analysis_out_12.bin,analysis_out_13.bin,analysis_out_14.bin,analysis_out_15.bin,aggregate_out.bin,analysis_out_16.bin,analysis_out_17.bin,analysis_out_18.bin,analysis_out_19.bin,analysis_out_20.bin,analysis_out_21.bin,analysis_out_22.bin,analysis_out_23.bin,analysis_out_24.bin,analysis_out_25.bin,analysis_out_26.bin,analysis_out_27.bin,analysis_out_28.bin,analysis_out_29.bin,analysis_out_30.bin,analysis_out_31.bin",2.5,analysis,1259891.1997070312
none,0,4096.0,147455.99996566772,60,60,0,"[8, 16]",8,8,1.0,beegfs,60,stage_out-analysis,,"sim_out_0.bin,analysis_out_0.bin,sim_out_1.bin,analysis_out_1.bin,sim_out_2.bin,analysis_out_2.bin,sim_out_3.bin,analysis_out_3.bin,sim_out_4.bin,analysis_out_4.bin,sim_out_5.bin,analysis_out_5.bin,sim_out_6.bin,analysis_out_6.bin,sim_out_7.bin,analysis_out_7.bin,sim_out_8.bin,analysis_out_8.bin,sim_out_9.bin,analysis_out_9.bin,sim_out_10.bin,analysis_out_10.bin,sim_out_11.bin,analysis_out_11.bin,sim_out_12.bin,analysis_out_12.bin,sim_out_13.bin,analysis_out_13.bin,sim_out_14.bin,analysis_out_14.bin,sim_out_15.bin,analysis_out_15.bin,sim_out_16.bin,analysis_out_16.bin,sim_out_17.bin,analysis_out_17.bin,sim_out_18.bin,analysis_out_18.bin,sim_out_19.bin,analysis_out_19.bin,sim_out_20.bin,analysis_out_20.bin,sim_out_21.bin,analysis_out_21.bin,sim_out_22.bin,analysis_out_22.bin,sim_out_23.bin,analysis_out_23.bin,sim_out_24.bin,analysis_out_24.bin,sim_out_25.bin,analysis_out_25.bin,sim_out_26.bin,analysis_out_26.bin,sim_out_27.bin,analysis_out_27.bin,sim_out_28.bin,analysis_out_28.bin,sim_out_29.bin,analysis_out_29.bin",2.5,analysis,0
none,0,4096.0,147455.99996566772,60,60,0,"[8, 16]",16,4,1.0,beegfs,60,stage_out-analysis,,"sim_out_0.bin,analysis_out_0.bin,sim_out_1.bin,analysis_out_1.bin,sim_out_2.bin,analysis_out_2.bin,sim_out_3.bin,analysis_out_3.bin,sim_out_4.bin,analysis_out_4.bin,sim_out_5.bin,analysis_out_5.bin,sim_out_6.bin,analysis_out_6.bin,sim_out_7.bin,analysis_out_7.bin,sim_out_8.bin,analysis_out_8.bin,sim_out_9.bin,analysis_out_9.bin,sim_out_10.bin,analysis_out_10.bin,sim_out_11.bin,analysis_out_11.bin,sim_out_12.bin,analysis_out_12.bin,sim_out_13.bin,analysis_out_13.bin,sim_out_14.bin,analysis_out_14.bin,sim_out_15.bin,analysis_out_15.bin,sim_out_16.bin,analysis_out_16.bin,sim_out_17.bin,analysis_out_17.bin,sim_out_18.bin,analysis_out_18.bin,sim_out_19.bin,analysis_out_19.bin,sim_out_20.bin,analysis_out_20.bin,sim_out_21.bin,analysis_out_21.bin,sim_out_22.bin,analysis_out_22.bin,sim_out_23.bin,analysis_out_23.bin,sim_out_24.bin,analysis_out_24.bin,sim_out_25.bin,analysis_out_25.bin,sim_out_26.bin,analysis_out_26.bin,sim_out_27.bin,analysis_out_27.bin,sim_out_28.bin,analysis_out_28.bin,sim_out_29.bin,analysis_out_29.bin",2.5,analysis,0
none,0,4096.0,9830.399997711182,4,4,0,"[8, 16]",8,1,1.0,beegfs,4,stage_out-analysis,,"sim_out_30.bin,analysis_out_30.bin,sim_out_31.bin,analysis_out_31.bin",2.5,analysis,0
none,0,4096.0,9830.399997711182,4,4,0,"[8, 16]",16,1,1.0,beegfs,4,stage_out-analysis,,"sim_out_30.bin,analysis_out_30.bin,sim_out_31.bin,analysis_out_31.bin",2.5,analysis,0
cp,0,4096.0,147455.99996566772,60,60,,"[8, 16]",8,8,,beegfs-ssd,60,stage_out-analysis,,"sim_out_0.bin,analysis_out_0.bin,sim_out_1.bin,analysis_out_1.bin,sim_out_2.bin,analysis_out_2.bin,sim_out_3.bin,analysis_out_3.bin,sim_out_4.bin,analysis_out_4.bin,sim_out_5.bin,analysis_out_5.bin,sim_out_6.bin,analysis_out_6.bin,sim_out_7.bin,analysis_out_7.bin,sim_out_8.bin,analysis_out_8.bin,sim_out_9.bin,analysis_out_9.bin,sim_out_10.bin,analysis_out_10.bin,sim_out_11.bin,analysis_out_11.bin,sim_out_12.bin,analysis_out_12.bin,sim_out_13.bin,analysis_out_13.bin,sim_out_14.bin,analysis_out_14.bin,sim_out_15.bin,analysis_out_15.bin,sim_out_16.bin,analysis_out_16.bin,sim_out_17.bin,analysis_out_17.bin,sim_out_18.bin,analysis_out_18.bin,sim_out_19.bin,analysis_out_19.bin,sim_out_20.bin,analysis_out_20.bin,sim_out_21.bin,analysis_out_21.bin,sim_out_22.bin,analysis_out_22.bin,sim_out_23.bin,analysis_out_23.bin,sim_out_24.bin,analysis_out_24.bin,sim_out_25.bin,analysis_out_25.bin,sim_out_26.bin,analysis_out_26.bin,sim_out_27.bin,analysis_out_27.bin,sim_out_28.bin,analysis_out_28.bin,sim_out_29.bin,analysis_out_29.bin",2.5,analysis,1258291.1997070312
cp,0,4096.0,147455.99996566772,60,60,,"[8, 16]",16,4,,beegfs-ssd,60,stage_out-analysis,,"sim_out_0.bin,analysis_out_0.bin,sim_out_1.bin,analysis_out_1.bin,sim_out_2.bin,analysis_out_2.bin,sim_out_3.bin,analysis_out_3.bin,sim_out_4.bin,analysis_out_4.bin,sim_out_5.bin,analysis_out_5.bin,sim_out_6.bin,analysis_out_6.bin,sim_out_7.bin,analysis_out_7.bin,sim_out_8.bin,analysis_out_8.bin,sim_out_9.bin,analysis_out_9.bin,sim_out_10.bin,analysis_out_10.bin,sim_out_11.bin,analysis_out_11.bin,sim_out_12.bin,analysis_out_12.bin,sim_out_13.bin,analysis_out_13.bin,sim_out_14.bin,analysis_out_14.bin,sim_out_15.bin,analysis_out_15.bin,sim_out_16.bin,analysis_out_16.bin,sim_out_17.bin,analysis_out_17.bin,sim_out_18.bin,analysis_out_18.bin,sim_out_19.bin,analysis_out_19.bin,sim_out_20.bin,analysis_out_20.bin,sim_out_21.bin,analysis_out_21.bin,sim_out_22.bin,analysis_out_22.bin,sim_out_23.bin,analysis_out_23.bin,sim_out_24.bin,analysis_out_24.bin,sim_out_25.bin,analysis_out_25.bin,sim_out_26.bin,analysis_out_26.bin,sim_out_27.bin,analysis_out_27.bin,sim_out_28.bin,analysis_out_28.bin,sim_out_29.bin,analysis_out_29.bin",2.5,analysis,2516582.3994140625
cp,0,4096.0,9830.399997711182,4,4,,"[8, 16]",8,1,,beegfs-ssd,4,stage_out-analysis,,"sim_out_30.bin,analysis_out_30.bin,sim_out_31.bin,analysis_out_31.bin",2.5,analysis,1258291.1997070312
cp,0,4096.0,9830.399997711182,4,4,,"[8, 16]",16,1,,beegfs-ssd,4,stage_out-analysis,,"sim_out_30.bin,analysis_out_30.bin,sim_out_31.bin,analysis_out_31.bin",2.5,analysis,2516582.3994140625
cp,0,4096.0,147455.99996566772,60,60,,"[8, 16]",8,8,,beegfs-tmpfs,60,stage_out-analysis,,"sim_out_0.bin,analysis_out_0.bin,sim_out_1.bin,analysis_out_1.bin,sim_out_2.bin,analysis_out_2.bin,sim_out_3.bin,analysis_out_3.bin,sim_out_4.bin,analysis_out_4.bin,sim_out_5.bin,analysis_out_5.bin,sim_out_6.bin,analysis_out_6.bin,sim_out_7.bin,analysis_out_7.bin,sim_out_8.bin,analysis_out_8.bin,sim_out_9.bin,analysis_out_9.bin,sim_out_10.bin,analysis_out_10.bin,sim_out_11.bin,analysis_out_11.bin,sim_out_12.bin,analysis_out_12.bin,sim_out_13.bin,analysis_out_13.bin,sim_out_14.bin,analysis_out_14.bin,sim_out_15.bin,analysis_out_15.bin,sim_out_16.bin,analysis_out_16.bin,sim_out_17.bin,analysis_out_17.bin,sim_out_18.bin,analysis_out_18.bin,sim_out_19.bin,analysis_out_19.bin,sim_out_20.bin,analysis_out_20.bin,sim_out_21.bin,analysis_out_21.bin,sim_out_22.bin,analysis_out_22.bin,sim_out_23.bin,analysis_out_23.bin,sim_out_24.bin,analysis_out_24.bin,sim_out_25.bin,analysis_out_25.bin,sim_out_26.bin,analysis_out_26.bin,sim_out_27.bin,analysis_out_27.bin,sim_out_28.bin,analysis_out_28.bin,sim_out_29.bin,analysis_out_29.bin",2.5,analysis,1258291.1997070312
cp,0,4096.0,147455.99996566772,60,60,,"[8, 16]",16,4,,beegfs-tmpfs,60,stage_out-analysis,,"sim_out_0.bin,analysis_out_0.bin,sim_out_1.bin,analysis_out_1.bin,sim_out_2.bin,analysis_out_2.bin,sim_out_3.bin,analysis_out_3.bin,sim_out_4.bin,analysis_out_4.bin,sim_out_5.bin,analysis_out_5.bin,sim_out_6.bin,analysis_out_6.bin,sim_out_7.bin,analysis_out_7.bin,sim_out_8.bin,analysis_out_8.bin,sim_out_9.bin,analysis_out_9.bin,sim_out_10.bin,analysis_out_10.bin,sim_out_11.bin,analysis_out_11.bin,sim_out_12.bin,analysis_out_12.bin,sim_out_13.bin,analysis_out_13.bin,sim_out_14.bin,analysis_out_14.bin,sim_out_15.bin,analysis_out_15.bin,sim_out_16.bin,analysis_out_16.bin,sim_out_17.bin,analysis_out_17.bin,sim_out_18.bin,analysis_out_18.bin,sim_out_19.bin,analysis_out_19.bin,sim_out_20.bin,analysis_out_20.bin,sim_out_21.bin,analysis_out_21.bin,sim_out_22.bin,analysis_out_22.bin,sim_out_23.bin,analysis_out_23.bin,sim_out_24.bin,analysis_out_24.bin,sim_out_25.bin,analysis_out_25.bin,sim_out_26.bin,analysis_out_26.bin,sim_out_27.bin,analysis_out_27.bin,sim_out_28.bin,analysis_out_28.bin,sim_out_29.bin,analysis_out_29.bin",2.5,analysis,2516582.3994140625
cp,0,4096.0,9830.399997711182,4,4,,"[8, 16]",8,1,,beegfs-tmpfs,4,stage_out-analysis,,"sim_out_30.bin,analysis_out_30.bin,sim_out_31.bin,analysis_out_31.bin",2.5,analysis,1258291.1997070312
cp,0,4096.0,9830.399997711182,4,4,,"[8, 16]",16,1,,beegfs-tmpfs,4,stage_out-analysis,,"sim_out_30.bin,analysis_out_30.bin,sim_out_31.bin,analysis_out_31.bin",2.5,analysis,2516582.3994140625
scp,0,4096.0,147455.99996566772,60,60,,"[8, 16]",8,8,,ssd-ssd,60,stage_out-analysis,,"sim_out_0.bin,analysis_out_0.bin,sim_out_1.bin,analysis_out_1.bin,sim_out_2.bin,analysis_out_2.bin,sim_out_3.bin,analysis_out_3.bin,sim_out_4.bin,analysis_out_4.bin,sim_out_5.bin,analysis_out_5.bin,sim_out_6.bin,analysis_out_6.bin,sim_out_7.bin,analysis_out_7.bin,sim_out_8.bin,analysis_out_8.bin,sim_out_9.bin,analysis_out_9.bin,sim_out_10.bin,analysis_out_10.bin,sim_out_11.bin,analysis_out_11.bin,sim_out_12.bin,analysis_out_12.bin,sim_out_13.bin,analysis_out_13.bin,sim_out_14.bin,analysis_out_14.bin,sim_out_15.bin,analysis_out_15.bin,sim_out_16.bin,analysis_out_16.bin,sim_out_17.bin,analysis_out_17.bin,sim_out_18.bin,analysis_out_18.bin,sim_out_19.bin,analysis_out_19.bin,sim_out_20.bin,analysis_out_20.bin,sim_out_21.bin,analysis_out_21.bin,sim_out_22.bin,analysis_out_22.bin,sim_out_23.bin,analysis_out_23.bin,sim_out_24.bin,analysis_out_24.bin,sim_out_25.bin,analysis_out_25.bin,sim_out_26.bin,analysis_out_26.bin,sim_out_27.bin,analysis_out_27.bin,sim_out_28.bin,analysis_out_28.bin,sim_out_29.bin,analysis_out_29.bin",2.5,analysis,1258291.1997070312
scp,0,4096.0,147455.99996566772,60,60,,"[8, 16]",16,4,,ssd-ssd,60,stage_out-analysis,,"sim_out_0.bin,analysis_out_0.bin,sim_out_1.bin,analysis_out_1.bin,sim_out_2.bin,analysis_out_2.bin,sim_out_3.bin,analysis_out_3.bin,sim_out_4.bin,analysis_out_4.bin,sim_out_5.bin,analysis_out_5.bin,sim_out_6.bin,analysis_out_6.bin,sim_out_7.bin,analysis_out_7.bin,sim_out_8.bin,analysis_out_8.bin,sim_out_9.bin,analysis_out_9.bin,sim_out_10.bin,analysis_out_10.bin,sim_out_11.bin,analysis_out_11.bin,sim_out_12.bin,analysis_out_12.bin,sim_out_13.bin,analysis_out_13.bin,sim_out_14.bin,analysis_out_14.bin,sim_out_15.bin,analysis_out_15.bin,sim_out_16.bin,analysis_out_16.bin,sim_out_17.bin,analysis_out_17.bin,sim_out_18.bin,analysis_out_18.bin,sim_out_19.bin,analysis_out_19.bin,sim_out_20.bin,analysis_out_20.bin,sim_out_21.bin,analysis_out_21.bin,sim_out_22.bin,analysis_out_22.bin,sim_out_23.bin,analysis_out_23.bin,sim_out_24.bin,analysis_out_24.bin,sim_out_25.bin,analysis_out_25.bin,sim_out_26.bin,analysis_out_26.bin,sim_out_27.bin,analysis_out_27.bin,sim_out_28.bin,analysis_out_28.bin,sim_out_29.bin,analysis_out_29.bin",2.5,analysis,2516582.3994140625
scp,0,4096.0,9830.399997711182,4,4,,"[8, 16]",8,1,,ssd-ssd,4,stage_out-analysis,,"sim_out_30.bin,analysis_out_30.bin,sim_out_31.bin,analysis_out_31.bin",2.5,analysis,1258291.1997070312
scp,0,4096.0,9830.399997711182,4,4,,"[8, 16]",16,1,,ssd-ssd,4,stage_out-analysis,,"sim_out_30.bin,analysis_out_30.bin,sim_out_31.bin,analysis_out_31.bin",2.5,analysis,2516582.3994140625
scp,0,4096.0,147455.99996566772,60,60,,"[8, 16]",8,8,,tmpfs-tmpfs,60,stage_out-analysis,,"sim_out_0.bin,analysis_out_0.bin,sim_out_1.bin,analysis_out_1.bin,sim_out_2.bin,analysis_out_2.bin,sim_out_3.bin,analysis_out_3.bin,sim_out_4.bin,analysis_out_4.bin,sim_out_5.bin,analysis_out_5.bin,sim_out_6.bin,analysis_out_6.bin,sim_out_7.bin,analysis_out_7.bin,sim_out_8.bin,analysis_out_8.bin,sim_out_9.bin,analysis_out_9.bin,sim_out_10.bin,analysis_out_10.bin,sim_out_11.bin,analysis_out_11.bin,sim_out_12.bin,analysis_out_12.bin,sim_out_13.bin,analysis_out_13.bin,sim_out_14.bin,analysis_out_14.bin,sim_out_15.bin,analysis_out_15.bin,sim_out_16.bin,analysis_out_16.bin,sim_out_17.bin,analysis_out_17.bin,sim_out_18.bin,analysis_out_18.bin,sim_out_19.bin,analysis_out_19.bin,sim_out_20.bin,analysis_out_20.bin,sim_out_21.bin,analysis_out_21.bin,sim_out_22.bin,analysis_out_22.bin,sim_out_23.bin,analysis_out_23.bin,sim_out_24.bin,analysis_out_24.bin,sim_out_25.bin,analysis_out_25.bin,sim_out_26.bin,analysis_out_26.bin,sim_out_27.bin,analysis_out_27.bin,sim_out_28.bin,analysis_out_28.bin,sim_out_29.bin,analysis_out_29.bin",2.5,analysis,1258291.1997070312
scp,0,4096.0,147455.99996566772,60,60,,"[8, 16]",16,4,,tmpfs-tmpfs,60,stage_out-analysis,,"sim_out_0.bin,analysis_out_0.bin,sim_out_1.bin,analysis_out_1.bin,sim_out_2.bin,analysis_out_2.bin,sim_out_3.bin,analysis_out_3.bin,sim_out_4.bin,analysis_out_4.bin,sim_out_5.bin,analysis_out_5.bin,sim_out_6.bin,analysis_out_6.bin,sim_out_7.bin,analysis_out_7.bin,sim_out_8.bin,analysis_out_8.bin,sim_out_9.bin,analysis_out_9.bin,sim_out_10.bin,analysis_out_10.bin,sim_out_11.bin,analysis_out_11.bin,sim_out_12.bin,analysis_out_12.bin,sim_out_13.bin,analysis_out_13.bin,sim_out_14.bin,analysis_out_14.bin,sim_out_15.bin,analysis_out_15.bin,sim_out_16.bin,analysis_out_16.bin,sim_out_17.bin,analysis_out_17.bin,sim_out_18.bin,analysis_out_18.bin,sim_out_19.bin,analysis_out_19.bin,sim_out_20.bin,analysis_out_20.bin,sim_out_21.bin,analysis_out_21.bin,sim_out_22.bin,analysis_out_22.bin,sim_out_23.bin,analysis_out_23.bin,sim_out_24.bin,analysis_out_24.bin,sim_out_25.bin,analysis_out_25.bin,sim_out_26.bin,analysis_out_26.bin,sim_out_27.bin,analysis_out_27.bin,sim_out_28.bin,analysis_out_28.bin,sim_out_29.bin,analysis_out_29.bin",2.5,analysis,2516582.3994140625
scp,0,4096.0,9830.399997711182,4,4,,"[8, 16]",8,1,,tmpfs-tmpfs,4,stage_out-analysis,,"sim_out_30.bin,analysis_out_30.bin,sim_out_31.bin,analysis_out_31.bin",2.5,analysis,1258291.1997070312
scp,0,4096.0,9830.399997711182,4,4,,"[8, 16]",16,1,,tmpfs-tmpfs,4,stage_out-analysis,,"sim_out_30.bin,analysis_out_30.bin,sim_out_31.bin,analysis_out_31.bin",2.5,analysis,2516582.3994140625
cp,0,4096.0,147455.99996566772,60,60,,"[8, 16]",8,8,,ssd-beegfs,60,stage_out-analysis,,"sim_out_0.bin,analysis_out_0.bin,sim_out_1.bin,analysis_out_1.bin,sim_out_2.bin,analysis_out_2.bin,sim_out_3.bin,analysis_out_3.bin,sim_out_4.bin,analysis_out_4.bin,sim_out_5.bin,analysis_out_5.bin,sim_out_6.bin,analysis_out_6.bin,sim_out_7.bin,analysis_out_7.bin,sim_out_8.bin,analysis_out_8.bin,sim_out_9.bin,analysis_out_9.bin,sim_out_10.bin,analysis_out_10.bin,sim_out_11.bin,analysis_out_11.bin,sim_out_12.bin,analysis_out_12.bin,sim_out_13.bin,analysis_out_13.bin,sim_out_14.bin,analysis_out_14.bin,sim_out_15.bin,analysis_out_15.bin,sim_out_16.bin,analysis_out_16.bin,sim_out_17.bin,analysis_out_17.bin,sim_out_18.bin,analysis_out_18.bin,sim_out_19.bin,analysis_out_19.bin,sim_out_20.bin,analysis_out_20.bin,sim_out_21.bin,analysis_out_21.bin,sim_out_22.bin,analysis_out_22.bin,sim_out_23.bin,analysis_out_23.bin,sim_out_24.bin,analysis_out_24.bin,sim_out_25.bin,analysis_out_25.bin,sim_out_26.bin,analysis_out_26.bin,sim_out_27.bin,analysis_out_27.bin,sim_out_28.bin,analysis_out_28.bin,sim_out_29.bin,analysis_out_29.bin",2.5,analysis,1258291.1997070312
cp,0,4096.0,147455.99996566772,60,60,,"[8, 16]",16,4,,ssd-beegfs,60,stage_out-analysis,,"sim_out_0.bin,analysis_out_0.bin,sim_out_1.bin,analysis_out_1.bin,sim_out_2.bin,analysis_out_2.bin,sim_out_3.bin,analysis_out_3.bin,sim_out_4.bin,analysis_out_4.bin,sim_out_5.bin,analysis_out_5.bin,sim_out_6.bin,analysis_out_6.bin,sim_out_7.bin,analysis_out_7.bin,sim_out_8.bin,analysis_out_8.bin,sim_out_9.bin,analysis_out_9.bin,sim_out_10.bin,analysis_out_10.bin,sim_out_11.bin,analysis_out_11.bin,sim_out_12.bin,analysis_out_12.bin,sim_out_13.bin,analysis_out_13.bin,sim_out_14.bin,analysis_out_14.bin,sim_out_15.bin,analysis_out_15.bin,sim_out_16.bin,analysis_out_16.bin,sim_out_17.bin,analysis_out_17.bin,sim_out_18.bin,analysis_out_18.bin,sim_out_19.bin,analysis_out_19.bin,sim_out_20.bin,analysis_out_20.bin,sim_out_21.bin,analysis_out_21.bin,sim_out_22.bin,analysis_out_22.bin,sim_out_23.bin,analysis_out_23.bin,sim_out_24.bin,analysis_out_24.bin,sim_out_25.bin,analysis_out_25.bin,sim_out_26.bin,analysis_out_26.bin,sim_out_27.bin,analysis_out_27.bin,sim_out_28.bin,analysis_out_28.bin,sim_out_29.bin,analysis_out_29.bin",2.5,analysis,2516582.3994140625
cp,0,4096.0,9830.399997711182,4,4,,"[8, 16]",8,1,,ssd-beegfs,4,stage_out-analysis,,"sim_out_30.bin,analysis_out_30.bin,sim_out_31.bin,analysis_out_31.bin",2.5,analysis,1258291.1997070312
cp,0,4096.0,9830.399997711182,4,4,,"[8, 16]",16,1,,ssd-beegfs,4,stage_out-analysis,,"sim_out_30.bin,analysis_out_30.bin,sim_out_31.bin,analysis_out_31.bin",2.5,analysis,2516582.3994140625
cp,0,4096.0,147455.99996566772,60,60,,"[8, 16]",8,8,,tmpfs-beegfs,60,stage_out-analysis,,"sim_out_0.bin,analysis_out_0.bin,sim_out_1.bin,analysis_out_1.bin,sim_out_2.bin,analysis_out_2.bin,sim_out_3.bin,analysis_out_3.bin,sim_out_4.bin,analysis_out_4.bin,sim_out_5.bin,analysis_out_5.bin,sim_out_6.bin,analysis_out_6.bin,sim_out_7.bin,analysis_out_7.bin,sim_out_8.bin,analysis_out_8.bin,sim_out_9.bin,analysis_out_9.bin,sim_out_10.bin,analysis_out_10.bin,sim_out_11.bin,analysis_out_11.bin,sim_out_12.bin,analysis_out_12.bin,sim_out_13.bin,analysis_out_13.bin,sim_out_14.bin,analysis_out_14.bin,sim_out_15.bin,analysis_out_15.bin,sim_out_16.bin,analysis_out_16.bin,sim_out_17.bin,analysis_out_17.bin,sim_out_18.bin,analysis_out_18.bin,sim_out_19.bin,analysis_out_19.bin,sim_out_20.bin,analysis_out_20.bin,sim_out_21.bin,analysis_out_21.bin,sim_out_22.bin,analysis_out_22.bin,sim_out_23.bin,analysis_out_23.bin,sim_out_24.bin,analysis_out_24.bin,sim_out_25.bin,analysis_out_25.bin,sim_out_26.bin,analysis_out_26.bin,sim_out_27.bin,analysis_out_27.bin,sim_out_28.bin,analysis_out_28.bin,sim_out_29.bin,analysis_out_29.bin",2.5,analysis,1258291.1997070312
cp,0,4096.0,147455.99996566772,60,60,,"[8, 16]",16,4,,tmpfs-beegfs,60,stage_out-analysis,,"sim_out_0.bin,analysis_out_0.bin,sim_out_1.bin,analysis_out_1.bin,sim_out_2.bin,analysis_out_2.bin,sim_out_3.bin,analysis_out_3.bin,sim_out_4.bin,analysis_out_4.bin,sim_out_5.bin,analysis_out_5.bin,sim_out_6.bin,analysis_out_6.bin,sim_out_7.bin,analysis_out_7.bin,sim_out_8.bin,analysis_out_8.bin,sim_out_9.bin,analysis_out_9.bin,sim_out_10.bin,analysis_out_10.bin,sim_out_11.bin,analysis_out_11.bin,sim_out_12.bin,analysis_out_12.bin,sim_out_13.bin,analysis_out_13.bin,sim_out_14.bin,analysis_out_14.bin,sim_out_15.bin,analysis_out_15.bin,sim_out_16.bin,analysis_out_16.bin,sim_out_17.bin,analysis_out_17.bin,sim_out_18.bin,analysis_out_18.bin,sim_out_19.bin,analysis_out_19.bin,sim_out_20.bin,analysis_out_20.bin,sim_out_21.bin,analysis_out_21.bin,sim_out_22.bin,analysis_out_22.bin,sim_out_23.bin,analysis_out_23.bin,sim_out_24.bin,analysis_out_24.bin,sim_out_25.bin,analysis_out_25.bin,sim_out_26.bin,analysis_out_26.bin,sim_out_27.bin,analysis_out_27.bin,sim_out_28.bin,analysis_out_28.bin,sim_out_29.bin,analysis_out_29.bin",2.5,analysis,2516582.3994140625
cp,0,4096.0,9830.399997711182,4,4,,"[8, 16]",8,1,,tmpfs-beegfs,4,stage_out-analysis,,"sim_out_30.bin,analysis_out_30.bin,sim_out_31.bin,analysis_out_31.bin",2.5,analysis,1258291.1997070312
cp,0,4096.0,9830.399997711182,4,4,,"[8, 16]",16,1,,tmpfs-beegfs,4,stage_out-analysis,,"sim_out_30.bin,analysis_out_30.bin,sim_out_31.bin,analysis_out_31.bin",2.5,analysis,2516582.3994140625
cp,0,4096.0,78643.19998168945,32,32,,"[8, 16]",8,4,,beegfs-ssd,32,stage_out-analysis,,"analysis_out_0.bin,analysis_out_1.bin,analysis_out_2.bin,analysis_out_3.bin,analysis_out_4.bin,analysis_out_5.bin,analysis_out_6.bin,analysis_out_7.bin,analysis_out_8.bin,analysis_out_9.bin,analysis_out_10.bin,analysis_out_11.bin,analysis_out_12.bin,analysis_out_13.bin,analysis_out_14.bin,analysis_out_15.bin,analysis_out_16.bin,analysis_out_17.bin,analysis_out_18.bin,analysis_out_19.bin,analysis_out_20.bin,analysis_out_21.bin,analysis_out_22.bin,analysis_out_23.bin,analysis_out_24.bin,analysis_out_25.bin,analysis_out_26.bin,analysis_out_27.bin,analysis_out_28.bin,analysis_out_29.bin,analysis_out_30.bin,analysis_out_31.bin",2.5,analysis,1258291.1997070312
cp,0,4096.0,78643.19998168945,32,32,,"[8, 16]",16,2,,beegfs-ssd,32,stage_out-analysis,,"analysis_out_0.bin,analysis_out_1.bin,analysis_out_2.bin,analysis_out_3.bin,analysis_out_4.bin,analysis_out_5.bin,analysis_out_6.bin,analysis_out_7.bin,analysis_out_8.bin,analysis_out_9.bin,analysis_out_10.bin,analysis_out_11.bin,analysis_out_12.bin,analysis_out_13.bin,analysis_out_14.bin,analysis_out_15.bin,analysis_out_16.bin,analysis_out_17.bin,analysis_out_18.bin,analysis_out_19.bin,analysis_out_20.bin,analysis_out_21.bin,analysis_out_22.bin,analysis_out_23.bin,analysis_out_24.bin,analysis_out_25.bin,analysis_out_26.bin,analysis_out_27.bin,analysis_out_28.bin,analysis_out_29.bin,analysis_out_30.bin,analysis_out_31.bin",2.5,analysis,2516582.3994140625
cp,0,4096.0,78643.19998168945,32,32,,"[8, 16]",8,4,,beegfs-tmpfs,32,stage_out-analysis,,"analysis_out_0.bin,analysis_out_1.bin,analysis_out_2.bin,analysis_out_3.bin,analysis_out_4.bin,analysis_out_5.bin,analysis_out_6.bin,analysis_out_7.bin,analysis_out_8.bin,analysis_out_9.bin,analysis_out_10.bin,analysis_out_11.bin,analysis_out_12.bin,analysis_out_13.bin,analysis_out_14.bin,analysis_out_15.bin,analysis_out_16.bin,analysis_out_17.bin,analysis_out_18.bin,analysis_out_19.bin,analysis_out_20.bin,analysis_out_21.bin,analysis_out_22.bin,analysis_out_23.bin,analysis_out_24.bin,analysis_out_25.bin,analysis_out_26.bin,analysis_out_27.bin,analysis_out_28.bin,analysis_out_29.bin,analysis_out_30.bin,analysis_out_31.bin",2.5,analysis,1258291.1997070312
cp,0,4096.0,78643.19998168945,32,32,,"[8, 16]",16,2,,beegfs-tmpfs,32,stage_out-analysis,,"analysis_out_0.bin,analysis_out_1.bin,analysis_out_2.bin,analysis_out_3.bin,analysis_out_4.bin,analysis_out_5.bin,analysis_out_6.bin,analysis_out_7.bin,analysis_out_8.bin,analysis_out_9.bin,analysis_out_10.bin,analysis_out_11.bin,analysis_out_12.bin,analysis_out_13.bin,analysis_out_14.bin,analysis_out_15.bin,analysis_out_16.bin,analysis_out_17.bin,analysis_out_18.bin,analysis_out_19.bin,analysis_out_20.bin,analysis_out_21.bin,analysis_out_22.bin,analysis_out_23.bin,analysis_out_24.bin,analysis_out_25.bin,analysis_out_26.bin,analysis_out_27.bin,analysis_out_28.bin,analysis_out_29.bin,analysis_out_30.bin,analysis_out_31.bin",2.5,analysis,2516582.3994140625
scp,0,4096.0,78643.19998168945,32,32,,"[8, 16]",8,4,,ssd-ssd,32,stage_out-analysis,,"analysis_out_0.bin,analysis_out_1.bin,analysis_out_2.bin,analysis_out_3.bin,analysis_out_4.bin,analysis_out_5.bin,analysis_out_6.bin,analysis_out_7.bin,analysis_out_8.bin,analysis_out_9.bin,analysis_out_10.bin,analysis_out_11.bin,analysis_out_12.bin,analysis_out_13.bin,analysis_out_14.bin,analysis_out_15.bin,analysis_out_16.bin,analysis_out_17.bin,analysis_out_18.bin,analysis_out_19.bin,analysis_out_20.bin,analysis_out_21.bin,analysis_out_22.bin,analysis_out_23.bin,analysis_out_24.bin,analysis_out_25.bin,analysis_out_26.bin,analysis_out_27.bin,analysis_out_28.bin,analysis_out_29.bin,analysis_out_30.bin,analysis_out_31.bin",2.5,analysis,1258291.1997070312
scp,0,4096.0,78643.19998168945,32,32,,"[8, 16]",16,2,,ssd-ssd,32,stage_out-analysis,,"analysis_out_0.bin,analysis_out_1.bin,analysis_out_2.bin,analysis_out_3.bin,analysis_out_4.bin,analysis_out_5.bin,analysis_out_6.bin,analysis_out_7.bin,analysis_out_8.bin,analysis_out_9.bin,analysis_out_10.bin,analysis_out_11.bin,analysis_out_12.bin,analysis_out_13.bin,analysis_out_14.bin,analysis_out_15.bin,analysis_out_16.bin,analysis_out_17.bin,analysis_out_18.bin,analysis_out_19.bin,analysis_out_20.bin,analysis_out_21.bin,analysis_out_22.bin,analysis_out_23.bin,analysis_out_24.bin,analysis_out_25.bin,analysis_out_26.bin,analysis_out_27.bin,analysis_out_28.bin,analysis_out_29.bin,analysis_out_30.bin,analysis_out_31.bin",2.5,analysis,2516582.3994140625
scp,0,4096.0,78643.19998168945,32,32,,"[8, 16]",8,4,,tmpfs-tmpfs,32,stage_out-analysis,,"analysis_out_0.bin,analysis_out_1.bin,analysis_out_2.bin,analysis_out_3.bin,analysis_out_4.bin,analysis_out_5.bin,analysis_out_6.bin,analysis_out_7.bin,analysis_out_8.bin,analysis_out_9.bin,analysis_out_10.bin,analysis_out_11.bin,analysis_out_12.bin,analysis_out_13.bin,analysis_out_14.bin,analysis_out_15.bin,analysis_out_16.bin,analysis_out_17.bin,analysis_out_18.bin,analysis_out_19.bin,analysis_out_20.bin,analysis_out_21.bin,analysis_out_22.bin,analysis_out_23.bin,analysis_out_24.bin,analysis_out_25.bin,analysis_out_26.bin,analysis_out_27.bin,analysis_out_28.bin,analysis_out_29.bin,analysis_out_30.bin,analysis_out_31.bin",2.5,analysis,1258291.1997070312
scp,0,4096.0,78643.19998168945,32,32,,"[8, 16]",16,2,,tmpfs-tmpfs,32,stage_out-analysis,,"analysis_out_0.bin,analysis_out_1.bin,analysis_out_2.bin,analysis_out_3.bin,analysis_out_4.bin,analysis_out_5.bin,analysis_out_6.bin,analysis_out_7.bin,analysis_out_8.bin,analysis_out_9.bin,analysis_out_10.bin,analysis_out_11.bin,analysis_out_12.bin,analysis_out_13.bin,analysis_out_14.bin,analysis_out_15.bin,analysis_out_16.bin,analysis_out_17.bin,analysis_out_18.bin,analysis_out_19.bin,analysis_out_20.bin,analysis_out_21.bin,analysis_out_22.bin,analysis_out_23.bin,analysis_out_24.bin,analysis_out_25.bin,analysis_out_26.bin,analysis_out_27.bin,analysis_out_28.bin,analysis_out_29.bin,analysis_out_30.bin,analysis_out_31.bin",2.5,analysis,2516582.3994140625
cp,0,4096.0,78643.19998168945,32,32,,"[8, 16]",8,4,,ssd-beegfs,32,stage_out-analysis,,"analysis_out_0.bin,analysis_out_1.bin,analysis_out_2.bin,analysis_out_3.bin,analysis_out_4.bin,analysis_out_5.bin,analysis_out_6.bin,analysis_out_7.bin,analysis_out_8.bin,analysis_out_9.bin,analysis_out_10.bin,analysis_out_11.bin,analysis_out_12.bin,analysis_out_13.bin,analysis_out_14.bin,analysis_out_15.bin,analysis_out_16.bin,analysis_out_17.bin,analysis_out_18.bin,analysis_out_19.bin,analysis_out_20.bin,analysis_out_21.bin,analysis_out_22.bin,analysis_out_23.bin,analysis_out_24.bin,analysis_out_25.bin,analysis_out_26.bin,analysis_out_27.bin,analysis_out_28.bin,analysis_out_29.bin,analysis_out_30.bin,analysis_out_31.bin",2.5,analysis,1258291.1997070312
cp,0,4096.0,78643.19998168945,32,32,,"[8, 16]",16,2,,ssd-beegfs,32,stage_out-analysis,,"analysis_out_0.bin,analysis_out_1.bin,analysis_out_2.bin,analysis_out_3.bin,analysis_out_4.bin,analysis_out_5.bin,analysis_out_6.bin,analysis_out_7.bin,analysis_out_8.bin,analysis_out_9.bin,analysis_out_10.bin,analysis_out_11.bin,analysis_out_12.bin,analysis_out_13.bin,analysis_out_14.bin,analysis_out_15.bin,analysis_out_16.bin,analysis_out_17.bin,analysis_out_18.bin,analysis_out_19.bin,analysis_out_20.bin,analysis_out_21.bin,analysis_out_22.bin,analysis_out_23.bin,analysis_out_24.bin,analysis_out_25.bin,analysis_out_26.bin,analysis_out_27.bin,analysis_out_28.bin,analysis_out_29.bin,analysis_out_30.bin,analysis_out_31.bin",2.5,analysis,2516582.3994140625
cp,0,4096.0,78643.19998168945,32,32,,"[8, 16]",8,4,,tmpfs-beegfs,32,stage_out-analysis,,"analysis_out_0.bin,analysis_out_1.bin,analysis_out_2.bin,analysis_out_3.bin,analysis_out_4.bin,analysis_out_5.bin,analysis_out_6.bin,analysis_out_7.bin,analysis_out_8.bin,analysis_out_9.bin,analysis_out_10.bin,analysis_out_11.bin,analysis_out_12.bin,analysis_out_13.bin,analysis_out_14.bin,analysis_out_15.bin,analysis_out_16.bin,analysis_out_17.bin,analysis_out_18.bin,analysis_out_19.bin,analysis_out_20.bin,analysis_out_21.bin,analysis_out_22.bin,analysis_out_23.bin,analysis_out_24.bin,analysis_out_25.bin,analysis_out_26.bin,analysis_out_27.bin,analysis_out_28.bin,analysis_out_29.bin,analysis_out_30.bin,analysis_out_31.bin",2.5,analysis,1258291.1997070312
cp,0,4096.0,78643.19998168945,32,32,,"[8, 16]",16,2,,tmpfs-beegfs,32,stage_out-analysis,,"analysis_out_0.bin,analysis_out_1.bin,analysis_out_2.bin,analysis_out_3.bin,analysis_out_4.bin,analysis_out_5.bin,analysis_out_6.bin,analysis_out_7.bin,analysis_out_8.bin,analysis_out_9.bin,analysis_out_10.bin,analysis_out_11.bin,analysis_out_12.bin,analysis_out_13.bin,analysis_out_14.bin,analysis_out_15.bin,analysis_out_16.bin,analysis_out_17.bin,analysis_out_18.bin,analysis_out_19.bin,analysis_out_20.bin,analysis_out_21.bin,analysis_out_22.bin,analysis_out_23.bin,analysis_out_24.bin,analysis_out_25.bin,analysis_out_26.bin,analysis_out_27.bin,analysis_out_28.bin,analysis_out_29.bin,analysis_out_30.bin,analysis_out_31.bin",2.5,analysis,2516582.3994140625
read,0,1048576.0,2457.5999994277954,1,1,1.2287999997138976,"[8, 16]",8,1,2000.0,pfs,2457,aggregate,aggregate_0-node0,analysis_out_0.bin,3.0,analysis,117964.79997253418
read,0,1048576.0,2457.5999994277954,1,1,1.2287999997138976,"[8, 16]",8,1,2000.0,pfs,2457,aggregate,aggregate_0-node0,analysis_out_1.bin,3.0,analysis,117964.79997253418
read,0,1048576.0,2457.5999994277954,1,1,1.2287999997138976,"[8, 16]",8,1,2000.0,pfs,2457,aggregate,aggregate_0-node0,analysis_out_2.bin,3.0,analysis,117964.79997253418
read,0,1048576.0,2457.5999994277954,1,1,1.2287999997138976,"[8, 16]",8,1,2000.0,pfs,2457,aggregate,aggregate_0-node0,analysis_out_3.bin,3.0,analysis,117964.79997253418
read,0,1048576.0,2457.5999994277954,1,1,1.2287999997138976,"[8, 16]",8,1,2000.0,pfs,2457,aggregate,aggregate_0-node0,analysis_out_4.bin,3.0,analysis,117964.79997253418
read,0,1048576.0,2457.5999994277954,1,1,1.2287999997138976,"[8, 16]",8,1,2000.0,pfs,2457,aggregate,aggregate_0-node0,analysis_out_5.bin,3.0,analysis,117964.79997253418
read,0,1048576.0,2457.5999994277954,1,1,1.2287999997138976,"[8, 16]",8,1,2000.0,pfs,2457,aggregate,aggregate_0-node0,analysis_out_6.bin,3.0,analysis,117964.79997253418
read,0,1048576.0,2457.5999994277954,1,1,1.2287999997138976,"[8, 16]",8,1,2000.0,pfs,2457,aggregate,aggregate_0-node0,analysis_out_7.bin,3.0,analysis,117964.79997253418
read,0,1048576.0,2457.5999994277954,1,1,1.2287999997138976,"[8, 16]",8,1,2000.0,pfs,2457,aggregate,aggregate_0-node0,analysis_out_8.bin,3.0,analysis,117964.79997253418
read,0,1048576.0,2457.5999994277954,1,1,1.2287999997138976,"[8, 16]",8,1,2000.0,pfs,2457,aggregate,aggregate_0-node0,analysis_out_9.bin,3.0,analysis,117964.79997253418
read,0,1048576.0,2457.5999994277954,1,1,1.2287999997138976,"[8, 16]",8,1,2000.0,pfs,2457,aggregate,aggregate_0-node0,analysis_out_10.bin,3.0,analysis,117964.79997253418
read,0,1048576.0,2457.5999994277954,1,1,1.2287999997138976,"[8, 16]",8,1,2000.0,pfs,2457,aggregate,aggregate_0-node0,analysis_out_11.bin,3.0,analysis,117964.79997253418
read,0,1048576.0,2457.5999994277954,1,1,1.2287999997138976,"[8, 16]",8,1,2000.0,pfs,2457,aggregate,aggregate_0-node0,analysis_out_12.bin,3.0,analysis,117964.79997253418
read,0,1048576.0,2457.5999994277954,1,1,1.2287999997138976,"[8, 16]",8,1,2000.0,pfs,2457,aggregate,aggregate_0-node0,analysis_out_13.bin,3.0,analysis,117964.79997253418
read,0,1048576.0,2457.5999994277954,1,1,1.2287999997138976,"[8, 16]",8,1,2000.0,pfs,2457,aggregate,aggregate_0-node0,analysis_out_14.bin,3.0,analysis,117964.79997253418
read,0,1048576.0,2457.5999994277954,1,1,1.2287999997138976,"[8, 16]",8,1,2000.0,pfs,2457,aggregate,aggregate_0-node0,analysis_out_15.bin,3.0,analysis,117964.79997253418
write,0,1048576.0,100.0,1,1,0.05,"[8, 16]",8,1,2000.0,pfs,100,aggregate,aggregate_0-node0,aggregate_out.bin,3.0,analysis,200.0
read,0,1048576.0,2457.5999994277954,1,1,1.2287999997138976,"[8, 16]",16,1,2000.0,pfs,2457,aggregate,aggregate_0-node0,analysis_out_0.bin,3.0,analysis,117964.79997253418
read,0,1048576.0,2457.5999994277954,1,1,1.2287999997138976,"[8, 16]",16,1,2000.0,pfs,2457,aggregate,aggregate_0-node0,analysis_out_1.bin,3.0,analysis,117964.79997253418
read,0,1048576.0,2457.5999994277954,1,1,1.2287999997138976,"[8, 16]",16,1,2000.0,pfs,2457,aggregate,aggregate_0-node0,analysis_out_2.bin,3.0,analysis,117964.79997253418
read,0,1048576.0,2457.5999994277954,1,1,1.2287999997138976,"[8, 16]",16,1,2000.0,pfs,2457,aggregate,aggregate_0-node0,analysis_out_3.bin,3.0,analysis,117964.79997253418
read,0,1048576.0,2457.5999994277954,1,1,1.2287999997138976,"[8, 16]",16,1,2000.0,pfs,2457,aggregate,aggregate_0-node0,analysis_out_4.bin,3.0,analysis,117964.79997253418
read,0,1048576.0,2457.5999994277954,1,1,1.2287999997138976,"[8, 16]",16,1,2000.0,pfs,2457,aggregate,aggregate_0-node0,analysis_out_5.bin,3.0,analysis,117964.79997253418
read,0,1048576.0,2457.5999994277954,1,1,1.2287999997138976,"[8, 16]",16,1,2000.0,pfs,2457,aggregate,aggregate_0-node0,analysis_out_6.bin,3.0,analysis,117964.79997253418
read,0,1048576.0,2457.5999994277954,1,1,1.2287999997138976,"[8, 16]",16,1,2000.0,pfs,2457,aggregate,aggregate_0-node0,analysis_out_7.bin,3.0,analysis,117964.79997253418
read,0,1048576.0,2457.5999994277954,1,1,1.2287999997138976,"[8, 16]",16,1,2000.0,pfs,2457,aggregate,aggregate_0-node0,analysis_out_8.bin,3.0,analysis,117964.79997253418
read,0,1048576.0,2457.5999994277954,1,1,1.2287999997138976,"[8, 16]",16,1,2000.0,pfs,2457,aggregate,aggregate_0-node0,analysis_out_9.bin,3.0,analysis,117964.79997253418
read,0,1048576.0,2457.5999994277954,1,1,1.2287999997138976,"[8, 16]",16,1,2000.0,pfs,2457,aggregate,aggregate_0-node0,analysis_out_10.bin,3.0,analysis,117964.79997253418
read,0,1048576.0,2457.5999994277954,1,1,1.2287999997138976,"[8, 16]",16,1,2000.0,pfs,2457,aggregate,aggregate_0-node0,analysis_out_11.bin,3.0,analysis,117964.79997253418
read,0,1048576.0,2457.5999994277954,1,1,1.2287999997138976,"[8, 16]",16,1,2000.0,pfs,2457,aggregate,aggregate_0-node0,analysis_out_12.bin,3.0,analysis,117964.79997253418
read,0,1048576.0,2457.5999994277954,1,1,1.2287999997138976,"[8, 16]",16,1,2000.0,pfs,2457,aggregate,aggregate_0-node0,analysis_out_13.bin,3.0,analysis,117964.79997253418
read,0,1048576.0,2457.5999994277954,1,1,1.2287999997138976,"[8, 16]",16,1,2000.0,pfs,2457,aggregate,aggregate_0-node0,analysis_out_14.bin,3.0,analysis,117964.79997253418
read,0,1048576.0,2457.5999994277954,1,1,1.2287999997138976,"[8, 16]",16,1,2000.0,pfs,2457,aggregate,aggregate_0-node0,analysis_out_15.bin,3.0,analysis,117964.79997253418
read,0,1048576.0,2457.5999994277954,1,1,1.2287999997138976,"[8, 16]",16,1,2000.0,pfs,2457,aggregate,aggregate_0-node0,analysis_out_16.bin,3.0,analysis,117964.79997253418
read,0,1048576.0,2457.5999994277954,1,1,1.2287999997138976,"[8, 16]",16,1,2000.0,pfs,2457,aggregate,aggregate_0-node0,analysis_out_17.bin,3.0,analysis,117964.79997253418
read,0,1048576.0,2457.5999994277954,1,1,1.2287999997138976,"[8, 16]",16,1,2000.0,pfs,2457,aggregate,aggregate_0-node0,analysis_out_18.bin,3.0,analysis,117964.79997253418
read,0,1048576.0,2457.5999994277954,1,1,1.2287999997138976,"[8, 16]",16,1,2000.0,pfs,2457,aggregate,aggregate_0-node0,analysis_out_19.bin,3.0,analysis,117964.79997253418
read,0,1048576.0,2457.5999994277954,1,1,1.2287999997138976,"[8, 16]",16,1,2000.0,pfs,2457,aggregate,aggregate_0-node0,analysis_out_20.bin,3.0,analysis,117964.79997253418
read,0,1048576.0,2457.5999994277954,1,1,1.2287999997138976,"[8, 16]",16,1,2000.0,pfs,2457,aggregate,aggregate_0-node0,analysis_out_21.bin,3.0,analysis,117964.79997253418
read,0,1048576.0,2457.5999994277954,1,1,1.2287999997138976,"[8, 16]",16,1,2000.0,pfs,2457,aggregate,aggregate_0-node0,analysis_out_22.bin,3.0,analysis,117964.79997253418
read,0,1048576.0,2457.5999994277954,1,1,1.2287999997138976,"[8, 16]",16,1,2000.0,pfs,2457,aggregate,aggregate_0-node0,analysis_out_23.bin,3.0,analysis,117964.79997253418
read,0,1048576.0,2457.5999994277954,1,1,1.2287999997138976,"[8, 16]",16,1,2000.0,pfs,2457,aggregate,aggregate_0-node0,analysis_out_24.bin,3.0,analysis,117964.79997253418
read,0,1048576.0,2457.5999994277954,1,1,1.2287999997138976,"[8, 16]",16,1,2000.0,pfs,2457,aggregate,aggregate_0-node0,analysis_out_25.bin,3.0,analysis,117964.79997253418
read,0,1048576.0,2457.5999994277954,1,1,1.2287999997138976,"[8, 16]",16,1,2000.0,pfs,2457,aggregate,aggregate_0-node0,analysis_out_26.bin,3.0,analysis,117964.79997253418
read,0,1048576.0,2457.5999994277954,1,1,1.2287999997138976,"[8, 16]",16,1,2000.0,pfs,2457,aggregate,aggregate_0-node0,analysis_out_27.bin,3.0,analysis,117964.79997253418
read,0,1048576.0,2457.5999994277954,1,1,1.2287999997138976,"[8, 16]",16,1,2000.0,pfs,2457,aggregate,aggregate_0-node0,analysis_out_28.bin,3.0,analysis,117964.79997253418
read,0,1048576.0,2457.5999994277954,1,1,1.2287999997138976,"[8, 16]",16,1,2000.0,pfs,2457,aggregate,aggregate_0-node0,analysis_out_29.bin,3.0,analysis,117964.79997253418
read,0,1048576.0,2457.5999994277954,1,1,1.2287999997138976,"[8, 16]",16,1,2000.0,pfs,2457,aggregate,aggregate_0-node0,analysis_out_30.bin,3.0,analysis,117964.79997253418
read,0,1048576.0,2457.5999994277954,1,1,1.2287999997138976,"[8, 16]",16,1,2000.0,pfs,2457,aggregate,aggregate_0-node0,analysis_out_31.bin,3.0,analysis,117964.79997253418
write,0,1048576.0,100.0,1,1,0.05,"[8, 16]",16,1,2000.0,pfs,100,aggregate,aggregate_0-node0,aggregate_out.bin,3.0,analysis,200.0
none,0,4096.0,78743.19998168945,33,33,0,"[8, 16]",8,5,1.0,beegfs,33,stage_out-aggregate,,"analysis_out_0.bin,analysis_out_1.bin,analysis_out_2.bin,analysis_out_3.bin,analysis_out_4.bin,analysis_out_5.bin,analysis_out_6.bin,analysis_out_7.bin,analysis_out_8.bin,analysis_out_9.bin,analysis_out_10.bin,analysis_out_11.bin,analysis_out_12.bin,analysis_out_13.bin,analysis_out_14.bin,analysis_out_15.bin,aggregate_out.bin,analysis_out_16.bin,analysis_out_17.bin,analysis_out_18.bin,analysis_out_19.bin,analysis_out_20.bin,analysis_out_21.bin,analysis_out_22.bin,analysis_out_23.bin,analysis_out_24.bin,analysis_out_25.bin,analysis_out_26.bin,analysis_out_27.bin,analysis_out_28.bin,analysis_out_29.bin,analysis_out_30.bin,analysis_out_31.bin",3.5,aggregate,0
none,0,4096.0,78743.19998168945,33,33,0,"[8, 16]",16,3,1.0,beegfs,33,stage_out-aggregate,,"analysis_out_0.bin,analysis_out_1.bin,analysis_out_2.bin,analysis_out_3.bin,analysis_out_4.bin,analysis_out_5.bin,analysis_out_6.bin,analysis_out_7.bin,analysis_out_8.bin,analysis_out_9.bin,analysis_out_10.bin,analysis_out_11.bin,analysis_out_12.bin,analysis_out_13.bin,analysis_out_14.bin,analysis_out_15.bin,aggregate_out.bin,analysis_out_16.bin,analysis_out_17.bin,analysis_out_18.bin,analysis_out_19.bin,analysis_out_20.bin,analysis_out_21.bin,analysis_out_22.bin,analysis_out_23.bin,analysis_out_24.bin,analysis_out_25.bin,analysis_out_26.bin,analysis_out_27.bin,analysis_out_28.bin,analysis_out_29.bin,analysis_out_30.bin,analysis_out_31.bin",3.5,aggregate,0
cp,0,4096.0,78743.19998168945,33,33,,"[8, 16]",8,5,,beegfs-ssd,33,stage_out-aggregate,,"analysis_out_0.bin,analysis_out_1.bin,analysis_out_2.bin,analysis_out_3.bin,analysis_out_4.bin,analysis_out_5.bin,analysis_out_6.bin,analysis_out_7.bin,analysis_out_8.bin,analysis_out_9.bin,analysis_out_10.bin,analysis_out_11.bin,analysis_out_12.bin,analysis_out_13.bin,analysis_out_14.bin,analysis_out_15.bin,aggregate_out.bin,analysis_out_16.bin,analysis_out_17.bin,analysis_out_18.bin,analysis_out_19.bin,analysis_out_20.bin,analysis_out_21.bin,analysis_out_22.bin,analysis_out_23.bin,analysis_out_24.bin,analysis_out_25.bin,analysis_out_26.bin,analysis_out_27.bin,analysis_out_28.bin,analysis_out_29.bin,analysis_out_30.bin,analysis_out_31.bin",3.5,aggregate,629945.5998535156
cp,0,4096.0,78743.19998168945,33,33,,"[8, 16]",16,3,,beegfs-ssd,33,stage_out-aggregate,,"analysis_out_0.bin,analysis_out_1.bin,analysis_out_2.bin,analysis_out_3.bin,analysis_out_4.bin,analysis_out_5.bin,analysis_out_6.bin,analysis_out_7.bin,analysis_out_8.bin,analysis_out_9.bin,analysis_out_10.bin,analysis_out_11.bin,analysis_out_12.bin,analysis_out_13.bin,analysis_out_14.bin,analysis_out_15.bin,aggregate_out.bin,analysis_out_16.bin,analysis_out_17.bin,analysis_out_18.bin,analysis_out_19.bin,analysis_out_20.bin,analysis_out_21.bin,analysis_out_22.bin,analysis_out_23.bin,analysis_out_24.bin,analysis_out_25.bin,analysis_out_26.bin,analysis_out_27.bin,analysis_out_28.bin,analysis_out_29.bin,analysis_out_30.bin,analysis_out_31.bin",3.5,aggregate,1259891.1997070312
cp,0,4096.0,78743.19998168945,33,33,,"[8, 16]",8,5,,beegfs-tmpfs,33,stage_out-aggregate,,"analysis_out_0.bin,analysis_out_1.bin,analysis_out_2.bin,analysis_out_3.bin,analysis_out_4.bin,analysis_out_5.bin,analysis_out_6.bin,analysis_out_7.bin,analysis_out_8.bin,analysis_out_9.bin,analysis_out_10.bin,analysis_out_11.bin,analysis_out_12.bin,analysis_out_13.bin,analysis_out_14.bin,analysis_out_15.bin,aggregate_out.bin,analysis_out_16.bin,analysis_out_17.bin,analysis_out_18.bin,analysis_out_19.bin,analysis_out_20.bin,analysis_out_21.bin,analysis_out_22.bin,analysis_out_23.bin,analysis_out_24.bin,analysis_out_25.bin,analysis_out_26.bin,analysis_out_27.bin,analysis_out_28.bin,analysis_out_29.bin,analysis_out_30.bin,analysis_out_31.bin",3.5,aggregate,629945.5998535156
cp,0,4096.0,78743.19998168945,33,33,,"[8, 16]",16,3,,beegfs-tmpfs,33,stage_out-aggregate,,"analysis_out_0.bin,analysis_out_1.bin,analysis_out_2.bin,analysis_out_3.bin,analysis_out_4.bin,analysis_out_5.bin,analysis_out_6.bin,analysis_out_7.bin,analysis_out_8.bin,analysis_out_9.bin,analysis_out_10.bin,analysis_out_11.bin,analysis_out_12.bin,analysis_out_13.bin,analysis_out_14.bin,analysis_out_15.bin,aggregate_out.bin,analysis_out_16.bin,analysis_out_17.bin,analysis_out_18.bin,analysis_out_19.bin,analysis_out_20.bin,analysis_out_21.bin,analysis_out_22.bin,analysis_out_23.bin,analysis_out_24.bin,analysis_out_25.bin,analysis_out_26.bin,analysis_out_27.bin,analysis_out_28.bin,analysis_out_29.bin,analysis_out_30.bin,analysis_out_31.bin",3.5,aggregate,1259891.1997070312
scp,0,4096.0,78743.19998168945,33,33,,"[8, 16]",8,5,,ssd-ssd,33,stage_out-aggregate,,"analysis_out_0.bin,analysis_out_1.bin,analysis_out_2.bin,analysis_out_3.bin,analysis_out_4.bin,analysis_out_5.bin,analysis_out_6.bin,analysis_out_7.bin,analysis_out_8.bin,analysis_out_9.bin,analysis_out_10.bin,analysis_out_11.bin,analysis_out_12.bin,analysis_out_13.bin,analysis_out_14.bin,analysis_out_15.bin,aggregate_out.bin,analysis_out_16.bin,analysis_out_17.bin,analysis_out_18.bin,analysis_out_19.bin,analysis_out_20.bin,analysis_out_21.bin,analysis_out_22.bin,analysis_out_23.bin,analysis_out_24.bin,analysis_out_25.bin,analysis_out_26.bin,analysis_out_27.bin,analysis_out_28.bin,analysis_out_29.bin,analysis_out_30.bin,analysis_out_31.bin",3.5,aggregate,629945.5998535156
scp,0,4096.0,78743.19998168945,33,33,,"[8, 16]",16,3,,ssd-ssd,33,stage_out-aggregate,,"analysis_out_0.bin,analysis_out_1.bin,analysis_out_2.bin,analysis_out_3.bin,analysis_out_4.bin,analysis_out_5.bin,analysis_out_6.bin,analysis_out_7.bin,analysis_out_8.bin,analysis_out_9.bin,analysis_out_10.bin,analysis_out_11.bin,analysis_out_12.bin,analysis_out_13.bin,analysis_out_14.bin,analysis_out_15.bin,aggregate_out.bin,analysis_out_16.bin,analysis_out_17.bin,analysis_out_18.bin,analysis_out_19.bin,analysis_out_20.bin,analysis_out_21.bin,analysis_out_22.bin,analysis_out_23.bin,analysis_out_24.bin,analysis_out_25.bin,analysis_out_26.bin,analysis_out_27.bin,analysis_out_28.bin,analysis_out_29.bin,analysis_out_30.bin,analysis_out_31.bin",3.5,aggregate,1259891.1997070312
scp,0,4096.0,78743.19998168945,33,33,,"[8, 16]",8,5,,tmpfs-tmpfs,33,stage_out-aggregate,,"analysis_out_0.bin,analysis_out_1.bin,analysis_out_2.bin,analysis_out_3.bin,analysis_out_4.bin,analysis_out_5.bin,analysis_out_6.bin,analysis_out_7.bin,analysis_out_8.bin,analysis_out_9.bin,analysis_out_10.bin,analysis_out_11.bin,analysis_out_12.bin,analysis_out_13.bin,analysis_out_14.bin,analysis_out_15.bin,aggregate_out.bin,analysis_out_16.bin,analysis_out_17.bin,analysis_out_18.bin,analysis_out_19.bin,analysis_out_20.bin,analysis_out_21.bin,analysis_out_22.bin,analysis_out_23.bin,analysis_out_24.bin,analysis_out_25.bin,analysis_out_26.bin,analysis_out_27.bin,analysis_out_28.bin,analysis_out_29.bin,analysis_out_30.bin,analysis_out_31.bin",3.5,aggregate,629945.5998535156
scp,0,4096.0,78743.19998168945,33,33,,"[8, 16]",16,3,,tmpfs-tmpfs,33,stage_out-aggregate,,"analysis_out_0.bin,analysis_out_1.bin,analysis_out_2.bin,analysis_out_3.bin,analysis_out_4.bin,analysis_out_5.bin,analysis_out_6.bin,analysis_out_7.bin,analysis_out_8.bin,analysis_out_9.bin,analysis_out_10.bin,analysis_out_11.bin,analysis_out_12.bin,analysis_out_13.bin,analysis_out_14.bin,analysis_out_15.bin,aggregate_out.bin,analysis_out_16.bin,analysis_out_17.bin,analysis_out_18.bin,analysis_out_19.bin,analysis_out_20.bin,analysis_out_21.bin,analysis_out_22.bin,analysis_out_23.bin,analysis_out_24.bin,analysis_out_25.bin,analysis_out_26.bin,analysis_out_27.bin,analysis_out_28.bin,analysis_out_29.bin,analysis_out_30.bin,analysis_out_31.bin",3.5,aggregate,1259891.1997070312
cp,0,4096.0,78743.19998168945,33,33,,"[8, 16]",8,5,,ssd-beegfs,33,stage_out-aggregate,,"analysis_out_0.bin,analysis_out_1.bin,analysis_out_2.bin,analysis_out_3.bin,analysis_out_4.bin,analysis_out_5.bin,analysis_out_6.bin,analysis_out_7.bin,analysis_out_8.bin,analysis_out_9.bin,analysis_out_10.bin,analysis_out_11.bin,analysis_out_12.bin,analysis_out_13.bin,analysis_out_14.bin,analysis_out_15.bin,aggregate_out.bin,analysis_out_16.bin,analysis_out_17.bin,analysis_out_18.bin,analysis_out_19.bin,analysis_out_20.bin,analysis_out_21.bin,analysis_out_22.bin,analysis_out_23.bin,analysis_out_24.bin,analysis_out_25.bin,analysis_out_26.bin,analysis_out_27.bin,analysis_out_28.bin,analysis_out_29.bin,analysis_out_30.bin,analysis_out_31.bin",3.5,aggregate,629945.5998535156
cp,0,4096.0,78743.19998168945,33,33,,"[8, 16]",16,3,,ssd-beegfs,33,stage_out-aggregate,,"analysis_out_0.bin,analysis_out_1.bin,analysis_out_2.bin,analysis_out_3.bin,analysis_out_4.bin,analysis_out_5.bin,analysis_out_6.bin,analysis_out_7.bin,analysis_out_8.bin,analysis_out_9.bin,analysis_out_10.bin,analysis_out_11.bin,analysis_out_12.bin,analysis_out_13.bin,analysis_out_14.bin,analysis_out_15.bin,aggregate_out.bin,analysis_out_16.bin,analysis_out_17.bin,analysis_out_18.bin,analysis_out_19.bin,analysis_out_20.bin,analysis_out_21.bin,analysis_out_22.bin,analysis_out_23.bin,analysis_out_24.bin,analysis_out_25.bin,analysis_out_26.bin,analysis_out_27.bin,analysis_out_28.bin,analysis_out_29.bin,analysis_out_30.bin,analysis_out_31.bin",3.5,aggregate,1259891.1997070312
cp,0,4096.0,78743.19998168945,33,33,,"[8, 16]",8,5,,tmpfs-beegfs,33,stage_out-aggregate,,"analysis_out_0.bin,analysis_out_1.bin,analysis_out_2.bin,analysis_out_3.bin,analysis_out_4.bin,analysis_out_5.bin,analysis_out_6.bin,analysis_out_7.bin,analysis_out_8.bin,analysis_out_9.bin,analysis_out_10.bin,analysis_out_11.bin,analysis_out_12.bin,analysis_out_13.bin,analysis_out_14.bin,analysis_out_15.bin,aggregate_out.bin,analysis_out_16.bin,analysis_out_17.bin,analysis_out_18.bin,analysis_out_19.bin,analysis_out_20.bin,analysis_out_21.bin,analysis_out_22.bin,analysis_out_23.bin,analysis_out_24.bin,analysis_out_25.bin,analysis_out_26.bin,analysis_out_27.bin,analysis_out_28.bin,analysis_out_29.bin,analysis_out_30.bin,analysis_out_31.bin",3.5,aggregate,629945.5998535156
cp,0,4096.0,78743.19998168945,33,33,,"[8, 16]",16,3,,tmpfs-beegfs,33,stage_out-aggregate,,"analysis_out_0.bin,analysis_out_1.bin,analysis_out_2.bin,analysis_out_3.bin,analysis_out_4.bin,analysis_out_5.bin,analysis_out_6.bin,analysis_out_7.bin,analysis_out_8.bin,analysis_out_9.bin,analysis_out_10.bin,analysis_out_11.bin,analysis_out_12.bin,analysis_out_13.bin,analysis_out_14.bin,analysis_out_15.bin,aggregate_out.bin,analysis_out_16.bin,analysis_out_17.bin,analysis_out_18.bin,analysis_out_19.bin,analysis_out_20.bin,analysis_out_21.bin,analysis_out_22.bin,analysis_out_23.bin,analysis_out_24.bin,analysis_out_25.bin,analysis_out_26.bin,analysis_out_27.bin,analysis_out_28.bin,analysis_out_29.bin,analysis_out_30.bin,analysis_out_31.bin",3.5,aggregate,1259891.1997070312
cp,0,4096.0,100.0,1,1,,"[8, 16]",8,1,,beegfs-ssd,1,stage_out-aggregate,,aggregate_out.bin,3.5,aggregate,629945.5998535156
cp,0,4096.0,100.0,1,1,,"[8, 16]",16,1,,beegfs-ssd,1,stage_out-aggregate,,aggregate_out.bin,3.5,aggregate,1259891.1997070312
cp,0,4096.0,100.0,1,1,,"[8, 16]",8,1,,beegfs-tmpfs,1,stage_out-aggregate,,aggregate_out.bin,3.5,aggregate,629945.5998535156
cp,0,4096.0,100.0,1,1,,"[8, 16]",16,1,,beegfs-tmpfs,1,stage_out-aggregate,,aggregate_out.bin,3.5,aggregate,1259891.1997070312
scp,0,4096.0,100.0,1,1,,"[8, 16]",8,1,,ssd-ssd,1,stage_out-aggregate,,aggregate_out.bin,3.5,aggregate,629945.5998535156
scp,0,4096.0,100.0,1,1,,"[8, 16]",16,1,,ssd-ssd,1,stage_out-aggregate,,aggregate_out.bin,3.5,aggregate,1259891.1997070312
scp,0,4096.0,100.0,1,1,,"[8, 16]",8,1,,tmpfs-tmpfs,1,stage_out-aggregate,,aggregate_out.bin,3.5,aggregate,629945.5998535156
scp,0,4096.0,100.0,1,1,,"[8, 16]",16,1,,tmpfs-tmpfs,1,stage_out-aggregate,,aggregate_out.bin,3.5,aggregate,1259891.1997070312
cp,0,4096.0,100.0,1,1,,"[8, 16]",8,1,,ssd-beegfs,1,stage_out-aggregate,,aggregate_out.bin,3.5,aggregate,629945.5998535156
cp,0,4096.0,100.0,1,1,,"[8, 16]",16,1,,ssd-beegfs,1,stage_out-aggregate,,aggregate_out.bin,3.5,aggregate,1259891.1997070312
cp,0,4096.0,100.0,1,1,,"[8, 16]",8,1,,tmpfs-beegfs,1,stage_out-aggregate,,aggregate_out.bin,3.5,aggregate,629945.5998535156
cp,0,4096.0,100.0,1,1,,"[8, 16]",16,1,,tmpfs-beegfs,1,stage_out-aggregate,,aggregate_out.bin,3.5,aggregate,1259891.1997070312
cp,0,4096.0,78743.19998168945,33,33,,"[8, 16]",8,5,,tmpfs-beegfs,33,stage_out-aggregate,,"analysis_out_0.bin,analysis_out_1.bin,analysis_out_2.bin,analysis_out_3.bin,analysis_out_4.bin,analysis_out_5.bin,analysis_out_6.bin,analysis_out_7.bin,analysis_out_8.bin,analysis_out_9.bin,analysis_out_10.bin,analysis_out_11.bin,analysis_out_12.bin,analysis_out_13.bin,analysis_out_14.bin,analysis_out_15.bin,aggregate_out.bin,analysis_out_16.bin,analysis_out_17.bin,analysis_out_18.bin,analysis_out_19.bin,analysis_out_20.bin,analysis_out_21.bin,analysis_out_22.bin,analysis_out_23.bin,analysis_out_24.bin,analysis_out_25.bin,analysis_out_26.bin,analysis_out_27.bin,analysis_out_28.bin,analysis_out_29.bin,analysis_out_30.bin,analysis_out_31.bin",3.5,aggregate,629945.5998535156
cp,0,4096.0,78743.19998168945,33,33,,"[8, 16]",16,3,,tmpfs-beegfs,33,stage_out-aggregate,,"analysis_out_0.bin,analysis_out_1.bin,analysis_out_2.bin,analysis_out_3.bin,analysis_out_4.bin,analysis_out_5.bin,analysis_out_6.bin,analysis_out_7.bin,analysis_out_8.bin,analysis_out_9.bin,analysis_out_10.bin,analysis_out_11.bin,analysis_out_12.bin,analysis_out_13.bin,analysis_out_14.bin,analysis_out_15.bin,aggregate_out.bin,analysis_out_16.bin,analysis_out_17.bin,analysis_out_18.bin,analysis_out_19.bin,analysis_out_20.bin,analysis_out_21.bin,analysis_out_22.bin,analysis_out_23.bin,analysis_out_24.bin,analysis_out_25.bin,analysis_out_26.bin,analysis_out_27.bin,analysis_out_28.bin,analysis_out_29.bin,analysis_out_30.bin,analysis_out_31.bin",3.5,aggregate,1259891.1997070312
cp,0,4096.0,78743.19998168945,33,33,,"[8, 16]",8,5,,ssd-beegfs,33,stage_out-aggregate,,"analysis_out_0.bin,analysis_out_1.bin,analysis_out_2.bin,analysis_out_3.bin,analysis_out_4.bin,analysis_out_5.bin,analysis_out_6.bin,analysis_out_7.bin,analysis_out_8.bin,analysis_out_9.bin,analysis_out_10.bin,analysis_out_11.bin,analysis_out_12.bin,analysis_out_13.bin,analysis_out_14.bin,analysis_out_15.bin,aggregate_out.bin,analysis_out_16.bin,analysis_out_17.bin,analysis_out_18.bin,analysis_out_19.bin,analysis_out_20.bin,analysis_out_21.bin,analysis_out_22.bin,analysis_out_23.bin,analysis_out_24.bin,analysis_out_25.bin,analysis_out_26.bin,analysis_out_27.bin,analysis_out_28.bin,analysis_out_29.bin,analysis_out_30.bin,analysis_out_31.bin",3.5,aggregate,629945.5998535156
cp,0,4096.0,78743.19998168945,33,33,,"[8, 16]",16,3,,ssd-beegfs,33,stage_out-aggregate,,"analysis_out_0.bin,analysis_out_1.bin,analysis_out_2.bin,analysis_out_3.bin,analysis_out_4.bin,analysis_out_5.bin,analysis_out_6.bin,analysis_out_7.bin,analysis_out_8.bin,analysis_out_9.bin,analysis_out_10.bin,analysis_out_11.bin,analysis_out_12.bin,analysis_out_13.bin,analysis_out_14.bin,analysis_out_15.bin,aggregate_out.bin,analysis_out_16.bin,analysis_out_17.bin,analysis_out_18.bin,analysis_out_19.bin,analysis_out_20.bin,analysis_out_21.bin,analysis_out_22.bin,analysis_out_23.bin,analysis_out_24.bin,analysis_out_25.bin,analysis_out_26.bin,analysis_out_27.bin,analysis_out_28.bin,analysis_out_29.bin,analysis_out_30.bin,analysis_out_31.bin",3.5,aggregate,1259891.1997070312
