producer,producerStageOrder,consumer,consumerStageOrder,producerStorageType,producerTasksPerNode,consumerStorageType,consumerTasksPerNode,SPM,estT_prod,estT_cons
stage_in-individuals,0.5,individuals,1,ssd,1,ssd,30,14.528247796583585,0,14.528247796583585
stage_in-individuals,0.5,individuals,1,ssd,2,ssd,30,14.528247796583585,0,14.528247796583585
stage_in-individuals,0.5,individuals,1,ssd,5,ssd,30,14.528247796583585,0,14.528247796583585
stage_in-individuals,0.5,individuals,1,ssd,9,ssd,30,14.528247796583585,0,14.528247796583585
stage_in-individuals,0.5,individuals,1,ssd,10,ssd,30,14.528247796583585,0,14.528247796583585
stage_in-individuals,0.5,individuals,1,ssd,11,ssd,30,14.528247796583585,0,14.528247796583585
stage_in-individuals,0.5,individuals,1,ssd,23,ssd,30,14.528247796583585,0,14.528247796583585
stage_in-individuals,0.5,individuals,1,ssd,25,ssd,30,14.528247796583585,0,14.528247796583585
stage_in-individuals,0.5,individuals,1,ssd,27,ssd,30,14.528247796583585,0,14.528247796583585
stage_in-individuals,0.5,individuals,1,ssd,28,ssd,30,14.528247796583585,0,14.528247796583585
stage_in-individuals,0.5,individuals,1,ssd,29,ssd,30,14.528247796583585,0,14.528247796583585
stage_in-individuals,0.5,individuals,1,ssd,30,ssd,30,14.528247796583585,0,14.528247796583585
stage_in-individuals,0.5,individuals,1,ssd,31,ssd,30,14.528247796583585,0,14.528247796583585
stage_in-individuals,0.5,individuals,1,ssd,32,ssd,30,14.528247796583585,0,14.528247796583585
stage_in-individuals,0.5,individuals,1,ssd,34,ssd,30,14.528247796583585,0,14.528247796583585
stage_in-individuals,0.5,individuals,1,ssd,60,ssd,30,14.528247796583585,0,14.528247796583585
stage_in-individuals,0.5,individuals,1,ssd,150,ssd,30,14.528247796583585,0,14.528247796583585
stage_in-individuals,0.5,individuals,1,tmpfs,1,tmpfs,30,15.834521761208178,0,15.834521761208178
stage_in-individuals,0.5,individuals,1,tmpfs,2,tmpfs,30,15.834521761208178,0,15.834521761208178
stage_in-individuals,0.5,individuals,1,tmpfs,5,tmpfs,30,15.834521761208178,0,15.834521761208178
stage_in-individuals,0.5,individuals,1,tmpfs,9,tmpfs,30,15.834521761208178,0,15.834521761208178
stage_in-individuals,0.5,individuals,1,tmpfs,10,tmpfs,30,15.834521761208178,0,15.834521761208178
stage_in-individuals,0.5,individuals,1,tmpfs,11,tmpfs,30,15.834521761208178,0,15.834521761208178
stage_in-individuals,0.5,individuals,1,tmpfs,23,tmpfs,30,15.834521761208178,0,15.834521761208178
stage_in-individuals,0.5,individuals,1,tmpfs,25,tmpfs,30,15.834521761208178,0,15.834521761208178
stage_in-individuals,0.5,individuals,1,tmpfs,27,tmpfs,30,15.834521761208178,0,15.834521761208178
stage_in-individuals,0.5,individuals,1,tmpfs,28,tmpfs,30,15.834521761208178,0,15.834521761208178
stage_in-individuals,0.5,individuals,1,tmpfs,29,tmpfs,30,15.834521761208178,0,15.834521761208178
stage_in-individuals,0.5,individuals,1,tmpfs,30,tmpfs,30,15.834521761208178,0,15.834521761208178
stage_in-individuals,0.5,individuals,1,tmpfs,31,tmpfs,30,15.834521761208178,0,15.834521761208178
stage_in-individuals,0.5,individuals,1,tmpfs,32,tmpfs,30,15.834521761208178,0,15.834521761208178
stage_in-individuals,0.5,individuals,1,tmpfs,34,tmpfs,30,15.834521761208178,0,15.834521761208178
stage_in-individuals,0.5,individuals,1,tmpfs,60,tmpfs,30,15.834521761208178,0,15.834521761208178
stage_in-individuals,0.5,individuals,1,tmpfs,150,tmpfs,30,15.834521761208178,0,15.834521761208178
stage_in-individuals,0.5,individuals,1,ssd,1,ssd,60,16.903608521715448,0,16.903608521715448
stage_in-individuals,0.5,individuals,1,ssd,2,ssd,60,16.903608521715448,0,16.903608521715448
stage_in-individuals,0.5,individuals,1,ssd,5,ssd,60,16.903608521715448,0,16.903608521715448
stage_in-individuals,0.5,individuals,1,ssd,9,ssd,60,16.903608521715448,0,16.903608521715448
stage_in-individuals,0.5,individuals,1,ssd,10,ssd,60,16.903608521715448,0,16.903608521715448
stage_in-individuals,0.5,individuals,1,ssd,11,ssd,60,16.903608521715448,0,16.903608521715448
stage_in-individuals,0.5,individuals,1,ssd,23,ssd,60,16.903608521715448,0,16.903608521715448
stage_in-individuals,0.5,individuals,1,ssd,25,ssd,60,16.903608521715448,0,16.903608521715448
stage_in-individuals,0.5,individuals,1,ssd,27,ssd,60,16.903608521715448,0,16.903608521715448
stage_in-individuals,0.5,individuals,1,ssd,28,ssd,60,16.903608521715448,0,16.903608521715448
stage_in-individuals,0.5,individuals,1,ssd,29,ssd,60,16.903608521715448,0,16.903608521715448
stage_in-individuals,0.5,individuals,1,ssd,30,ssd,60,16.903608521715448,0,16.903608521715448
stage_in-individuals,0.5,individuals,1,ssd,31,ssd,60,16.903608521715448,0,16.903608521715448
stage_in-individuals,0.5,individuals,1,ssd,32,ssd,60,16.903608521715448,0,16.903608521715448
stage_in-individuals,0.5,individuals,1,ssd,34,ssd,60,16.903608521715448,0,16.903608521715448
stage_in-individuals,0.5,individuals,1,ssd,60,ssd,60,16.903608521715448,0,16.903608521715448
stage_in-individuals,0.5,individuals,1,ssd,150,ssd,60,16.903608521715448,0,16.903608521715448
stage_in-individuals,0.5,individuals,1,tmpfs,1,tmpfs,60,18.36111297603876,0,18.36111297603876
stage_in-individuals,0.5,individuals,1,tmpfs,2,tmpfs,60,18.36111297603876,0,18.36111297603876
stage_in-individuals,0.5,individuals,1,tmpfs,5,tmpfs,60,18.36111297603876,0,18.36111297603876
stage_in-individuals,0.5,individuals,1,tmpfs,9,tmpfs,60,18.36111297603876,0,18.36111297603876
stage_in-individuals,0.5,individuals,1,tmpfs,10,tmpfs,60,18.36111297603876,0,18.36111297603876
stage_in-individuals,0.5,individuals,1,tmpfs,11,tmpfs,60,18.36111297603876,0,18.36111297603876
stage_in-individuals,0.5,individuals,1,tmpfs,23,tmpfs,60,18.36111297603876,0,18.36111297603876
stage_in-individuals,0.5,individuals,1,tmpfs,25,tmpfs,60,18.36111297603876,0,18.36111297603876
stage_in-individuals,0.5,individuals,1,tmpfs,27,tmpfs,60,18.36111297603876,0,18.36111297603876
stage_in-individuals,0.5,individuals,1,tmpfs,28,tmpfs,60,18.36111297603876,0,18.36111297603876
stage_in-individuals,0.5,individuals,1,tmpfs,29,tmpfs,60,18.36111297603876,0,18.36111297603876
stage_in-individuals,0.5,individuals,1,tmpfs,30,tmpfs,60,18.36111297603876,0,18.36111297603876
stage_in-individuals,0.5,individuals,1,tmpfs,31,tmpfs,60,18.36111297603876,0,18.36111297603876
stage_in-individuals,0.5,individuals,1,tmpfs,32,tmpfs,60,18.36111297603876,0,18.36111297603876
stage_in-individuals,0.5,individuals,1,tmpfs,34,tmpfs,60,18.36111297603876,0,18.36111297603876
stage_in-individuals,0.5,individuals,1,tmpfs,60,tmpfs,60,18.36111297603876,0,18.36111297603876
stage_in-individuals,0.5,individuals,1,tmpfs,150,tmpfs,60,18.36111297603876,0,18.36111297603876
stage_in-individuals,0.5,individuals,1,tmpfs,1,tmpfs,150,41.213463307627066,0,41.213463307627066
stage_in-individuals,0.5,individuals,1,tmpfs,2,tmpfs,150,41.213463307627066,0,41.213463307627066
stage_in-individuals,0.5,individuals,1,tmpfs,5,tmpfs,150,41.213463307627066,0,41.213463307627066
stage_in-individuals,0.5,individuals,1,tmpfs,9,tmpfs,150,41.213463307627066,0,41.213463307627066
stage_in-individuals,0.5,individuals,1,tmpfs,10,tmpfs,150,41.213463307627066,0,41.213463307627066
stage_in-individuals,0.5,individuals,1,tmpfs,11,tmpfs,150,41.213463307627066,0,41.213463307627066
stage_in-individuals,0.5,individuals,1,tmpfs,23,tmpfs,150,41.213463307627066,0,41.213463307627066
stage_in-individuals,0.5,individuals,1,tmpfs,25,tmpfs,150,41.213463307627066,0,41.213463307627066
stage_in-individuals,0.5,individuals,1,tmpfs,27,tmpfs,150,41.213463307627066,0,41.213463307627066
stage_in-individuals,0.5,individuals,1,tmpfs,28,tmpfs,150,41.213463307627066,0,41.213463307627066
stage_in-individuals,0.5,individuals,1,tmpfs,29,tmpfs,150,41.213463307627066,0,41.213463307627066
stage_in-individuals,0.5,individuals,1,tmpfs,30,tmpfs,150,41.213463307627066,0,41.213463307627066
stage_in-individuals,0.5,individuals,1,tmpfs,31,tmpfs,150,41.213463307627066,0,41.213463307627066
stage_in-individuals,0.5,individuals,1,tmpfs,32,tmpfs,150,41.213463307627066,0,41.213463307627066
stage_in-individuals,0.5,individuals,1,tmpfs,34,tmpfs,150,41.213463307627066,0,41.213463307627066
stage_in-individuals,0.5,individuals,1,tmpfs,60,tmpfs,150,41.213463307627066,0,41.213463307627066
stage_in-individuals,0.5,individuals,1,tmpfs,150,tmpfs,150,41.213463307627066,0,41.213463307627066
stage_in-individuals,0.5,individuals,1,beegfs-ssd,16,ssd,30,70.31142305771536,55.783175261131774,14.528247796583585
stage_in-individuals,0.5,individuals,1,beegfs-ssd,15,ssd,30,71.00226529833907,56.47401750175549,14.528247796583585
stage_in-individuals,0.5,individuals,1,beegfs-ssd,14,ssd,30,71.71043347,57.18218567414732,14.528247796583585
stage_in-individuals,0.5,individuals,1,beegfs-ssd,16,ssd,60,72.68678378284721,55.783175261131774,16.903608521715448
stage_in-individuals,0.5,individuals,1,beegfs-ssd,15,ssd,60,73.37762602347094,56.47401750175549,16.903608521715448
stage_in-individuals,0.5,individuals,1,beegfs-ssd,14,ssd,60,74.08579419586277,57.18218567414732,16.903608521715448
stage_in-individuals,0.5,individuals,1,ssd,1,ssd,150,101.43620993347376,0,101.43620993347376
stage_in-individuals,0.5,individuals,1,ssd,2,ssd,150,101.43620993347376,0,101.43620993347376
stage_in-individuals,0.5,individuals,1,ssd,5,ssd,150,101.43620993347376,0,101.43620993347376
stage_in-individuals,0.5,individuals,1,ssd,9,ssd,150,101.43620993347376,0,101.43620993347376
stage_in-individuals,0.5,individuals,1,ssd,10,ssd,150,101.43620993347376,0,101.43620993347376
stage_in-individuals,0.5,individuals,1,ssd,11,ssd,150,101.43620993347376,0,101.43620993347376
stage_in-individuals,0.5,individuals,1,ssd,23,ssd,150,101.43620993347376,0,101.43620993347376
stage_in-individuals,0.5,individuals,1,ssd,25,ssd,150,101.43620993347376,0,101.43620993347376
stage_in-individuals,0.5,individuals,1,ssd,27,ssd,150,101.43620993347376,0,101.43620993347376
stage_in-individuals,0.5,individuals,1,ssd,28,ssd,150,101.43620993347376,0,101.43620993347376
stage_in-individuals,0.5,individuals,1,ssd,29,ssd,150,101.43620993347376,0,101.43620993347376
stage_in-individuals,0.5,individuals,1,ssd,30,ssd,150,101.43620993347376,0,101.43620993347376
stage_in-individuals,0.5,individuals,1,ssd,31,ssd,150,101.43620993347376,0,101.43620993347376
stage_in-individuals,0.5,individuals,1,ssd,32,ssd,150,101.43620993347376,0,101.43620993347376
stage_in-individuals,0.5,individuals,1,ssd,34,ssd,150,101.43620993347376,0,101.43620993347376
stage_in-individuals,0.5,individuals,1,ssd,60,ssd,150,101.43620993347376,0,101.43620993347376
stage_in-individuals,0.5,individuals,1,ssd,150,ssd,150,101.43620993347376,0,101.43620993347376
stage_in-individuals,0.5,individuals,1,beegfs-ssd,5,ssd,30,106.19874393555205,91.67049613896846,14.528247796583585
stage_in-individuals,0.5,individuals,1,beegfs-ssd,5,ssd,60,108.5741046606839,91.67049613896846,16.903608521715448
stage_in-individuals,0.5,individuals,1,beegfs,1,beegfs,30,131.5569477,0,131.5569477
stage_in-individuals,0.5,individuals,1,beegfs,2,beegfs,30,131.5569477,0,131.5569477
stage_in-individuals,0.5,individuals,1,beegfs,5,beegfs,30,131.5569477,0,131.5569477
stage_in-individuals,0.5,individuals,1,beegfs,9,beegfs,30,131.5569477,0,131.5569477
stage_in-individuals,0.5,individuals,1,beegfs,10,beegfs,30,131.5569477,0,131.5569477
stage_in-individuals,0.5,individuals,1,beegfs,11,beegfs,30,131.5569477,0,131.5569477
stage_in-individuals,0.5,individuals,1,beegfs,23,beegfs,30,131.5569477,0,131.5569477
stage_in-individuals,0.5,individuals,1,beegfs,25,beegfs,30,131.5569477,0,131.5569477
stage_in-individuals,0.5,individuals,1,beegfs,27,beegfs,30,131.5569477,0,131.5569477
stage_in-individuals,0.5,individuals,1,beegfs,28,beegfs,30,131.5569477,0,131.5569477
stage_in-individuals,0.5,individuals,1,beegfs,29,beegfs,30,131.5569477,0,131.5569477
stage_in-individuals,0.5,individuals,1,beegfs,30,beegfs,30,131.5569477,0,131.5569477
stage_in-individuals,0.5,individuals,1,beegfs,31,beegfs,30,131.5569477,0,131.5569477
stage_in-individuals,0.5,individuals,1,beegfs,32,beegfs,30,131.5569477,0,131.5569477
stage_in-individuals,0.5,individuals,1,beegfs,34,beegfs,30,131.5569477,0,131.5569477
stage_in-individuals,0.5,individuals,1,beegfs,60,beegfs,30,131.5569477,0,131.5569477
stage_in-individuals,0.5,individuals,1,beegfs,150,beegfs,30,131.5569477,0,131.5569477
stage_in-individuals,0.5,individuals,1,beegfs-ssd,6,ssd,30,144.09650482262185,129.56825702603825,14.528247796583585
stage_in-individuals,0.5,individuals,1,beegfs-ssd,7,ssd,30,144.09650482262185,129.56825702603825,14.528247796583585
stage_in-individuals,0.5,individuals,1,beegfs-ssd,6,ssd,60,146.4718655477537,129.56825702603825,16.903608521715448
stage_in-individuals,0.5,individuals,1,beegfs-ssd,7,ssd,60,146.4718655477537,129.56825702603825,16.903608521715448
stage_in-individuals,0.5,individuals,1,beegfs-ssd,16,ssd,150,157.21938519460554,55.783175261131774,101.43620993347376
stage_in-individuals,0.5,individuals,1,beegfs-ssd,15,ssd,150,157.91022743522925,56.47401750175549,101.43620993347376
stage_in-individuals,0.5,individuals,1,beegfs-ssd,14,ssd,150,158.6183956076211,57.18218567414732,101.43620993347376
stage_in-individuals,0.5,individuals,1,beegfs-tmpfs,7,tmpfs,30,164.99038853640042,149.15586677519224,15.834521761208178
stage_in-individuals,0.5,individuals,1,beegfs-tmpfs,7,tmpfs,60,167.5169798,149.15586677519224,18.36111297603876
stage_in-individuals,0.5,individuals,1,beegfs,1,beegfs,60,170.93783022213117,0,170.93783022213117
stage_in-individuals,0.5,individuals,1,beegfs,2,beegfs,60,170.93783022213117,0,170.93783022213117
stage_in-individuals,0.5,individuals,1,beegfs,5,beegfs,60,170.93783022213117,0,170.93783022213117
stage_in-individuals,0.5,individuals,1,beegfs,9,beegfs,60,170.93783022213117,0,170.93783022213117
stage_in-individuals,0.5,individuals,1,beegfs,10,beegfs,60,170.93783022213117,0,170.93783022213117
stage_in-individuals,0.5,individuals,1,beegfs,11,beegfs,60,170.93783022213117,0,170.93783022213117
stage_in-individuals,0.5,individuals,1,beegfs,23,beegfs,60,170.93783022213117,0,170.93783022213117
stage_in-individuals,0.5,individuals,1,beegfs,25,beegfs,60,170.93783022213117,0,170.93783022213117
stage_in-individuals,0.5,individuals,1,beegfs,27,beegfs,60,170.93783022213117,0,170.93783022213117
stage_in-individuals,0.5,individuals,1,beegfs,28,beegfs,60,170.93783022213117,0,170.93783022213117
stage_in-individuals,0.5,individuals,1,beegfs,29,beegfs,60,170.93783022213117,0,170.93783022213117
stage_in-individuals,0.5,individuals,1,beegfs,30,beegfs,60,170.93783022213117,0,170.93783022213117
stage_in-individuals,0.5,individuals,1,beegfs,31,beegfs,60,170.93783022213117,0,170.93783022213117
stage_in-individuals,0.5,individuals,1,beegfs,32,beegfs,60,170.93783022213117,0,170.93783022213117
stage_in-individuals,0.5,individuals,1,beegfs,34,beegfs,60,170.93783022213117,0,170.93783022213117
stage_in-individuals,0.5,individuals,1,beegfs,60,beegfs,60,170.93783022213117,0,170.93783022213117
stage_in-individuals,0.5,individuals,1,beegfs,150,beegfs,60,170.93783022213117,0,170.93783022213117
stage_in-individuals,0.5,individuals,1,beegfs-tmpfs,7,tmpfs,150,190.36933008281932,149.15586677519224,41.213463307627066
stage_in-individuals,0.5,individuals,1,beegfs-ssd,5,ssd,150,193.10670607244222,91.67049613896846,101.43620993347376
stage_in-individuals,0.5,individuals,1,beegfs-ssd,6,ssd,150,231.004467,129.56825702603825,101.43620993347376
stage_in-individuals,0.5,individuals,1,beegfs-ssd,7,ssd,150,231.004467,129.56825702603825,101.43620993347376
stage_in-individuals,0.5,individuals,1,beegfs-ssd,3,ssd,30,256.5216589903343,241.9934111937507,14.528247796583585
stage_in-individuals,0.5,individuals,1,beegfs-ssd,4,ssd,30,256.5216589903343,241.9934111937507,14.528247796583585
stage_in-individuals,0.5,individuals,1,beegfs-ssd,3,ssd,60,258.8970197154661,241.9934111937507,16.903608521715448
stage_in-individuals,0.5,individuals,1,beegfs-ssd,4,ssd,60,258.8970197154661,241.9934111937507,16.903608521715448
stage_in-individuals,0.5,individuals,1,tmpfs-beegfs,7,beegfs,30,266.54224379733944,134.98529605121647,131.5569477
stage_in-individuals,0.5,individuals,1,tmpfs-beegfs,7,beegfs,60,305.92312627334763,134.98529605121647,170.93783022213117
stage_in-individuals,0.5,individuals,1,beegfs-ssd,2,ssd,30,313.7055608486567,299.17731305207315,14.528247796583585
stage_in-individuals,0.5,individuals,1,beegfs-ssd,2,ssd,60,316.0809215737886,299.17731305207315,16.903608521715448
stage_in-individuals,0.5,individuals,1,beegfs-ssd,3,ssd,150,343.42962112722444,241.9934111937507,101.43620993347376
stage_in-individuals,0.5,individuals,1,beegfs-ssd,4,ssd,150,343.42962112722444,241.9934111937507,101.43620993347376
stage_in-individuals,0.5,individuals,1,beegfs-tmpfs,3,tmpfs,30,347.44497834581955,331.61045658461137,15.834521761208178
stage_in-individuals,0.5,individuals,1,beegfs-tmpfs,4,tmpfs,30,347.44497834581955,331.61045658461137,15.834521761208178
stage_in-individuals,0.5,individuals,1,beegfs-tmpfs,3,tmpfs,60,349.97156956065015,331.61045658461137,18.36111297603876
stage_in-individuals,0.5,individuals,1,beegfs-tmpfs,4,tmpfs,60,349.97156956065015,331.61045658461137,18.36111297603876
stage_in-individuals,0.5,individuals,1,beegfs-tmpfs,3,tmpfs,150,372.82391989223845,331.61045658461137,41.213463307627066
stage_in-individuals,0.5,individuals,1,beegfs-tmpfs,4,tmpfs,150,372.82391989223845,331.61045658461137,41.213463307627066
stage_in-individuals,0.5,individuals,1,beegfs-ssd,2,ssd,150,400.6135229855469,299.17731305207315,101.43620993347376
stage_in-individuals,0.5,individuals,1,tmpfs-beegfs,3,beegfs,30,430.6552174883546,299.0982697422316,131.5569477
stage_in-individuals,0.5,individuals,1,tmpfs-beegfs,4,beegfs,30,430.6552174883546,299.0982697422316,131.5569477
stage_in-individuals,0.5,individuals,1,beegfs-tmpfs,2,tmpfs,30,448.1321328962341,432.29761113502593,15.834521761208178
stage_in-individuals,0.5,individuals,1,beegfs-tmpfs,2,tmpfs,60,450.6587241110647,432.29761113502593,18.36111297603876
stage_in-individuals,0.5,individuals,1,tmpfs-tmpfs,16,tmpfs,30,458.37730789070076,442.5427861294926,15.834521761208178
stage_in-individuals,0.5,individuals,1,tmpfs-tmpfs,15,tmpfs,30,459.00273041651485,443.16820865530667,15.834521761208178
stage_in-individuals,0.5,individuals,1,tmpfs-tmpfs,14,tmpfs,30,459.6299231978924,443.79540143668424,15.834521761208178
stage_in-individuals,0.5,individuals,1,tmpfs-tmpfs,16,tmpfs,60,460.90389910553137,442.5427861294926,18.36111297603876
stage_in-individuals,0.5,individuals,1,ssd-ssd,14,ssd,30,461.2777507367893,446.74950294020573,14.528247796583585
stage_in-individuals,0.5,individuals,1,tmpfs-tmpfs,15,tmpfs,60,461.52932163134545,443.16820865530667,18.36111297603876
stage_in-individuals,0.5,individuals,1,ssd-ssd,15,ssd,30,461.56412051044174,447.03587271385817,14.528247796583585
stage_in-individuals,0.5,individuals,1,ssd-ssd,16,ssd,30,461.85085764991305,447.3226098533295,14.528247796583585
stage_in-individuals,0.5,individuals,1,tmpfs-tmpfs,14,tmpfs,60,462.1565144,443.79540143668424,18.36111297603876
stage_in-individuals,0.5,individuals,1,ssd-ssd,14,ssd,60,463.6531114619212,446.74950294020573,16.903608521715448
stage_in-individuals,0.5,individuals,1,ssd-ssd,15,ssd,60,463.9394812355736,447.03587271385817,16.903608521715448
stage_in-individuals,0.5,individuals,1,ssd-ssd,16,ssd,60,464.22621837504494,447.3226098533295,16.903608521715448
stage_in-individuals,0.5,individuals,1,tmpfs-beegfs,3,beegfs,60,470.03609996436273,299.0982697422316,170.93783022213117
stage_in-individuals,0.5,individuals,1,tmpfs-beegfs,4,beegfs,60,470.03609996436273,299.0982697422316,170.93783022213117
stage_in-individuals,0.5,individuals,1,beegfs-tmpfs,2,tmpfs,150,473.5110744,432.29761113502593,41.213463307627066
stage_in-individuals,0.5,individuals,1,tmpfs-tmpfs,16,tmpfs,150,483.75624943711966,442.5427861294926,41.213463307627066
stage_in-individuals,0.5,individuals,1,tmpfs-tmpfs,15,tmpfs,150,484.38167196293375,443.16820865530667,41.213463307627066
stage_in-individuals,0.5,individuals,1,tmpfs-tmpfs,14,tmpfs,150,485.0088647443113,443.79540143668424,41.213463307627066
stage_in-individuals,0.5,individuals,1,tmpfs-beegfs,2,beegfs,30,491.26210801853205,359.70516027240905,131.5569477
stage_in-individuals,0.5,individuals,1,ssd-beegfs,14,beegfs,30,506.77741292337936,375.22046517725636,131.5569477
stage_in-individuals,0.5,individuals,1,ssd-beegfs,15,beegfs,30,511.01275554917396,379.45580780305096,131.5569477
stage_in-individuals,0.5,individuals,1,ssd-beegfs,16,beegfs,30,515.3448035470574,383.78785580093444,131.5569477
stage_in-individuals,0.5,individuals,1,tmpfs-beegfs,2,beegfs,60,530.6429904945402,359.70516027240905,170.93783022213117
stage_in-individuals,0.5,individuals,1,ssd-beegfs,14,beegfs,60,546.1582953993875,375.22046517725636,170.93783022213117
stage_in-individuals,0.5,individuals,1,ssd-ssd,14,ssd,150,548.1857128736794,446.74950294020573,101.43620993347376
stage_in-individuals,0.5,individuals,1,ssd-ssd,15,ssd,150,548.4720826,447.03587271385817,101.43620993347376
stage_in-individuals,0.5,individuals,1,ssd-ssd,16,ssd,150,548.7588197868032,447.3226098533295,101.43620993347376
stage_in-individuals,0.5,individuals,1,ssd-beegfs,15,beegfs,60,550.3936380251821,379.45580780305096,170.93783022213117
stage_in-individuals,0.5,individuals,1,ssd-beegfs,16,beegfs,60,554.7256860230656,383.78785580093444,170.93783022213117
stage_in-individuals,0.5,individuals,1,beegfs-tmpfs,16,tmpfs,30,576.0701970887646,560.2356753275565,15.834521761208178
stage_in-individuals,0.5,individuals,1,beegfs-tmpfs,16,tmpfs,60,578.5967883035952,560.2356753275565,18.36111297603876
stage_in-individuals,0.5,individuals,1,ssd-beegfs,5,beegfs,30,579.4235415005708,447.86659375444776,131.5569477
stage_in-individuals,0.5,individuals,1,beegfs-tmpfs,15,tmpfs,30,594.7814404667345,578.9469187055263,15.834521761208178
stage_in-individuals,0.5,individuals,1,beegfs-tmpfs,15,tmpfs,60,597.3080317,578.9469187055263,18.36111297603876
stage_in-individuals,0.5,individuals,1,beegfs-tmpfs,16,tmpfs,150,601.4491386351835,560.2356753275565,41.213463307627066
stage_in-individuals,0.5,individuals,1,beegfs-tmpfs,14,tmpfs,30,614.7857396,598.9512177910258,15.834521761208178
stage_in-individuals,0.5,individuals,1,beegfs-tmpfs,14,tmpfs,60,617.3123307670645,598.9512177910258,18.36111297603876
stage_in-individuals,0.5,individuals,1,ssd-beegfs,5,beegfs,60,618.804424,447.86659375444776,170.93783022213117
stage_in-individuals,0.5,individuals,1,beegfs-tmpfs,15,tmpfs,150,620.1603820131534,578.9469187055263,41.213463307627066
stage_in-individuals,0.5,individuals,1,beegfs-tmpfs,14,tmpfs,150,640.1646810986529,598.9512177910258,41.213463307627066
stage_in-individuals,0.5,individuals,1,beegfs-ssd,1,ssd,30,657.3861698859865,642.8579220894029,14.528247796583585
stage_in-individuals,0.5,individuals,1,beegfs-ssd,1,ssd,60,659.7615306111184,642.8579220894029,16.903608521715448
stage_in-individuals,0.5,individuals,1,tmpfs-beegfs,16,beegfs,30,672.7272957944036,541.1703480482806,131.5569477
stage_in-individuals,0.5,individuals,1,tmpfs-beegfs,15,beegfs,30,681.7135213846159,550.1565736384929,131.5569477
stage_in-individuals,0.5,individuals,1,tmpfs-beegfs,14,beegfs,30,691.0032218323088,559.4462740861858,131.5569477
stage_in-individuals,0.5,individuals,1,tmpfs-beegfs,16,beegfs,60,712.1081782704118,541.1703480482806,170.93783022213117
stage_in-individuals,0.5,individuals,1,tmpfs-beegfs,15,beegfs,60,721.0944038606241,550.1565736384929,170.93783022213117
stage_in-individuals,0.5,individuals,1,tmpfs-beegfs,14,beegfs,60,730.3841043,559.4462740861858,170.93783022213117
stage_in-individuals,0.5,individuals,1,beegfs-ssd,1,ssd,150,744.2941320228766,642.8579220894029,101.43620993347376
stage_in-individuals,0.5,individuals,1,ssd-beegfs,7,beegfs,30,764.7345162407372,633.1775684946142,131.5569477
stage_in-individuals,0.5,individuals,1,ssd-beegfs,6,beegfs,30,765.4567075036942,633.8997597575712,131.5569477
stage_in-individuals,0.5,individuals,1,tmpfs-beegfs,1,beegfs,30,773.0045047810773,641.4475570349543,131.5569477
stage_in-individuals,0.5,individuals,1,ssd-beegfs,7,beegfs,60,804.1153987167454,633.1775684946142,170.93783022213117
stage_in-individuals,0.5,individuals,1,ssd-beegfs,6,beegfs,60,804.8375899797024,633.8997597575712,170.93783022213117
stage_in-individuals,0.5,individuals,1,tmpfs-beegfs,1,beegfs,60,812.3853872570855,641.4475570349543,170.93783022213117
stage_in-individuals,0.5,individuals,1,beegfs-tmpfs,1,tmpfs,30,869.4386431177311,853.6041213565229,15.834521761208178
stage_in-individuals,0.5,individuals,1,beegfs-tmpfs,1,tmpfs,60,871.9652343325616,853.6041213565229,18.36111297603876
stage_in-individuals,0.5,individuals,1,beegfs-tmpfs,1,tmpfs,150,894.8175847,853.6041213565229,41.213463307627066
stage_in-individuals,0.5,individuals,1,tmpfs-beegfs,5,beegfs,30,966.7704456314891,835.2134978853661,131.5569477
stage_in-individuals,0.5,individuals,1,tmpfs-beegfs,6,beegfs,30,966.7704456314891,835.2134978853661,131.5569477
stage_in-individuals,0.5,individuals,1,tmpfs-beegfs,5,beegfs,60,1006.1513281074973,835.2134978853661,170.93783022213117
stage_in-individuals,0.5,individuals,1,tmpfs-beegfs,6,beegfs,60,1006.1513281074973,835.2134978853661,170.93783022213117
stage_in-individuals,0.5,individuals,1,ssd-ssd,6,ssd,30,1102.6237795293437,1088.095532,14.528247796583585
stage_in-individuals,0.5,individuals,1,ssd-ssd,7,ssd,30,1102.6593873795969,1088.1311395830132,14.528247796583585
stage_in-individuals,0.5,individuals,1,ssd-ssd,6,ssd,60,1104.9991402544754,1088.095532,16.903608521715448
stage_in-individuals,0.5,individuals,1,ssd-ssd,7,ssd,60,1105.0347481047286,1088.1311395830132,16.903608521715448
stage_in-individuals,0.5,individuals,1,tmpfs-tmpfs,6,tmpfs,30,1110.3162939939045,1094.4817722326964,15.834521761208178
stage_in-individuals,0.5,individuals,1,tmpfs-tmpfs,7,tmpfs,30,1110.9286646036107,1095.0941428424026,15.834521761208178
stage_in-individuals,0.5,individuals,1,tmpfs-tmpfs,6,tmpfs,60,1112.8428852087352,1094.4817722326964,18.36111297603876
stage_in-individuals,0.5,individuals,1,tmpfs-tmpfs,7,tmpfs,60,1113.4552558184414,1095.0941428424026,18.36111297603876
stage_in-individuals,0.5,individuals,1,tmpfs-tmpfs,6,tmpfs,150,1135.6952355403234,1094.4817722326964,41.213463307627066
stage_in-individuals,0.5,individuals,1,tmpfs-tmpfs,7,tmpfs,150,1136.3076061500296,1095.0941428424026,41.213463307627066
stage_in-individuals,0.5,individuals,1,ssd-ssd,6,ssd,150,1189.5317416662338,1088.095532,101.43620993347376
stage_in-individuals,0.5,individuals,1,ssd-ssd,7,ssd,150,1189.567349516487,1088.1311395830132,101.43620993347376
stage_in-individuals,0.5,individuals,1,beegfs-tmpfs,5,tmpfs,30,1213.6250626012536,1197.7905408400454,15.834521761208178
stage_in-individuals,0.5,individuals,1,beegfs-tmpfs,6,tmpfs,30,1213.6250626012536,1197.7905408400454,15.834521761208178
stage_in-individuals,0.5,individuals,1,beegfs-tmpfs,5,tmpfs,60,1216.1516538160843,1197.7905408400454,18.36111297603876
stage_in-individuals,0.5,individuals,1,beegfs-tmpfs,6,tmpfs,60,1216.1516538160843,1197.7905408400454,18.36111297603876
stage_in-individuals,0.5,individuals,1,beegfs-tmpfs,5,tmpfs,150,1239.0040041476725,1197.7905408400454,41.213463307627066
stage_in-individuals,0.5,individuals,1,beegfs-tmpfs,6,tmpfs,150,1239.0040041476725,1197.7905408400454,41.213463307627066
stage_in-individuals,0.5,individuals,1,beegfs,1,beegfs,150,1416.964875293468,0,1416.964875293468
stage_in-individuals,0.5,individuals,1,beegfs,2,beegfs,150,1416.964875293468,0,1416.964875293468
stage_in-individuals,0.5,individuals,1,beegfs,5,beegfs,150,1416.964875293468,0,1416.964875293468
stage_in-individuals,0.5,individuals,1,beegfs,9,beegfs,150,1416.964875293468,0,1416.964875293468
stage_in-individuals,0.5,individuals,1,beegfs,10,beegfs,150,1416.964875293468,0,1416.964875293468
stage_in-individuals,0.5,individuals,1,beegfs,11,beegfs,150,1416.964875293468,0,1416.964875293468
stage_in-individuals,0.5,individuals,1,beegfs,23,beegfs,150,1416.964875293468,0,1416.964875293468
stage_in-individuals,0.5,individuals,1,beegfs,25,beegfs,150,1416.964875293468,0,1416.964875293468
stage_in-individuals,0.5,individuals,1,beegfs,27,beegfs,150,1416.964875293468,0,1416.964875293468
stage_in-individuals,0.5,individuals,1,beegfs,28,beegfs,150,1416.964875293468,0,1416.964875293468
stage_in-individuals,0.5,individuals,1,beegfs,29,beegfs,150,1416.964875293468,0,1416.964875293468
stage_in-individuals,0.5,individuals,1,beegfs,30,beegfs,150,1416.964875293468,0,1416.964875293468
stage_in-individuals,0.5,individuals,1,beegfs,31,beegfs,150,1416.964875293468,0,1416.964875293468
stage_in-individuals,0.5,individuals,1,beegfs,32,beegfs,150,1416.964875293468,0,1416.964875293468
stage_in-individuals,0.5,individuals,1,beegfs,34,beegfs,150,1416.964875293468,0,1416.964875293468
stage_in-individuals,0.5,individuals,1,beegfs,60,beegfs,150,1416.964875293468,0,1416.964875293468
stage_in-individuals,0.5,individuals,1,beegfs,150,beegfs,150,1416.964875293468,0,1416.964875293468
stage_in-individuals,0.5,individuals,1,tmpfs-beegfs,7,beegfs,150,1551.9501713446843,134.98529605121647,1416.964875293468
stage_in-individuals,0.5,individuals,1,ssd-beegfs,3,beegfs,30,1654.8439776338232,1523.28703,131.5569477
stage_in-individuals,0.5,individuals,1,ssd-beegfs,4,beegfs,30,1654.8439776338232,1523.28703,131.5569477
stage_in-individuals,0.5,individuals,1,ssd-beegfs,2,beegfs,30,1671.3108506689214,1539.7539029227985,131.5569477
stage_in-individuals,0.5,individuals,1,ssd-beegfs,3,beegfs,60,1694.2248601098313,1523.28703,170.93783022213117
stage_in-individuals,0.5,individuals,1,ssd-beegfs,4,beegfs,60,1694.2248601098313,1523.28703,170.93783022213117
stage_in-individuals,0.5,individuals,1,ssd-beegfs,2,beegfs,60,1710.6917331449297,1539.7539029227985,170.93783022213117
stage_in-individuals,0.5,individuals,1,tmpfs-beegfs,3,beegfs,150,1716.0631450356996,299.0982697422316,1416.964875293468
stage_in-individuals,0.5,individuals,1,tmpfs-beegfs,4,beegfs,150,1716.0631450356996,299.0982697422316,1416.964875293468
stage_in-individuals,0.5,individuals,1,tmpfs-beegfs,2,beegfs,150,1776.670035565877,359.70516027240905,1416.964875293468
stage_in-individuals,0.5,individuals,1,ssd-beegfs,14,beegfs,150,1792.1853404707242,375.22046517725636,1416.964875293468
stage_in-individuals,0.5,individuals,1,ssd-beegfs,15,beegfs,150,1796.4206830965188,379.45580780305096,1416.964875293468
stage_in-individuals,0.5,individuals,1,ssd-beegfs,16,beegfs,150,1800.7527310944024,383.78785580093444,1416.964875293468
stage_in-individuals,0.5,individuals,1,ssd-beegfs,5,beegfs,150,1864.8314690479156,447.86659375444776,1416.964875293468
stage_in-individuals,0.5,individuals,1,ssd-beegfs,1,beegfs,30,1937.8258287462177,1806.2688810000948,131.5569477
stage_in-individuals,0.5,individuals,1,tmpfs-beegfs,16,beegfs,150,1958.1352233417485,541.1703480482806,1416.964875293468
stage_in-individuals,0.5,individuals,1,tmpfs-beegfs,15,beegfs,150,1967.121448931961,550.1565736384929,1416.964875293468
stage_in-individuals,0.5,individuals,1,tmpfs-beegfs,14,beegfs,150,1976.4111493796536,559.4462740861858,1416.964875293468
stage_in-individuals,0.5,individuals,1,ssd-beegfs,1,beegfs,60,1977.206711222226,1806.2688810000948,170.93783022213117
stage_in-individuals,0.5,individuals,1,ssd-beegfs,7,beegfs,150,2050.1424437880823,633.1775684946142,1416.964875293468
stage_in-individuals,0.5,individuals,1,ssd-beegfs,6,beegfs,150,2050.864635051039,633.8997597575712,1416.964875293468
stage_in-individuals,0.5,individuals,1,tmpfs-beegfs,1,beegfs,150,2058.4124323284223,641.4475570349543,1416.964875293468
stage_in-individuals,0.5,individuals,1,ssd-ssd,3,ssd,30,2185.668806463884,2171.1405586673004,14.528247796583585
stage_in-individuals,0.5,individuals,1,ssd-ssd,4,ssd,30,2185.768047493343,2171.2397996967597,14.528247796583585
stage_in-individuals,0.5,individuals,1,ssd-ssd,3,ssd,60,2188.0441671890158,2171.1405586673004,16.903608521715448
stage_in-individuals,0.5,individuals,1,ssd-ssd,4,ssd,60,2188.143408218475,2171.2397996967597,16.903608521715448
stage_in-individuals,0.5,individuals,1,tmpfs-tmpfs,3,tmpfs,30,2191.563135725962,2175.728613964754,15.834521761208178
stage_in-individuals,0.5,individuals,1,tmpfs-tmpfs,4,tmpfs,30,2191.563135725962,2175.728613964754,15.834521761208178
stage_in-individuals,0.5,individuals,1,tmpfs-tmpfs,3,tmpfs,60,2194.089726940793,2175.728613964754,18.36111297603876
stage_in-individuals,0.5,individuals,1,tmpfs-tmpfs,4,tmpfs,60,2194.089726940793,2175.728613964754,18.36111297603876
stage_in-individuals,0.5,individuals,1,tmpfs-tmpfs,3,tmpfs,150,2216.942077272381,2175.728613964754,41.213463307627066
stage_in-individuals,0.5,individuals,1,tmpfs-tmpfs,4,tmpfs,150,2216.942077272381,2175.728613964754,41.213463307627066
stage_in-individuals,0.5,individuals,1,tmpfs-beegfs,5,beegfs,150,2252.178373178834,835.2134978853661,1416.964875293468
stage_in-individuals,0.5,individuals,1,tmpfs-beegfs,6,beegfs,150,2252.178373178834,835.2134978853661,1416.964875293468
stage_in-individuals,0.5,individuals,1,ssd-ssd,3,ssd,150,2272.5767686007744,2171.1405586673004,101.43620993347376
stage_in-individuals,0.5,individuals,1,ssd-ssd,4,ssd,150,2272.6760096302337,2171.2397996967597,101.43620993347376
stage_in-individuals,0.5,individuals,1,ssd-beegfs,3,beegfs,150,2940.251905181168,1523.28703,1416.964875293468
stage_in-individuals,0.5,individuals,1,ssd-beegfs,4,beegfs,150,2940.251905181168,1523.28703,1416.964875293468
stage_in-individuals,0.5,individuals,1,ssd-beegfs,2,beegfs,150,2956.7187782162664,1539.7539029227985,1416.964875293468
stage_in-individuals,0.5,individuals,1,ssd-beegfs,1,beegfs,150,3223.2337562935627,1806.2688810000948,1416.964875293468
individuals,1,individuals-stage_out,1.5,ssd,30,ssd,1,14.528247796583585,14.528247796583585,0
individuals,1,individuals-stage_out,1.5,ssd,30,ssd,2,14.528247796583585,14.528247796583585,0
individuals,1,individuals-stage_out,1.5,ssd,30,ssd,5,14.528247796583585,14.528247796583585,0
individuals,1,individuals-stage_out,1.5,ssd,30,ssd,9,14.528247796583585,14.528247796583585,0
individuals,1,individuals-stage_out,1.5,ssd,30,ssd,10,14.528247796583585,14.528247796583585,0
individuals,1,individuals-stage_out,1.5,ssd,30,ssd,11,14.528247796583585,14.528247796583585,0
individuals,1,individuals-stage_out,1.5,ssd,30,ssd,23,14.528247796583585,14.528247796583585,0
individuals,1,individuals-stage_out,1.5,ssd,30,ssd,25,14.528247796583585,14.528247796583585,0
individuals,1,individuals-stage_out,1.5,ssd,30,ssd,27,14.528247796583585,14.528247796583585,0
individuals,1,individuals-stage_out,1.5,ssd,30,ssd,28,14.528247796583585,14.528247796583585,0
individuals,1,individuals-stage_out,1.5,ssd,30,ssd,29,14.528247796583585,14.528247796583585,0
individuals,1,individuals-stage_out,1.5,ssd,30,ssd,30,14.528247796583585,14.528247796583585,0
individuals,1,individuals-stage_out,1.5,ssd,30,ssd,31,14.528247796583585,14.528247796583585,0
individuals,1,individuals-stage_out,1.5,ssd,30,ssd,32,14.528247796583585,14.528247796583585,0
individuals,1,individuals-stage_out,1.5,ssd,30,ssd,34,14.528247796583585,14.528247796583585,0
individuals,1,individuals-stage_out,1.5,ssd,30,ssd,60,14.528247796583585,14.528247796583585,0
individuals,1,individuals-stage_out,1.5,ssd,30,ssd,150,14.528247796583585,14.528247796583585,0
individuals,1,individuals-stage_out,1.5,tmpfs,30,tmpfs,1,15.834521761208178,15.834521761208178,0
individuals,1,individuals-stage_out,1.5,tmpfs,30,tmpfs,2,15.834521761208178,15.834521761208178,0
individuals,1,individuals-stage_out,1.5,tmpfs,30,tmpfs,5,15.834521761208178,15.834521761208178,0
individuals,1,individuals-stage_out,1.5,tmpfs,30,tmpfs,9,15.834521761208178,15.834521761208178,0
individuals,1,individuals-stage_out,1.5,tmpfs,30,tmpfs,10,15.834521761208178,15.834521761208178,0
individuals,1,individuals-stage_out,1.5,tmpfs,30,tmpfs,11,15.834521761208178,15.834521761208178,0
individuals,1,individuals-stage_out,1.5,tmpfs,30,tmpfs,23,15.834521761208178,15.834521761208178,0
individuals,1,individuals-stage_out,1.5,tmpfs,30,tmpfs,25,15.834521761208178,15.834521761208178,0
individuals,1,individuals-stage_out,1.5,tmpfs,30,tmpfs,27,15.834521761208178,15.834521761208178,0
individuals,1,individuals-stage_out,1.5,tmpfs,30,tmpfs,28,15.834521761208178,15.834521761208178,0
individuals,1,individuals-stage_out,1.5,tmpfs,30,tmpfs,29,15.834521761208178,15.834521761208178,0
individuals,1,individuals-stage_out,1.5,tmpfs,30,tmpfs,30,15.834521761208178,15.834521761208178,0
individuals,1,individuals-stage_out,1.5,tmpfs,30,tmpfs,31,15.834521761208178,15.834521761208178,0
individuals,1,individuals-stage_out,1.5,tmpfs,30,tmpfs,32,15.834521761208178,15.834521761208178,0
individuals,1,individuals-stage_out,1.5,tmpfs,30,tmpfs,34,15.834521761208178,15.834521761208178,0
individuals,1,individuals-stage_out,1.5,tmpfs,30,tmpfs,60,15.834521761208178,15.834521761208178,0
individuals,1,individuals-stage_out,1.5,tmpfs,30,tmpfs,150,15.834521761208178,15.834521761208178,0
individuals,1,individuals-stage_out,1.5,ssd,60,ssd,1,16.903608521715448,16.903608521715448,0
individuals,1,individuals-stage_out,1.5,ssd,60,ssd,2,16.903608521715448,16.903608521715448,0
individuals,1,individuals-stage_out,1.5,ssd,60,ssd,5,16.903608521715448,16.903608521715448,0
individuals,1,individuals-stage_out,1.5,ssd,60,ssd,9,16.903608521715448,16.903608521715448,0
individuals,1,individuals-stage_out,1.5,ssd,60,ssd,10,16.903608521715448,16.903608521715448,0
individuals,1,individuals-stage_out,1.5,ssd,60,ssd,11,16.903608521715448,16.903608521715448,0
individuals,1,individuals-stage_out,1.5,ssd,60,ssd,23,16.903608521715448,16.903608521715448,0
individuals,1,individuals-stage_out,1.5,ssd,60,ssd,25,16.903608521715448,16.903608521715448,0
individuals,1,individuals-stage_out,1.5,ssd,60,ssd,27,16.903608521715448,16.903608521715448,0
individuals,1,individuals-stage_out,1.5,ssd,60,ssd,28,16.903608521715448,16.903608521715448,0
individuals,1,individuals-stage_out,1.5,ssd,60,ssd,29,16.903608521715448,16.903608521715448,0
individuals,1,individuals-stage_out,1.5,ssd,60,ssd,30,16.903608521715448,16.903608521715448,0
individuals,1,individuals-stage_out,1.5,ssd,60,ssd,31,16.903608521715448,16.903608521715448,0
individuals,1,individuals-stage_out,1.5,ssd,60,ssd,32,16.903608521715448,16.903608521715448,0
individuals,1,individuals-stage_out,1.5,ssd,60,ssd,34,16.903608521715448,16.903608521715448,0
individuals,1,individuals-stage_out,1.5,ssd,60,ssd,60,16.903608521715448,16.903608521715448,0
individuals,1,individuals-stage_out,1.5,ssd,60,ssd,150,16.903608521715448,16.903608521715448,0
individuals,1,individuals-stage_out,1.5,tmpfs,60,tmpfs,1,18.36111297603876,18.36111297603876,0
individuals,1,individuals-stage_out,1.5,tmpfs,60,tmpfs,2,18.36111297603876,18.36111297603876,0
individuals,1,individuals-stage_out,1.5,tmpfs,60,tmpfs,5,18.36111297603876,18.36111297603876,0
individuals,1,individuals-stage_out,1.5,tmpfs,60,tmpfs,9,18.36111297603876,18.36111297603876,0
individuals,1,individuals-stage_out,1.5,tmpfs,60,tmpfs,10,18.36111297603876,18.36111297603876,0
individuals,1,individuals-stage_out,1.5,tmpfs,60,tmpfs,11,18.36111297603876,18.36111297603876,0
individuals,1,individuals-stage_out,1.5,tmpfs,60,tmpfs,23,18.36111297603876,18.36111297603876,0
individuals,1,individuals-stage_out,1.5,tmpfs,60,tmpfs,25,18.36111297603876,18.36111297603876,0
individuals,1,individuals-stage_out,1.5,tmpfs,60,tmpfs,27,18.36111297603876,18.36111297603876,0
individuals,1,individuals-stage_out,1.5,tmpfs,60,tmpfs,28,18.36111297603876,18.36111297603876,0
individuals,1,individuals-stage_out,1.5,tmpfs,60,tmpfs,29,18.36111297603876,18.36111297603876,0
individuals,1,individuals-stage_out,1.5,tmpfs,60,tmpfs,30,18.36111297603876,18.36111297603876,0
individuals,1,individuals-stage_out,1.5,tmpfs,60,tmpfs,31,18.36111297603876,18.36111297603876,0
individuals,1,individuals-stage_out,1.5,tmpfs,60,tmpfs,32,18.36111297603876,18.36111297603876,0
individuals,1,individuals-stage_out,1.5,tmpfs,60,tmpfs,34,18.36111297603876,18.36111297603876,0
individuals,1,individuals-stage_out,1.5,tmpfs,60,tmpfs,60,18.36111297603876,18.36111297603876,0
individuals,1,individuals-stage_out,1.5,tmpfs,60,tmpfs,150,18.36111297603876,18.36111297603876,0
individuals,1,individuals-stage_out,1.5,tmpfs,150,tmpfs,1,41.213463307627066,41.213463307627066,0
individuals,1,individuals-stage_out,1.5,tmpfs,150,tmpfs,2,41.213463307627066,41.213463307627066,0
individuals,1,individuals-stage_out,1.5,tmpfs,150,tmpfs,5,41.213463307627066,41.213463307627066,0
individuals,1,individuals-stage_out,1.5,tmpfs,150,tmpfs,9,41.213463307627066,41.213463307627066,0
individuals,1,individuals-stage_out,1.5,tmpfs,150,tmpfs,10,41.213463307627066,41.213463307627066,0
individuals,1,individuals-stage_out,1.5,tmpfs,150,tmpfs,11,41.213463307627066,41.213463307627066,0
individuals,1,individuals-stage_out,1.5,tmpfs,150,tmpfs,23,41.213463307627066,41.213463307627066,0
individuals,1,individuals-stage_out,1.5,tmpfs,150,tmpfs,25,41.213463307627066,41.213463307627066,0
individuals,1,individuals-stage_out,1.5,tmpfs,150,tmpfs,27,41.213463307627066,41.213463307627066,0
individuals,1,individuals-stage_out,1.5,tmpfs,150,tmpfs,28,41.213463307627066,41.213463307627066,0
individuals,1,individuals-stage_out,1.5,tmpfs,150,tmpfs,29,41.213463307627066,41.213463307627066,0
individuals,1,individuals-stage_out,1.5,tmpfs,150,tmpfs,30,41.213463307627066,41.213463307627066,0
individuals,1,individuals-stage_out,1.5,tmpfs,150,tmpfs,31,41.213463307627066,41.213463307627066,0
individuals,1,individuals-stage_out,1.5,tmpfs,150,tmpfs,32,41.213463307627066,41.213463307627066,0
individuals,1,individuals-stage_out,1.5,tmpfs,150,tmpfs,34,41.213463307627066,41.213463307627066,0
individuals,1,individuals-stage_out,1.5,tmpfs,150,tmpfs,60,41.213463307627066,41.213463307627066,0
individuals,1,individuals-stage_out,1.5,tmpfs,150,tmpfs,150,41.213463307627066,41.213463307627066,0
individuals,1,individuals-stage_out,1.5,beegfs,30,beegfs-ssd,30,49.72321153936247,0.008633539,49.71457799997497
individuals,1,individuals-stage_out,1.5,beegfs,60,beegfs-ssd,30,49.728055555176155,0.013477555201188046,49.71457799997497
individuals,1,individuals-stage_out,1.5,beegfs,150,beegfs-ssd,30,49.753239767067164,0.038661767092190144,49.71457799997497
individuals,1,individuals-stage_out,1.5,ssd,150,ssd,1,101.43620993347376,101.43620993347376,0
individuals,1,individuals-stage_out,1.5,ssd,150,ssd,2,101.43620993347376,101.43620993347376,0
individuals,1,individuals-stage_out,1.5,ssd,150,ssd,5,101.43620993347376,101.43620993347376,0
individuals,1,individuals-stage_out,1.5,ssd,150,ssd,9,101.43620993347376,101.43620993347376,0
individuals,1,individuals-stage_out,1.5,ssd,150,ssd,10,101.43620993347376,101.43620993347376,0
individuals,1,individuals-stage_out,1.5,ssd,150,ssd,11,101.43620993347376,101.43620993347376,0
individuals,1,individuals-stage_out,1.5,ssd,150,ssd,23,101.43620993347376,101.43620993347376,0
individuals,1,individuals-stage_out,1.5,ssd,150,ssd,25,101.43620993347376,101.43620993347376,0
individuals,1,individuals-stage_out,1.5,ssd,150,ssd,27,101.43620993347376,101.43620993347376,0
individuals,1,individuals-stage_out,1.5,ssd,150,ssd,28,101.43620993347376,101.43620993347376,0
individuals,1,individuals-stage_out,1.5,ssd,150,ssd,29,101.43620993347376,101.43620993347376,0
individuals,1,individuals-stage_out,1.5,ssd,150,ssd,30,101.43620993347376,101.43620993347376,0
individuals,1,individuals-stage_out,1.5,ssd,150,ssd,31,101.43620993347376,101.43620993347376,0
individuals,1,individuals-stage_out,1.5,ssd,150,ssd,32,101.43620993347376,101.43620993347376,0
individuals,1,individuals-stage_out,1.5,ssd,150,ssd,34,101.43620993347376,101.43620993347376,0
individuals,1,individuals-stage_out,1.5,ssd,150,ssd,60,101.43620993347376,101.43620993347376,0
individuals,1,individuals-stage_out,1.5,ssd,150,ssd,150,101.43620993347376,101.43620993347376,0
individuals,1,individuals-stage_out,1.5,beegfs,30,beegfs-ssd,12,120.1056359042165,0.008633539,120.09700236482901
individuals,1,individuals-stage_out,1.5,beegfs,60,beegfs-ssd,12,120.1104799200302,0.013477555201188046,120.09700236482901
individuals,1,individuals-stage_out,1.5,beegfs,150,beegfs-ssd,12,120.1356641319212,0.038661767092190144,120.09700236482901
individuals,1,individuals-stage_out,1.5,beegfs,30,beegfs,1,131.5569477,131.5569477,0
individuals,1,individuals-stage_out,1.5,beegfs,30,beegfs,2,131.5569477,131.5569477,0
individuals,1,individuals-stage_out,1.5,beegfs,30,beegfs,5,131.5569477,131.5569477,0
individuals,1,individuals-stage_out,1.5,beegfs,30,beegfs,9,131.5569477,131.5569477,0
individuals,1,individuals-stage_out,1.5,beegfs,30,beegfs,10,131.5569477,131.5569477,0
individuals,1,individuals-stage_out,1.5,beegfs,30,beegfs,11,131.5569477,131.5569477,0
individuals,1,individuals-stage_out,1.5,beegfs,30,beegfs,23,131.5569477,131.5569477,0
individuals,1,individuals-stage_out,1.5,beegfs,30,beegfs,25,131.5569477,131.5569477,0
individuals,1,individuals-stage_out,1.5,beegfs,30,beegfs,27,131.5569477,131.5569477,0
individuals,1,individuals-stage_out,1.5,beegfs,30,beegfs,28,131.5569477,131.5569477,0
individuals,1,individuals-stage_out,1.5,beegfs,30,beegfs,29,131.5569477,131.5569477,0
individuals,1,individuals-stage_out,1.5,beegfs,30,beegfs,30,131.5569477,131.5569477,0
individuals,1,individuals-stage_out,1.5,beegfs,30,beegfs,31,131.5569477,131.5569477,0
individuals,1,individuals-stage_out,1.5,beegfs,30,beegfs,32,131.5569477,131.5569477,0
individuals,1,individuals-stage_out,1.5,beegfs,30,beegfs,34,131.5569477,131.5569477,0
individuals,1,individuals-stage_out,1.5,beegfs,30,beegfs,60,131.5569477,131.5569477,0
individuals,1,individuals-stage_out,1.5,beegfs,30,beegfs,150,131.5569477,131.5569477,0
individuals,1,individuals-stage_out,1.5,tmpfs,30,tmpfs-beegfs,12,133.63763392219263,0.000547169,133.63708675312816
individuals,1,individuals-stage_out,1.5,tmpfs,60,tmpfs-beegfs,12,133.63787709003017,0.000790337,133.63708675312816
individuals,1,individuals-stage_out,1.5,tmpfs,150,tmpfs-beegfs,12,133.63898016502498,0.001893412,133.63708675312816
individuals,1,individuals-stage_out,1.5,beegfs,30,beegfs-tmpfs,12,137.17006742398075,0.008633539,137.16143388459327
individuals,1,individuals-stage_out,1.5,beegfs,60,beegfs-tmpfs,12,137.17491143979444,0.013477555201188046,137.16143388459327
individuals,1,individuals-stage_out,1.5,beegfs,150,beegfs-tmpfs,12,137.20009565168544,0.038661767092190144,137.16143388459327
individuals,1,individuals-stage_out,1.5,tmpfs,30,tmpfs-beegfs,7,150.81981781242465,15.834521761208178,134.98529605121647
individuals,1,individuals-stage_out,1.5,tmpfs,60,tmpfs-beegfs,7,153.34640902725522,18.36111297603876,134.98529605121647
individuals,1,individuals-stage_out,1.5,beegfs,60,beegfs,1,170.93783022213117,170.93783022213117,0
individuals,1,individuals-stage_out,1.5,beegfs,60,beegfs,2,170.93783022213117,170.93783022213117,0
individuals,1,individuals-stage_out,1.5,beegfs,60,beegfs,5,170.93783022213117,170.93783022213117,0
individuals,1,individuals-stage_out,1.5,beegfs,60,beegfs,9,170.93783022213117,170.93783022213117,0
individuals,1,individuals-stage_out,1.5,beegfs,60,beegfs,10,170.93783022213117,170.93783022213117,0
individuals,1,individuals-stage_out,1.5,beegfs,60,beegfs,11,170.93783022213117,170.93783022213117,0
individuals,1,individuals-stage_out,1.5,beegfs,60,beegfs,23,170.93783022213117,170.93783022213117,0
individuals,1,individuals-stage_out,1.5,beegfs,60,beegfs,25,170.93783022213117,170.93783022213117,0
individuals,1,individuals-stage_out,1.5,beegfs,60,beegfs,27,170.93783022213117,170.93783022213117,0
individuals,1,individuals-stage_out,1.5,beegfs,60,beegfs,28,170.93783022213117,170.93783022213117,0
individuals,1,individuals-stage_out,1.5,beegfs,60,beegfs,29,170.93783022213117,170.93783022213117,0
individuals,1,individuals-stage_out,1.5,beegfs,60,beegfs,30,170.93783022213117,170.93783022213117,0
individuals,1,individuals-stage_out,1.5,beegfs,60,beegfs,31,170.93783022213117,170.93783022213117,0
individuals,1,individuals-stage_out,1.5,beegfs,60,beegfs,32,170.93783022213117,170.93783022213117,0
individuals,1,individuals-stage_out,1.5,beegfs,60,beegfs,34,170.93783022213117,170.93783022213117,0
individuals,1,individuals-stage_out,1.5,beegfs,60,beegfs,60,170.93783022213117,170.93783022213117,0
individuals,1,individuals-stage_out,1.5,beegfs,60,beegfs,150,170.93783022213117,170.93783022213117,0
individuals,1,individuals-stage_out,1.5,tmpfs,150,tmpfs-beegfs,7,176.19875935884352,41.213463307627066,134.98529605121647
individuals,1,individuals-stage_out,1.5,beegfs,30,beegfs-ssd,16,187.34012300725476,131.5569477,55.783175261131774
individuals,1,individuals-stage_out,1.5,beegfs,30,beegfs-ssd,15,188.0309652478785,131.5569477,56.47401750175549
individuals,1,individuals-stage_out,1.5,beegfs,30,beegfs-ssd,14,188.73913342027032,131.5569477,57.18218567414732
individuals,1,individuals-stage_out,1.5,beegfs,60,beegfs-ssd,16,226.72100548326296,170.93783022213117,55.783175261131774
individuals,1,individuals-stage_out,1.5,beegfs,60,beegfs-ssd,15,227.41184772388667,170.93783022213117,56.47401750175549
individuals,1,individuals-stage_out,1.5,beegfs,60,beegfs-ssd,14,228.1200158962785,170.93783022213117,57.18218567414732
individuals,1,individuals-stage_out,1.5,beegfs,30,beegfs-ssd,7,261.1252047721613,131.5569477,129.56825702603825
individuals,1,individuals-stage_out,1.5,beegfs,30,beegfs-tmpfs,7,280.71281452131524,131.5569477,149.15586677519224
individuals,1,individuals-stage_out,1.5,tmpfs,30,tmpfs-beegfs,6,295.88249137407763,15.834521761208178,280.04796961286945
individuals,1,individuals-stage_out,1.5,tmpfs,60,tmpfs-beegfs,6,298.40908258890823,18.36111297603876,280.04796961286945
individuals,1,individuals-stage_out,1.5,beegfs,60,beegfs-ssd,7,300.5060872481694,170.93783022213117,129.56825702603825
individuals,1,individuals-stage_out,1.5,tmpfs,30,tmpfs-beegfs,3,314.9327915034398,15.834521761208178,299.0982697422316
individuals,1,individuals-stage_out,1.5,tmpfs,30,tmpfs-beegfs,4,314.9327915034398,15.834521761208178,299.0982697422316
individuals,1,individuals-stage_out,1.5,tmpfs,60,tmpfs-beegfs,3,317.4593827182704,18.36111297603876,299.0982697422316
individuals,1,individuals-stage_out,1.5,tmpfs,60,tmpfs-beegfs,4,317.4593827182704,18.36111297603876,299.0982697422316
individuals,1,individuals-stage_out,1.5,beegfs,60,beegfs-tmpfs,7,320.0936969973234,170.93783022213117,149.15586677519224
individuals,1,individuals-stage_out,1.5,tmpfs,150,tmpfs-beegfs,6,321.26143292049653,41.213463307627066,280.04796961286945
individuals,1,individuals-stage_out,1.5,tmpfs,150,tmpfs-beegfs,3,340.3117330498587,41.213463307627066,299.0982697422316
individuals,1,individuals-stage_out,1.5,tmpfs,150,tmpfs-beegfs,4,340.3117330498587,41.213463307627066,299.0982697422316
individuals,1,individuals-stage_out,1.5,beegfs,30,beegfs-ssd,6,361.11178710721293,131.5569477,229.55483936108993
individuals,1,individuals-stage_out,1.5,ssd,30,ssd-beegfs,30,368.89156834905395,0.014950977621360845,368.8766173714326
individuals,1,individuals-stage_out,1.5,ssd,60,ssd-beegfs,30,368.9000533189598,0.023435947527214503,368.8766173714326
individuals,1,individuals-stage_out,1.5,ssd,150,ssd-beegfs,30,368.9476331596455,0.071015788,368.8766173714326
individuals,1,individuals-stage_out,1.5,beegfs,30,beegfs-ssd,3,373.5503589398737,131.5569477,241.9934111937507
individuals,1,individuals-stage_out,1.5,beegfs,30,beegfs-ssd,4,373.5503589398737,131.5569477,241.9934111937507
individuals,1,individuals-stage_out,1.5,ssd,30,ssd-beegfs,14,389.74871297383993,14.528247796583585,375.22046517725636
individuals,1,individuals-stage_out,1.5,beegfs,30,beegfs-tmpfs,30,390.4855257830458,0.008633539,390.47689224365826
individuals,1,individuals-stage_out,1.5,beegfs,60,beegfs-tmpfs,30,390.49036979885943,0.013477555201188046,390.47689224365826
individuals,1,individuals-stage_out,1.5,beegfs,150,beegfs-tmpfs,30,390.51555401075046,0.038661767092190144,390.47689224365826
individuals,1,individuals-stage_out,1.5,ssd,60,ssd-beegfs,14,392.1240736989718,16.903608521715448,375.22046517725636
individuals,1,individuals-stage_out,1.5,ssd,30,ssd-beegfs,15,393.98405559963453,14.528247796583585,379.45580780305096
individuals,1,individuals-stage_out,1.5,ssd,60,ssd-beegfs,15,396.3594163247664,16.903608521715448,379.45580780305096
individuals,1,individuals-stage_out,1.5,tmpfs,30,tmpfs-beegfs,30,397.13862543391707,0.000547169,397.1380782648526
individuals,1,individuals-stage_out,1.5,tmpfs,60,tmpfs-beegfs,30,397.1388686017546,0.000790337,397.1380782648526
individuals,1,individuals-stage_out,1.5,tmpfs,150,tmpfs-beegfs,30,397.13997167674944,0.001893412,397.1380782648526
individuals,1,individuals-stage_out,1.5,ssd,30,ssd-beegfs,16,398.3161036,14.528247796583585,383.78785580093444
individuals,1,individuals-stage_out,1.5,beegfs,60,beegfs-ssd,6,400.4926695832211,170.93783022213117,229.55483936108993
individuals,1,individuals-stage_out,1.5,ssd,60,ssd-beegfs,16,400.6914643226499,16.903608521715448,383.78785580093444
individuals,1,individuals-stage_out,1.5,beegfs,30,beegfs-tmpfs,6,405.2426582377335,131.5569477,273.6857104916105
individuals,1,individuals-stage_out,1.5,beegfs,60,beegfs-ssd,3,412.93124141588186,170.93783022213117,241.9934111937507
individuals,1,individuals-stage_out,1.5,beegfs,60,beegfs-ssd,4,412.93124141588186,170.93783022213117,241.9934111937507
individuals,1,individuals-stage_out,1.5,beegfs,60,beegfs-tmpfs,6,444.6235407137417,170.93783022213117,273.6857104916105
individuals,1,individuals-stage_out,1.5,ssd,30,ssd-ssd,30,452.07296944810975,0.014950977621360845,452.0580184704884
individuals,1,individuals-stage_out,1.5,ssd,60,ssd-ssd,30,452.0814544180156,0.023435947527214503,452.0580184704884
individuals,1,individuals-stage_out,1.5,ssd,150,ssd-ssd,30,452.12903425870127,0.071015788,452.0580184704884
individuals,1,individuals-stage_out,1.5,tmpfs,30,tmpfs-tmpfs,30,458.06647993577144,0.000547169,458.06593276670696
individuals,1,individuals-stage_out,1.5,tmpfs,60,tmpfs-tmpfs,30,458.0667231,0.000790337,458.06593276670696
individuals,1,individuals-stage_out,1.5,tmpfs,150,tmpfs-tmpfs,30,458.0678261786038,0.001893412,458.06593276670696
individuals,1,individuals-stage_out,1.5,tmpfs,30,tmpfs-tmpfs,16,458.37730789070076,15.834521761208178,442.5427861294926
individuals,1,individuals-stage_out,1.5,tmpfs,30,tmpfs-tmpfs,15,459.00273041651485,15.834521761208178,443.16820865530667
individuals,1,individuals-stage_out,1.5,tmpfs,30,tmpfs-tmpfs,14,459.6299231978924,15.834521761208178,443.79540143668424
individuals,1,individuals-stage_out,1.5,tmpfs,60,tmpfs-tmpfs,16,460.90389910553137,18.36111297603876,442.5427861294926
individuals,1,individuals-stage_out,1.5,ssd,30,ssd-ssd,14,461.2777507367893,14.528247796583585,446.74950294020573
individuals,1,individuals-stage_out,1.5,tmpfs,60,tmpfs-tmpfs,15,461.52932163134545,18.36111297603876,443.16820865530667
individuals,1,individuals-stage_out,1.5,ssd,30,ssd-ssd,15,461.56412051044174,14.528247796583585,447.03587271385817
individuals,1,individuals-stage_out,1.5,ssd,30,ssd-ssd,16,461.85085764991305,14.528247796583585,447.3226098533295
individuals,1,individuals-stage_out,1.5,tmpfs,60,tmpfs-tmpfs,14,462.1565144,18.36111297603876,443.79540143668424
individuals,1,individuals-stage_out,1.5,beegfs,30,beegfs-tmpfs,3,463.16740433073437,131.5569477,331.61045658461137
individuals,1,individuals-stage_out,1.5,beegfs,30,beegfs-tmpfs,4,463.16740433073437,131.5569477,331.61045658461137
individuals,1,individuals-stage_out,1.5,ssd,60,ssd-ssd,14,463.6531114619212,16.903608521715448,446.74950294020573
individuals,1,individuals-stage_out,1.5,ssd,60,ssd-ssd,15,463.9394812355736,16.903608521715448,447.03587271385817
individuals,1,individuals-stage_out,1.5,ssd,60,ssd-ssd,16,464.22621837504494,16.903608521715448,447.3226098533295
individuals,1,individuals-stage_out,1.5,ssd,150,ssd-beegfs,14,476.65667511073013,101.43620993347376,375.22046517725636
individuals,1,individuals-stage_out,1.5,ssd,150,ssd-beegfs,15,480.89201773652474,101.43620993347376,379.45580780305096
individuals,1,individuals-stage_out,1.5,tmpfs,150,tmpfs-tmpfs,16,483.75624943711966,41.213463307627066,442.5427861294926
individuals,1,individuals-stage_out,1.5,tmpfs,150,tmpfs-tmpfs,15,484.38167196293375,41.213463307627066,443.16820865530667
individuals,1,individuals-stage_out,1.5,tmpfs,150,tmpfs-tmpfs,14,485.0088647443113,41.213463307627066,443.79540143668424
individuals,1,individuals-stage_out,1.5,ssd,150,ssd-beegfs,16,485.2240657344082,101.43620993347376,383.78785580093444
individuals,1,individuals-stage_out,1.5,beegfs,60,beegfs-tmpfs,3,502.54828680674257,170.93783022213117,331.61045658461137
individuals,1,individuals-stage_out,1.5,beegfs,60,beegfs-tmpfs,4,502.54828680674257,170.93783022213117,331.61045658461137
individuals,1,individuals-stage_out,1.5,ssd,150,ssd-ssd,14,548.1857128736794,101.43620993347376,446.74950294020573
individuals,1,individuals-stage_out,1.5,ssd,150,ssd-ssd,15,548.4720826,101.43620993347376,447.03587271385817
individuals,1,individuals-stage_out,1.5,ssd,150,ssd-ssd,16,548.7588197868032,101.43620993347376,447.3226098533295
individuals,1,individuals-stage_out,1.5,tmpfs,30,tmpfs-beegfs,16,557.0048698094888,15.834521761208178,541.1703480482806
individuals,1,individuals-stage_out,1.5,tmpfs,60,tmpfs-beegfs,16,559.5314610243194,18.36111297603876,541.1703480482806
individuals,1,individuals-stage_out,1.5,tmpfs,30,tmpfs-beegfs,15,565.9910953997011,15.834521761208178,550.1565736384929
individuals,1,individuals-stage_out,1.5,tmpfs,60,tmpfs-beegfs,15,568.5176866145316,18.36111297603876,550.1565736384929
individuals,1,individuals-stage_out,1.5,tmpfs,30,tmpfs-beegfs,14,575.2807958,15.834521761208178,559.4462740861858
individuals,1,individuals-stage_out,1.5,tmpfs,60,tmpfs-beegfs,14,577.8073870622245,18.36111297603876,559.4462740861858
individuals,1,individuals-stage_out,1.5,tmpfs,150,tmpfs-beegfs,16,582.3838113559077,41.213463307627066,541.1703480482806
individuals,1,individuals-stage_out,1.5,tmpfs,150,tmpfs-beegfs,15,591.3700369,41.213463307627066,550.1565736384929
individuals,1,individuals-stage_out,1.5,tmpfs,150,tmpfs-beegfs,14,600.6597373938129,41.213463307627066,559.4462740861858
individuals,1,individuals-stage_out,1.5,ssd,30,ssd-beegfs,12,629.6347185897429,0.014950977621360845,629.6197676121216
individuals,1,individuals-stage_out,1.5,ssd,60,ssd-beegfs,12,629.6432035596488,0.023435947527214503,629.6197676121216
individuals,1,individuals-stage_out,1.5,ssd,150,ssd-beegfs,12,629.6907834003345,0.071015788,629.6197676121216
individuals,1,individuals-stage_out,1.5,ssd,30,ssd-beegfs,7,647.7058162911978,14.528247796583585,633.1775684946142
individuals,1,individuals-stage_out,1.5,ssd,60,ssd-beegfs,7,650.0811770163297,16.903608521715448,633.1775684946142
individuals,1,individuals-stage_out,1.5,beegfs,30,beegfs-tmpfs,16,691.7926230736795,131.5569477,560.2356753275565
individuals,1,individuals-stage_out,1.5,beegfs,30,beegfs-tmpfs,15,710.5038664516493,131.5569477,578.9469187055263
individuals,1,individuals-stage_out,1.5,beegfs,30,beegfs-tmpfs,14,730.5081655371488,131.5569477,598.9512177910258
individuals,1,individuals-stage_out,1.5,beegfs,60,beegfs-tmpfs,16,731.1735055496877,170.93783022213117,560.2356753275565
individuals,1,individuals-stage_out,1.5,ssd,150,ssd-beegfs,7,734.6137784280879,101.43620993347376,633.1775684946142
individuals,1,individuals-stage_out,1.5,beegfs,60,beegfs-tmpfs,15,749.8847489276575,170.93783022213117,578.9469187055263
individuals,1,individuals-stage_out,1.5,beegfs,60,beegfs-tmpfs,14,769.889048,170.93783022213117,598.9512177910258
individuals,1,individuals-stage_out,1.5,ssd,30,ssd-ssd,12,1089.804943549877,0.014950977621360845,1089.7899925722556
individuals,1,individuals-stage_out,1.5,ssd,60,ssd-ssd,12,1089.8134285197827,0.023435947527214503,1089.7899925722556
individuals,1,individuals-stage_out,1.5,ssd,150,ssd-ssd,12,1089.8610083604685,0.071015788,1089.7899925722556
individuals,1,individuals-stage_out,1.5,tmpfs,30,tmpfs-tmpfs,12,1096.370858060315,0.000547169,1096.3703108912505
individuals,1,individuals-stage_out,1.5,tmpfs,60,tmpfs-tmpfs,12,1096.3711012281524,0.000790337,1096.3703108912505
individuals,1,individuals-stage_out,1.5,tmpfs,150,tmpfs-tmpfs,12,1096.3722043031473,0.001893412,1096.3703108912505
individuals,1,individuals-stage_out,1.5,ssd,30,ssd-ssd,7,1102.6593873795969,14.528247796583585,1088.1311395830132
individuals,1,individuals-stage_out,1.5,ssd,60,ssd-ssd,7,1105.0347481047286,16.903608521715448,1088.1311395830132
individuals,1,individuals-stage_out,1.5,tmpfs,30,tmpfs-tmpfs,7,1110.9286646036107,15.834521761208178,1095.0941428424026
individuals,1,individuals-stage_out,1.5,tmpfs,60,tmpfs-tmpfs,7,1113.4552558184414,18.36111297603876,1095.0941428424026
individuals,1,individuals-stage_out,1.5,tmpfs,150,tmpfs-tmpfs,7,1136.3076061500296,41.213463307627066,1095.0941428424026
individuals,1,individuals-stage_out,1.5,ssd,150,ssd-ssd,7,1189.567349516487,101.43620993347376,1088.1311395830132
individuals,1,individuals-stage_out,1.5,beegfs,150,beegfs,1,1416.964875293468,1416.964875293468,0
individuals,1,individuals-stage_out,1.5,beegfs,150,beegfs,2,1416.964875293468,1416.964875293468,0
individuals,1,individuals-stage_out,1.5,beegfs,150,beegfs,5,1416.964875293468,1416.964875293468,0
individuals,1,individuals-stage_out,1.5,beegfs,150,beegfs,9,1416.964875293468,1416.964875293468,0
individuals,1,individuals-stage_out,1.5,beegfs,150,beegfs,10,1416.964875293468,1416.964875293468,0
individuals,1,individuals-stage_out,1.5,beegfs,150,beegfs,11,1416.964875293468,1416.964875293468,0
individuals,1,individuals-stage_out,1.5,beegfs,150,beegfs,23,1416.964875293468,1416.964875293468,0
individuals,1,individuals-stage_out,1.5,beegfs,150,beegfs,25,1416.964875293468,1416.964875293468,0
individuals,1,individuals-stage_out,1.5,beegfs,150,beegfs,27,1416.964875293468,1416.964875293468,0
individuals,1,individuals-stage_out,1.5,beegfs,150,beegfs,28,1416.964875293468,1416.964875293468,0
individuals,1,individuals-stage_out,1.5,beegfs,150,beegfs,29,1416.964875293468,1416.964875293468,0
individuals,1,individuals-stage_out,1.5,beegfs,150,beegfs,30,1416.964875293468,1416.964875293468,0
individuals,1,individuals-stage_out,1.5,beegfs,150,beegfs,31,1416.964875293468,1416.964875293468,0
individuals,1,individuals-stage_out,1.5,beegfs,150,beegfs,32,1416.964875293468,1416.964875293468,0
individuals,1,individuals-stage_out,1.5,beegfs,150,beegfs,34,1416.964875293468,1416.964875293468,0
individuals,1,individuals-stage_out,1.5,beegfs,150,beegfs,60,1416.964875293468,1416.964875293468,0
individuals,1,individuals-stage_out,1.5,beegfs,150,beegfs,150,1416.964875293468,1416.964875293468,0
individuals,1,individuals-stage_out,1.5,beegfs,150,beegfs-ssd,16,1472.7480505545998,1416.964875293468,55.783175261131774
individuals,1,individuals-stage_out,1.5,beegfs,150,beegfs-ssd,15,1473.4388927952234,1416.964875293468,56.47401750175549
individuals,1,individuals-stage_out,1.5,beegfs,150,beegfs-ssd,14,1474.1470609676153,1416.964875293468,57.18218567414732
individuals,1,individuals-stage_out,1.5,ssd,30,ssd-beegfs,6,1521.9985130502646,14.528247796583585,1507.470265253681
individuals,1,individuals-stage_out,1.5,ssd,60,ssd-beegfs,6,1524.3738737753963,16.903608521715448,1507.470265253681
individuals,1,individuals-stage_out,1.5,ssd,30,ssd-beegfs,3,1537.8152776842837,14.528247796583585,1523.28703
individuals,1,individuals-stage_out,1.5,ssd,30,ssd-beegfs,4,1537.8152776842837,14.528247796583585,1523.28703
individuals,1,individuals-stage_out,1.5,ssd,60,ssd-beegfs,3,1540.1906384094154,16.903608521715448,1523.28703
individuals,1,individuals-stage_out,1.5,ssd,60,ssd-beegfs,4,1540.1906384094154,16.903608521715448,1523.28703
individuals,1,individuals-stage_out,1.5,beegfs,150,beegfs-ssd,7,1546.5331323195062,1416.964875293468,129.56825702603825
individuals,1,individuals-stage_out,1.5,beegfs,150,beegfs-tmpfs,7,1566.120742,1416.964875293468,149.15586677519224
individuals,1,individuals-stage_out,1.5,ssd,150,ssd-beegfs,6,1608.9064751871547,101.43620993347376,1507.470265253681
individuals,1,individuals-stage_out,1.5,ssd,150,ssd-beegfs,3,1624.7232398211738,101.43620993347376,1523.28703
individuals,1,individuals-stage_out,1.5,ssd,150,ssd-beegfs,4,1624.7232398211738,101.43620993347376,1523.28703
individuals,1,individuals-stage_out,1.5,beegfs,150,beegfs-ssd,6,1646.519714654558,1416.964875293468,229.55483936108993
individuals,1,individuals-stage_out,1.5,beegfs,150,beegfs-ssd,3,1658.9582864872186,1416.964875293468,241.9934111937507
individuals,1,individuals-stage_out,1.5,beegfs,150,beegfs-ssd,4,1658.9582864872186,1416.964875293468,241.9934111937507
individuals,1,individuals-stage_out,1.5,beegfs,150,beegfs-tmpfs,6,1690.6505857850784,1416.964875293468,273.6857104916105
individuals,1,individuals-stage_out,1.5,beegfs,150,beegfs-tmpfs,3,1748.5753318780794,1416.964875293468,331.61045658461137
individuals,1,individuals-stage_out,1.5,beegfs,150,beegfs-tmpfs,4,1748.5753318780794,1416.964875293468,331.61045658461137
individuals,1,individuals-stage_out,1.5,beegfs,150,beegfs-tmpfs,16,1977.2005506210244,1416.964875293468,560.2356753275565
individuals,1,individuals-stage_out,1.5,beegfs,150,beegfs-tmpfs,15,1995.9117939989942,1416.964875293468,578.9469187055263
individuals,1,individuals-stage_out,1.5,beegfs,150,beegfs-tmpfs,14,2015.9160930844937,1416.964875293468,598.9512177910258
individuals,1,individuals-stage_out,1.5,ssd,30,ssd-ssd,3,2185.668806463884,14.528247796583585,2171.1405586673004
individuals,1,individuals-stage_out,1.5,ssd,30,ssd-ssd,4,2185.768047493343,14.528247796583585,2171.2397996967597
individuals,1,individuals-stage_out,1.5,ssd,30,ssd-ssd,6,2186.619057190165,14.528247796583585,2172.090809393582
individuals,1,individuals-stage_out,1.5,ssd,60,ssd-ssd,3,2188.0441671890158,16.903608521715448,2171.1405586673004
individuals,1,individuals-stage_out,1.5,ssd,60,ssd-ssd,4,2188.143408218475,16.903608521715448,2171.2397996967597
individuals,1,individuals-stage_out,1.5,ssd,60,ssd-ssd,6,2188.994417915297,16.903608521715448,2172.090809393582
individuals,1,individuals-stage_out,1.5,tmpfs,30,tmpfs-tmpfs,3,2191.563135725962,15.834521761208178,2175.728613964754
individuals,1,individuals-stage_out,1.5,tmpfs,30,tmpfs-tmpfs,4,2191.563135725962,15.834521761208178,2175.728613964754
individuals,1,individuals-stage_out,1.5,tmpfs,60,tmpfs-tmpfs,3,2194.089726940793,18.36111297603876,2175.728613964754
individuals,1,individuals-stage_out,1.5,tmpfs,60,tmpfs-tmpfs,4,2194.089726940793,18.36111297603876,2175.728613964754
individuals,1,individuals-stage_out,1.5,tmpfs,30,tmpfs-tmpfs,6,2194.462054364495,15.834521761208178,2178.627532603287
individuals,1,individuals-stage_out,1.5,tmpfs,60,tmpfs-tmpfs,6,2196.9886455793257,18.36111297603876,2178.627532603287
individuals,1,individuals-stage_out,1.5,tmpfs,150,tmpfs-tmpfs,3,2216.942077272381,41.213463307627066,2175.728613964754
individuals,1,individuals-stage_out,1.5,tmpfs,150,tmpfs-tmpfs,4,2216.942077272381,41.213463307627066,2175.728613964754
individuals,1,individuals-stage_out,1.5,tmpfs,150,tmpfs-tmpfs,6,2219.840995910914,41.213463307627066,2178.627532603287
individuals,1,individuals-stage_out,1.5,ssd,150,ssd-ssd,3,2272.5767686007744,101.43620993347376,2171.1405586673004
individuals,1,individuals-stage_out,1.5,ssd,150,ssd-ssd,4,2272.6760096302337,101.43620993347376,2171.2397996967597
individuals,1,individuals-stage_out,1.5,ssd,150,ssd-ssd,6,2273.5270193270558,101.43620993347376,2172.090809393582
individuals,1,individuals_merge,2,ssd,30,ssd,1,0.069491318,0.014950977621360845,0.054540340603512594
individuals,1,individuals_merge,2,ssd,60,ssd,1,0.077976288,0.023435947527214503,0.054540340603512594
individuals,1,individuals_merge,2,tmpfs,30,tmpfs,1,0.081920542,0.000547169,0.081373373
individuals,1,individuals_merge,2,tmpfs,60,tmpfs,1,0.08216371,0.000790337,0.081373373
individuals,1,individuals_merge,2,tmpfs,150,tmpfs,1,0.083266785,0.001893412,0.081373373
individuals,1,individuals_merge,2,tmpfs,30,tmpfs,2,0.090754931,0.000547169,0.090207762
individuals,1,individuals_merge,2,tmpfs,60,tmpfs,2,0.090998099,0.000790337,0.090207762
individuals,1,individuals_merge,2,tmpfs,150,tmpfs,2,0.092101174,0.001893412,0.090207762
individuals,1,individuals_merge,2,tmpfs,30,tmpfs,5,0.094891755,0.000547169,0.094344585
individuals,1,individuals_merge,2,tmpfs,60,tmpfs,5,0.095134922,0.000790337,0.094344585
individuals,1,individuals_merge,2,tmpfs,150,tmpfs,5,0.096237997,0.001893412,0.094344585
individuals,1,individuals_merge,2,ssd,30,ssd,2,0.10426361812272471,0.014950977621360845,0.089312641
individuals,1,individuals_merge,2,ssd,60,ssd,2,0.11274858802857837,0.023435947527214503,0.089312641
individuals,1,individuals_merge,2,ssd,150,ssd,1,0.12555612881641803,0.071015788,0.054540340603512594
individuals,1,individuals_merge,2,ssd,30,ssd,5,0.13566276831512292,0.014950977621360845,0.12071179069376206
individuals,1,individuals_merge,2,ssd,60,ssd,5,0.14414773822097657,0.023435947527214503,0.12071179069376206
individuals,1,individuals_merge,2,ssd,150,ssd,2,0.1603284287142693,0.071015788,0.089312641
individuals,1,individuals_merge,2,ssd,150,ssd,5,0.1917275789066675,0.071015788,0.12071179069376206
individuals,1,individuals_merge,2,beegfs,30,beegfs,1,0.2198289488086472,0.008633539,0.21119540942115242
individuals,1,individuals_merge,2,beegfs,60,beegfs,1,0.22467296462234046,0.013477555201188046,0.21119540942115242
individuals,1,individuals_merge,2,beegfs,150,beegfs,1,0.24985717651334255,0.038661767092190144,0.21119540942115242
individuals,1,individuals_merge,2,beegfs,30,beegfs,2,0.3884867912253223,0.008633539,0.37985325183782753
individuals,1,individuals_merge,2,beegfs,60,beegfs,2,0.3933308070390156,0.013477555201188046,0.37985325183782753
individuals,1,individuals_merge,2,beegfs,150,beegfs,2,0.4185150189300177,0.038661767092190144,0.37985325183782753
individuals,1,individuals_merge,2,beegfs,30,beegfs,5,0.49269502360481565,0.008633539,0.48406148421732087
individuals,1,individuals_merge,2,beegfs,60,beegfs,5,0.4975390394185089,0.013477555201188046,0.48406148421732087
individuals,1,individuals_merge,2,beegfs,150,beegfs,5,0.522723251,0.038661767092190144,0.48406148421732087
stage_in-individuals_merge,1.5,individuals_merge,2,ssd,1,ssd,1,0.054540340603512594,0,0.054540340603512594
stage_in-individuals_merge,1.5,individuals_merge,2,ssd,2,ssd,1,0.054540340603512594,0,0.054540340603512594
stage_in-individuals_merge,1.5,individuals_merge,2,ssd,5,ssd,1,0.054540340603512594,0,0.054540340603512594
stage_in-individuals_merge,1.5,individuals_merge,2,ssd,9,ssd,1,0.054540340603512594,0,0.054540340603512594
stage_in-individuals_merge,1.5,individuals_merge,2,ssd,10,ssd,1,0.054540340603512594,0,0.054540340603512594
stage_in-individuals_merge,1.5,individuals_merge,2,ssd,11,ssd,1,0.054540340603512594,0,0.054540340603512594
stage_in-individuals_merge,1.5,individuals_merge,2,ssd,23,ssd,1,0.054540340603512594,0,0.054540340603512594
stage_in-individuals_merge,1.5,individuals_merge,2,ssd,25,ssd,1,0.054540340603512594,0,0.054540340603512594
stage_in-individuals_merge,1.5,individuals_merge,2,ssd,27,ssd,1,0.054540340603512594,0,0.054540340603512594
stage_in-individuals_merge,1.5,individuals_merge,2,ssd,28,ssd,1,0.054540340603512594,0,0.054540340603512594
stage_in-individuals_merge,1.5,individuals_merge,2,ssd,29,ssd,1,0.054540340603512594,0,0.054540340603512594
stage_in-individuals_merge,1.5,individuals_merge,2,ssd,30,ssd,1,0.054540340603512594,0,0.054540340603512594
stage_in-individuals_merge,1.5,individuals_merge,2,ssd,31,ssd,1,0.054540340603512594,0,0.054540340603512594
stage_in-individuals_merge,1.5,individuals_merge,2,ssd,32,ssd,1,0.054540340603512594,0,0.054540340603512594
stage_in-individuals_merge,1.5,individuals_merge,2,ssd,34,ssd,1,0.054540340603512594,0,0.054540340603512594
stage_in-individuals_merge,1.5,individuals_merge,2,ssd,60,ssd,1,0.054540340603512594,0,0.054540340603512594
stage_in-individuals_merge,1.5,individuals_merge,2,ssd,150,ssd,1,0.054540340603512594,0,0.054540340603512594
stage_in-individuals_merge,1.5,individuals_merge,2,beegfs-ssd,30,ssd,1,0.072715374,0.018175033312070186,0.054540340603512594
stage_in-individuals_merge,1.5,individuals_merge,2,beegfs-ssd,5,ssd,1,0.077710777,0.025114288407513886,0.052596488135353614
stage_in-individuals_merge,1.5,individuals_merge,2,tmpfs,1,tmpfs,1,0.081373373,0,0.081373373
stage_in-individuals_merge,1.5,individuals_merge,2,tmpfs,2,tmpfs,1,0.081373373,0,0.081373373
stage_in-individuals_merge,1.5,individuals_merge,2,tmpfs,5,tmpfs,1,0.081373373,0,0.081373373
stage_in-individuals_merge,1.5,individuals_merge,2,tmpfs,9,tmpfs,1,0.081373373,0,0.081373373
stage_in-individuals_merge,1.5,individuals_merge,2,tmpfs,10,tmpfs,1,0.081373373,0,0.081373373
stage_in-individuals_merge,1.5,individuals_merge,2,tmpfs,11,tmpfs,1,0.081373373,0,0.081373373
stage_in-individuals_merge,1.5,individuals_merge,2,tmpfs,23,tmpfs,1,0.081373373,0,0.081373373
stage_in-individuals_merge,1.5,individuals_merge,2,tmpfs,25,tmpfs,1,0.081373373,0,0.081373373
stage_in-individuals_merge,1.5,individuals_merge,2,tmpfs,27,tmpfs,1,0.081373373,0,0.081373373
stage_in-individuals_merge,1.5,individuals_merge,2,tmpfs,28,tmpfs,1,0.081373373,0,0.081373373
stage_in-individuals_merge,1.5,individuals_merge,2,tmpfs,29,tmpfs,1,0.081373373,0,0.081373373
stage_in-individuals_merge,1.5,individuals_merge,2,tmpfs,30,tmpfs,1,0.081373373,0,0.081373373
stage_in-individuals_merge,1.5,individuals_merge,2,tmpfs,31,tmpfs,1,0.081373373,0,0.081373373
stage_in-individuals_merge,1.5,individuals_merge,2,tmpfs,32,tmpfs,1,0.081373373,0,0.081373373
stage_in-individuals_merge,1.5,individuals_merge,2,tmpfs,34,tmpfs,1,0.081373373,0,0.081373373
stage_in-individuals_merge,1.5,individuals_merge,2,tmpfs,60,tmpfs,1,0.081373373,0,0.081373373
stage_in-individuals_merge,1.5,individuals_merge,2,tmpfs,150,tmpfs,1,0.081373373,0,0.081373373
stage_in-individuals_merge,1.5,individuals_merge,2,ssd,1,ssd,2,0.089312641,0,0.089312641
stage_in-individuals_merge,1.5,individuals_merge,2,ssd,2,ssd,2,0.089312641,0,0.089312641
stage_in-individuals_merge,1.5,individuals_merge,2,ssd,5,ssd,2,0.089312641,0,0.089312641
stage_in-individuals_merge,1.5,individuals_merge,2,ssd,9,ssd,2,0.089312641,0,0.089312641
stage_in-individuals_merge,1.5,individuals_merge,2,ssd,10,ssd,2,0.089312641,0,0.089312641
stage_in-individuals_merge,1.5,individuals_merge,2,ssd,11,ssd,2,0.089312641,0,0.089312641
stage_in-individuals_merge,1.5,individuals_merge,2,ssd,23,ssd,2,0.089312641,0,0.089312641
stage_in-individuals_merge,1.5,individuals_merge,2,ssd,25,ssd,2,0.089312641,0,0.089312641
stage_in-individuals_merge,1.5,individuals_merge,2,ssd,27,ssd,2,0.089312641,0,0.089312641
stage_in-individuals_merge,1.5,individuals_merge,2,ssd,28,ssd,2,0.089312641,0,0.089312641
stage_in-individuals_merge,1.5,individuals_merge,2,ssd,29,ssd,2,0.089312641,0,0.089312641
stage_in-individuals_merge,1.5,individuals_merge,2,ssd,30,ssd,2,0.089312641,0,0.089312641
stage_in-individuals_merge,1.5,individuals_merge,2,ssd,31,ssd,2,0.089312641,0,0.089312641
stage_in-individuals_merge,1.5,individuals_merge,2,ssd,32,ssd,2,0.089312641,0,0.089312641
stage_in-individuals_merge,1.5,individuals_merge,2,ssd,34,ssd,2,0.089312641,0,0.089312641
stage_in-individuals_merge,1.5,individuals_merge,2,ssd,60,ssd,2,0.089312641,0,0.089312641
stage_in-individuals_merge,1.5,individuals_merge,2,ssd,150,ssd,2,0.089312641,0,0.089312641
stage_in-individuals_merge,1.5,individuals_merge,2,tmpfs,1,tmpfs,2,0.090207762,0,0.090207762
stage_in-individuals_merge,1.5,individuals_merge,2,tmpfs,2,tmpfs,2,0.090207762,0,0.090207762
stage_in-individuals_merge,1.5,individuals_merge,2,tmpfs,5,tmpfs,2,0.090207762,0,0.090207762
stage_in-individuals_merge,1.5,individuals_merge,2,tmpfs,9,tmpfs,2,0.090207762,0,0.090207762
stage_in-individuals_merge,1.5,individuals_merge,2,tmpfs,10,tmpfs,2,0.090207762,0,0.090207762
stage_in-individuals_merge,1.5,individuals_merge,2,tmpfs,11,tmpfs,2,0.090207762,0,0.090207762
stage_in-individuals_merge,1.5,individuals_merge,2,tmpfs,23,tmpfs,2,0.090207762,0,0.090207762
stage_in-individuals_merge,1.5,individuals_merge,2,tmpfs,25,tmpfs,2,0.090207762,0,0.090207762
stage_in-individuals_merge,1.5,individuals_merge,2,tmpfs,27,tmpfs,2,0.090207762,0,0.090207762
stage_in-individuals_merge,1.5,individuals_merge,2,tmpfs,28,tmpfs,2,0.090207762,0,0.090207762
stage_in-individuals_merge,1.5,individuals_merge,2,tmpfs,29,tmpfs,2,0.090207762,0,0.090207762
stage_in-individuals_merge,1.5,individuals_merge,2,tmpfs,30,tmpfs,2,0.090207762,0,0.090207762
stage_in-individuals_merge,1.5,individuals_merge,2,tmpfs,31,tmpfs,2,0.090207762,0,0.090207762
stage_in-individuals_merge,1.5,individuals_merge,2,tmpfs,32,tmpfs,2,0.090207762,0,0.090207762
stage_in-individuals_merge,1.5,individuals_merge,2,tmpfs,34,tmpfs,2,0.090207762,0,0.090207762
stage_in-individuals_merge,1.5,individuals_merge,2,tmpfs,60,tmpfs,2,0.090207762,0,0.090207762
stage_in-individuals_merge,1.5,individuals_merge,2,tmpfs,150,tmpfs,2,0.090207762,0,0.090207762
stage_in-individuals_merge,1.5,individuals_merge,2,tmpfs,1,tmpfs,5,0.094344585,0,0.094344585
stage_in-individuals_merge,1.5,individuals_merge,2,tmpfs,2,tmpfs,5,0.094344585,0,0.094344585
stage_in-individuals_merge,1.5,individuals_merge,2,tmpfs,5,tmpfs,5,0.094344585,0,0.094344585
stage_in-individuals_merge,1.5,individuals_merge,2,tmpfs,9,tmpfs,5,0.094344585,0,0.094344585
stage_in-individuals_merge,1.5,individuals_merge,2,tmpfs,10,tmpfs,5,0.094344585,0,0.094344585
stage_in-individuals_merge,1.5,individuals_merge,2,tmpfs,11,tmpfs,5,0.094344585,0,0.094344585
stage_in-individuals_merge,1.5,individuals_merge,2,tmpfs,23,tmpfs,5,0.094344585,0,0.094344585
stage_in-individuals_merge,1.5,individuals_merge,2,tmpfs,25,tmpfs,5,0.094344585,0,0.094344585
stage_in-individuals_merge,1.5,individuals_merge,2,tmpfs,27,tmpfs,5,0.094344585,0,0.094344585
stage_in-individuals_merge,1.5,individuals_merge,2,tmpfs,28,tmpfs,5,0.094344585,0,0.094344585
stage_in-individuals_merge,1.5,individuals_merge,2,tmpfs,29,tmpfs,5,0.094344585,0,0.094344585
stage_in-individuals_merge,1.5,individuals_merge,2,tmpfs,30,tmpfs,5,0.094344585,0,0.094344585
stage_in-individuals_merge,1.5,individuals_merge,2,tmpfs,31,tmpfs,5,0.094344585,0,0.094344585
stage_in-individuals_merge,1.5,individuals_merge,2,tmpfs,32,tmpfs,5,0.094344585,0,0.094344585
stage_in-individuals_merge,1.5,individuals_merge,2,tmpfs,34,tmpfs,5,0.094344585,0,0.094344585
stage_in-individuals_merge,1.5,individuals_merge,2,tmpfs,60,tmpfs,5,0.094344585,0,0.094344585
stage_in-individuals_merge,1.5,individuals_merge,2,tmpfs,150,tmpfs,5,0.094344585,0,0.094344585
stage_in-individuals_merge,1.5,individuals_merge,2,beegfs-ssd,12,ssd,1,0.10335151136755044,0.048811171,0.054540340603512594
stage_in-individuals_merge,1.5,individuals_merge,2,beegfs-ssd,30,ssd,2,0.10748767381343405,0.018175033312070186,0.089312641
stage_in-individuals_merge,1.5,individuals_merge,2,beegfs-ssd,5,ssd,2,0.11442692890887775,0.025114288407513886,0.089312641
stage_in-individuals_merge,1.5,individuals_merge,2,beegfs-ssd,2,ssd,1,0.11768682582369967,0.065090338,0.052596488135353614
stage_in-individuals_merge,1.5,individuals_merge,2,ssd,1,ssd,5,0.12071179069376206,0,0.12071179069376206
stage_in-individuals_merge,1.5,individuals_merge,2,ssd,2,ssd,5,0.12071179069376206,0,0.12071179069376206
stage_in-individuals_merge,1.5,individuals_merge,2,ssd,5,ssd,5,0.12071179069376206,0,0.12071179069376206
stage_in-individuals_merge,1.5,individuals_merge,2,ssd,9,ssd,5,0.12071179069376206,0,0.12071179069376206
stage_in-individuals_merge,1.5,individuals_merge,2,ssd,10,ssd,5,0.12071179069376206,0,0.12071179069376206
stage_in-individuals_merge,1.5,individuals_merge,2,ssd,11,ssd,5,0.12071179069376206,0,0.12071179069376206
stage_in-individuals_merge,1.5,individuals_merge,2,ssd,23,ssd,5,0.12071179069376206,0,0.12071179069376206
stage_in-individuals_merge,1.5,individuals_merge,2,ssd,25,ssd,5,0.12071179069376206,0,0.12071179069376206
stage_in-individuals_merge,1.5,individuals_merge,2,ssd,27,ssd,5,0.12071179069376206,0,0.12071179069376206
stage_in-individuals_merge,1.5,individuals_merge,2,ssd,28,ssd,5,0.12071179069376206,0,0.12071179069376206
stage_in-individuals_merge,1.5,individuals_merge,2,ssd,29,ssd,5,0.12071179069376206,0,0.12071179069376206
stage_in-individuals_merge,1.5,individuals_merge,2,ssd,30,ssd,5,0.12071179069376206,0,0.12071179069376206
stage_in-individuals_merge,1.5,individuals_merge,2,ssd,31,ssd,5,0.12071179069376206,0,0.12071179069376206
stage_in-individuals_merge,1.5,individuals_merge,2,ssd,32,ssd,5,0.12071179069376206,0,0.12071179069376206
stage_in-individuals_merge,1.5,individuals_merge,2,ssd,34,ssd,5,0.12071179069376206,0,0.12071179069376206
stage_in-individuals_merge,1.5,individuals_merge,2,ssd,60,ssd,5,0.12071179069376206,0,0.12071179069376206
stage_in-individuals_merge,1.5,individuals_merge,2,ssd,150,ssd,5,0.12071179069376206,0,0.12071179069376206
stage_in-individuals_merge,1.5,individuals_merge,2,beegfs-tmpfs,12,tmpfs,1,0.12877293504609524,0.047399561669066635,0.081373373
stage_in-individuals_merge,1.5,individuals_merge,2,beegfs-tmpfs,12,tmpfs,2,0.13760732368716874,0.047399561669066635,0.090207762
stage_in-individuals_merge,1.5,individuals_merge,2,beegfs-ssd,12,ssd,2,0.1381238112654017,0.048811171,0.089312641
stage_in-individuals_merge,1.5,individuals_merge,2,beegfs-ssd,30,ssd,5,0.13888682400583224,0.018175033312070186,0.12071179069376206
stage_in-individuals_merge,1.5,individuals_merge,2,beegfs-tmpfs,12,tmpfs,5,0.14174414716330686,0.047399561669066635,0.094344585
stage_in-individuals_merge,1.5,individuals_merge,2,beegfs-ssd,5,ssd,5,0.14582607910127596,0.025114288407513886,0.12071179069376206
stage_in-individuals_merge,1.5,individuals_merge,2,beegfs-ssd,6,ssd,1,0.1516318602773356,0.09709152,0.054540340603512594
stage_in-individuals_merge,1.5,individuals_merge,2,beegfs-tmpfs,2,tmpfs,1,0.15179212143165424,0.072508198,0.079283923
stage_in-individuals_merge,1.5,individuals_merge,2,beegfs-ssd,2,ssd,2,0.15440297818970994,0.065090338,0.089312641
stage_in-individuals_merge,1.5,individuals_merge,2,beegfs-tmpfs,2,tmpfs,2,0.1627159603956691,0.072508198,0.090207762
stage_in-individuals_merge,1.5,individuals_merge,2,beegfs-tmpfs,2,tmpfs,5,0.1668527838718072,0.072508198,0.094344585
stage_in-individuals_merge,1.5,individuals_merge,2,beegfs-ssd,12,ssd,5,0.1695229614577999,0.048811171,0.12071179069376206
stage_in-individuals_merge,1.5,individuals_merge,2,beegfs-tmpfs,6,tmpfs,1,0.18468978942275316,0.10331641604572454,0.081373373
stage_in-individuals_merge,1.5,individuals_merge,2,beegfs-ssd,2,ssd,5,0.18580212838210813,0.065090338,0.12071179069376206
stage_in-individuals_merge,1.5,individuals_merge,2,beegfs-ssd,6,ssd,2,0.18640416017518685,0.09709152,0.089312641
stage_in-individuals_merge,1.5,individuals_merge,2,beegfs-tmpfs,6,tmpfs,2,0.19352417806382666,0.10331641604572454,0.090207762
stage_in-individuals_merge,1.5,individuals_merge,2,beegfs-ssd,1,ssd,1,0.19426516318109416,0.14166867504574054,0.052596488135353614
stage_in-individuals_merge,1.5,individuals_merge,2,beegfs-tmpfs,6,tmpfs,5,0.19766100153996474,0.10331641604572454,0.094344585
stage_in-individuals_merge,1.5,individuals_merge,2,beegfs,1,beegfs,1,0.21119540942115242,0,0.21119540942115242
stage_in-individuals_merge,1.5,individuals_merge,2,beegfs,2,beegfs,1,0.21119540942115242,0,0.21119540942115242
stage_in-individuals_merge,1.5,individuals_merge,2,beegfs,5,beegfs,1,0.21119540942115242,0,0.21119540942115242
stage_in-individuals_merge,1.5,individuals_merge,2,beegfs,9,beegfs,1,0.21119540942115242,0,0.21119540942115242
stage_in-individuals_merge,1.5,individuals_merge,2,beegfs,10,beegfs,1,0.21119540942115242,0,0.21119540942115242
stage_in-individuals_merge,1.5,individuals_merge,2,beegfs,11,beegfs,1,0.21119540942115242,0,0.21119540942115242
stage_in-individuals_merge,1.5,individuals_merge,2,beegfs,23,beegfs,1,0.21119540942115242,0,0.21119540942115242
stage_in-individuals_merge,1.5,individuals_merge,2,beegfs,25,beegfs,1,0.21119540942115242,0,0.21119540942115242
stage_in-individuals_merge,1.5,individuals_merge,2,beegfs,27,beegfs,1,0.21119540942115242,0,0.21119540942115242
stage_in-individuals_merge,1.5,individuals_merge,2,beegfs,28,beegfs,1,0.21119540942115242,0,0.21119540942115242
stage_in-individuals_merge,1.5,individuals_merge,2,beegfs,29,beegfs,1,0.21119540942115242,0,0.21119540942115242
stage_in-individuals_merge,1.5,individuals_merge,2,beegfs,30,beegfs,1,0.21119540942115242,0,0.21119540942115242
stage_in-individuals_merge,1.5,individuals_merge,2,beegfs,31,beegfs,1,0.21119540942115242,0,0.21119540942115242
stage_in-individuals_merge,1.5,individuals_merge,2,beegfs,32,beegfs,1,0.21119540942115242,0,0.21119540942115242
stage_in-individuals_merge,1.5,individuals_merge,2,beegfs,34,beegfs,1,0.21119540942115242,0,0.21119540942115242
stage_in-individuals_merge,1.5,individuals_merge,2,beegfs,60,beegfs,1,0.21119540942115242,0,0.21119540942115242
stage_in-individuals_merge,1.5,individuals_merge,2,beegfs,150,beegfs,1,0.21119540942115242,0,0.21119540942115242
stage_in-individuals_merge,1.5,individuals_merge,2,beegfs-tmpfs,1,tmpfs,1,0.21760623697257825,0.13832231391849098,0.079283923
stage_in-individuals_merge,1.5,individuals_merge,2,beegfs-ssd,6,ssd,5,0.21780331036758505,0.09709152,0.12071179069376206
stage_in-individuals_merge,1.5,individuals_merge,2,beegfs-tmpfs,1,tmpfs,2,0.22853007593659308,0.13832231391849098,0.090207762
stage_in-individuals_merge,1.5,individuals_merge,2,beegfs-ssd,1,ssd,2,0.2309813155471044,0.14166867504574054,0.089312641
stage_in-individuals_merge,1.5,individuals_merge,2,beegfs-tmpfs,1,tmpfs,5,0.2326668994127312,0.13832231391849098,0.094344585
stage_in-individuals_merge,1.5,individuals_merge,2,beegfs-ssd,1,ssd,5,0.2623804657395026,0.14166867504574054,0.12071179069376206
stage_in-individuals_merge,1.5,individuals_merge,2,tmpfs-beegfs,12,beegfs,1,0.2710466796321163,0.05985127,0.21119540942115242
stage_in-individuals_merge,1.5,individuals_merge,2,tmpfs-beegfs,2,beegfs,1,0.2729545467069794,0.063641358,0.20931318895656853
stage_in-individuals_merge,1.5,individuals_merge,2,ssd-beegfs,30,beegfs,1,0.2938799202093231,0.082684511,0.21119540942115242
stage_in-individuals_merge,1.5,individuals_merge,2,ssd-beegfs,5,beegfs,1,0.3096837806376398,0.10037059168107128,0.20931318895656853
stage_in-individuals_merge,1.5,individuals_merge,2,beegfs-tmpfs,30,tmpfs,1,0.33382059523350927,0.25244722185648066,0.081373373
stage_in-individuals_merge,1.5,individuals_merge,2,tmpfs-beegfs,6,beegfs,1,0.33404493275685787,0.12284952333570548,0.21119540942115242
stage_in-individuals_merge,1.5,individuals_merge,2,beegfs-tmpfs,30,tmpfs,2,0.34265498387458276,0.25244722185648066,0.090207762
stage_in-individuals_merge,1.5,individuals_merge,2,tmpfs-beegfs,1,beegfs,1,0.345976263,0.1366630736644795,0.20931318895656853
stage_in-individuals_merge,1.5,individuals_merge,2,beegfs-tmpfs,30,tmpfs,5,0.3467918073507209,0.25244722185648066,0.094344585
stage_in-individuals_merge,1.5,individuals_merge,2,beegfs,1,beegfs,2,0.37985325183782753,0,0.37985325183782753
stage_in-individuals_merge,1.5,individuals_merge,2,beegfs,2,beegfs,2,0.37985325183782753,0,0.37985325183782753
stage_in-individuals_merge,1.5,individuals_merge,2,beegfs,5,beegfs,2,0.37985325183782753,0,0.37985325183782753
stage_in-individuals_merge,1.5,individuals_merge,2,beegfs,9,beegfs,2,0.37985325183782753,0,0.37985325183782753
stage_in-individuals_merge,1.5,individuals_merge,2,beegfs,10,beegfs,2,0.37985325183782753,0,0.37985325183782753
stage_in-individuals_merge,1.5,individuals_merge,2,beegfs,11,beegfs,2,0.37985325183782753,0,0.37985325183782753
stage_in-individuals_merge,1.5,individuals_merge,2,beegfs,23,beegfs,2,0.37985325183782753,0,0.37985325183782753
stage_in-individuals_merge,1.5,individuals_merge,2,beegfs,25,beegfs,2,0.37985325183782753,0,0.37985325183782753
stage_in-individuals_merge,1.5,individuals_merge,2,beegfs,27,beegfs,2,0.37985325183782753,0,0.37985325183782753
stage_in-individuals_merge,1.5,individuals_merge,2,beegfs,28,beegfs,2,0.37985325183782753,0,0.37985325183782753
stage_in-individuals_merge,1.5,individuals_merge,2,beegfs,29,beegfs,2,0.37985325183782753,0,0.37985325183782753
stage_in-individuals_merge,1.5,individuals_merge,2,beegfs,30,beegfs,2,0.37985325183782753,0,0.37985325183782753
stage_in-individuals_merge,1.5,individuals_merge,2,beegfs,31,beegfs,2,0.37985325183782753,0,0.37985325183782753
stage_in-individuals_merge,1.5,individuals_merge,2,beegfs,32,beegfs,2,0.37985325183782753,0,0.37985325183782753
stage_in-individuals_merge,1.5,individuals_merge,2,beegfs,34,beegfs,2,0.37985325183782753,0,0.37985325183782753
stage_in-individuals_merge,1.5,individuals_merge,2,beegfs,60,beegfs,2,0.37985325183782753,0,0.37985325183782753
stage_in-individuals_merge,1.5,individuals_merge,2,beegfs,150,beegfs,2,0.37985325183782753,0,0.37985325183782753
stage_in-individuals_merge,1.5,individuals_merge,2,ssd-beegfs,12,beegfs,1,0.38551676887553255,0.17432135945438013,0.21119540942115242
stage_in-individuals_merge,1.5,individuals_merge,2,ssd-beegfs,2,beegfs,1,0.4049569881238417,0.19564379916727315,0.20931318895656853
stage_in-individuals_merge,1.5,individuals_merge,2,tmpfs-beegfs,12,beegfs,2,0.4397045220487914,0.05985127,0.37985325183782753
stage_in-individuals_merge,1.5,individuals_merge,2,tmpfs-beegfs,2,beegfs,2,0.44014609731293164,0.063641358,0.3765047395625208
stage_in-individuals_merge,1.5,individuals_merge,2,beegfs-tmpfs,5,tmpfs,1,0.4408801522017884,0.3615962291477011,0.079283923
stage_in-individuals_merge,1.5,individuals_merge,2,beegfs-tmpfs,5,tmpfs,2,0.4518039911658032,0.3615962291477011,0.090207762
stage_in-individuals_merge,1.5,individuals_merge,2,beegfs-tmpfs,5,tmpfs,5,0.45594081464194136,0.3615962291477011,0.094344585
stage_in-individuals_merge,1.5,individuals_merge,2,ssd-beegfs,30,beegfs,2,0.4625377626259982,0.082684511,0.37985325183782753
stage_in-individuals_merge,1.5,individuals_merge,2,ssd-beegfs,5,beegfs,2,0.47687533124359205,0.10037059168107128,0.3765047395625208
stage_in-individuals_merge,1.5,individuals_merge,2,beegfs,1,beegfs,5,0.48406148421732087,0,0.48406148421732087
stage_in-individuals_merge,1.5,individuals_merge,2,beegfs,2,beegfs,5,0.48406148421732087,0,0.48406148421732087
stage_in-individuals_merge,1.5,individuals_merge,2,beegfs,5,beegfs,5,0.48406148421732087,0,0.48406148421732087
stage_in-individuals_merge,1.5,individuals_merge,2,beegfs,9,beegfs,5,0.48406148421732087,0,0.48406148421732087
stage_in-individuals_merge,1.5,individuals_merge,2,beegfs,10,beegfs,5,0.48406148421732087,0,0.48406148421732087
stage_in-individuals_merge,1.5,individuals_merge,2,beegfs,11,beegfs,5,0.48406148421732087,0,0.48406148421732087
stage_in-individuals_merge,1.5,individuals_merge,2,beegfs,23,beegfs,5,0.48406148421732087,0,0.48406148421732087
stage_in-individuals_merge,1.5,individuals_merge,2,beegfs,25,beegfs,5,0.48406148421732087,0,0.48406148421732087
stage_in-individuals_merge,1.5,individuals_merge,2,beegfs,27,beegfs,5,0.48406148421732087,0,0.48406148421732087
stage_in-individuals_merge,1.5,individuals_merge,2,beegfs,28,beegfs,5,0.48406148421732087,0,0.48406148421732087
stage_in-individuals_merge,1.5,individuals_merge,2,beegfs,29,beegfs,5,0.48406148421732087,0,0.48406148421732087
stage_in-individuals_merge,1.5,individuals_merge,2,beegfs,30,beegfs,5,0.48406148421732087,0,0.48406148421732087
stage_in-individuals_merge,1.5,individuals_merge,2,beegfs,31,beegfs,5,0.48406148421732087,0,0.48406148421732087
stage_in-individuals_merge,1.5,individuals_merge,2,beegfs,32,beegfs,5,0.48406148421732087,0,0.48406148421732087
stage_in-individuals_merge,1.5,individuals_merge,2,beegfs,34,beegfs,5,0.48406148421732087,0,0.48406148421732087
stage_in-individuals_merge,1.5,individuals_merge,2,beegfs,60,beegfs,5,0.48406148421732087,0,0.48406148421732087
stage_in-individuals_merge,1.5,individuals_merge,2,beegfs,150,beegfs,5,0.48406148421732087,0,0.48406148421732087
stage_in-individuals_merge,1.5,individuals_merge,2,tmpfs-beegfs,30,beegfs,1,0.4953518950257867,0.2841564856046343,0.21119540942115242
stage_in-individuals_merge,1.5,individuals_merge,2,tmpfs-beegfs,6,beegfs,2,0.502702775,0.12284952333570548,0.37985325183782753
stage_in-individuals_merge,1.5,individuals_merge,2,tmpfs-beegfs,1,beegfs,2,0.5131678132270003,0.1366630736644795,0.3765047395625208
stage_in-individuals_merge,1.5,individuals_merge,2,tmpfs-beegfs,2,beegfs,5,0.542185732,0.063641358,0.4785443745019642
stage_in-individuals_merge,1.5,individuals_merge,2,tmpfs-beegfs,12,beegfs,5,0.5439127544282848,0.05985127,0.48406148421732087
stage_in-individuals_merge,1.5,individuals_merge,2,ssd-beegfs,12,beegfs,2,0.5541746112922077,0.17432135945438013,0.37985325183782753
stage_in-individuals_merge,1.5,individuals_merge,2,ssd-beegfs,30,beegfs,5,0.5667459950054915,0.082684511,0.48406148421732087
stage_in-individuals_merge,1.5,individuals_merge,2,ssd-beegfs,2,beegfs,2,0.572148539,0.19564379916727315,0.3765047395625208
stage_in-individuals_merge,1.5,individuals_merge,2,ssd-beegfs,5,beegfs,5,0.5789149661830355,0.10037059168107128,0.4785443745019642
stage_in-individuals_merge,1.5,individuals_merge,2,tmpfs-beegfs,5,beegfs,1,0.5802616851525009,0.3709484961959323,0.20931318895656853
stage_in-individuals_merge,1.5,individuals_merge,2,tmpfs-beegfs,6,beegfs,5,0.6069110075530264,0.12284952333570548,0.48406148421732087
stage_in-individuals_merge,1.5,individuals_merge,2,ssd-beegfs,6,beegfs,1,0.6105373545774277,0.39934194515627536,0.21119540942115242
stage_in-individuals_merge,1.5,individuals_merge,2,tmpfs-beegfs,1,beegfs,5,0.6152074481664437,0.1366630736644795,0.4785443745019642
stage_in-individuals_merge,1.5,individuals_merge,2,ssd-beegfs,12,beegfs,5,0.658382844,0.17432135945438013,0.48406148421732087
stage_in-individuals_merge,1.5,individuals_merge,2,ssd-beegfs,1,beegfs,1,0.6616767819518455,0.452363593,0.20931318895656853
stage_in-individuals_merge,1.5,individuals_merge,2,tmpfs-beegfs,30,beegfs,2,0.6640097374424618,0.2841564856046343,0.37985325183782753
stage_in-individuals_merge,1.5,individuals_merge,2,ssd-beegfs,2,beegfs,5,0.6741881736692373,0.19564379916727315,0.4785443745019642
stage_in-individuals_merge,1.5,individuals_merge,2,tmpfs-beegfs,5,beegfs,2,0.7474532357584531,0.3709484961959323,0.3765047395625208
stage_in-individuals_merge,1.5,individuals_merge,2,tmpfs-beegfs,30,beegfs,5,0.7682179698219551,0.2841564856046343,0.48406148421732087
stage_in-individuals_merge,1.5,individuals_merge,2,ssd-beegfs,6,beegfs,2,0.7791951969941029,0.39934194515627536,0.37985325183782753
stage_in-individuals_merge,1.5,individuals_merge,2,ssd-beegfs,1,beegfs,2,0.8288683325577978,0.452363593,0.3765047395625208
stage_in-individuals_merge,1.5,individuals_merge,2,tmpfs-beegfs,5,beegfs,5,0.8494928706978965,0.3709484961959323,0.4785443745019642
stage_in-individuals_merge,1.5,individuals_merge,2,ssd-ssd,5,ssd,1,0.8672855135588129,0.8146890254234593,0.052596488135353614
stage_in-individuals_merge,1.5,individuals_merge,2,ssd-beegfs,6,beegfs,5,0.8834034293735962,0.39934194515627536,0.48406148421732087
stage_in-individuals_merge,1.5,individuals_merge,2,tmpfs-tmpfs,5,tmpfs,1,0.8927155007294966,0.8134315776754093,0.079283923
stage_in-individuals_merge,1.5,individuals_merge,2,tmpfs-tmpfs,5,tmpfs,2,0.9036393396935114,0.8134315776754093,0.090207762
stage_in-individuals_merge,1.5,individuals_merge,2,ssd-ssd,5,ssd,2,0.9040016659248232,0.8146890254234593,0.089312641
stage_in-individuals_merge,1.5,individuals_merge,2,tmpfs-tmpfs,5,tmpfs,5,0.9077761631696495,0.8134315776754093,0.094344585
stage_in-individuals_merge,1.5,individuals_merge,2,ssd-beegfs,1,beegfs,5,0.9309079674972411,0.452363593,0.4785443745019642
stage_in-individuals_merge,1.5,individuals_merge,2,ssd-ssd,30,ssd,1,0.9342268191031242,0.8796864784996117,0.054540340603512594
stage_in-individuals_merge,1.5,individuals_merge,2,ssd-ssd,5,ssd,5,0.9354008161172214,0.8146890254234593,0.12071179069376206
stage_in-individuals_merge,1.5,individuals_merge,2,ssd-ssd,30,ssd,2,0.9689991190009756,0.8796864784996117,0.089312641
stage_in-individuals_merge,1.5,individuals_merge,2,tmpfs-tmpfs,30,tmpfs,1,0.9793366986983039,0.8979633253212752,0.081373373
stage_in-individuals_merge,1.5,individuals_merge,2,tmpfs-tmpfs,30,tmpfs,2,0.9881710873393773,0.8979633253212752,0.090207762
stage_in-individuals_merge,1.5,individuals_merge,2,tmpfs-tmpfs,30,tmpfs,5,0.9923079108155154,0.8979633253212752,0.094344585
stage_in-individuals_merge,1.5,individuals_merge,2,ssd-ssd,30,ssd,5,1.0003982691933737,0.8796864784996117,0.12071179069376206
stage_in-sifting,1.5,sifting,2,ssd,1,ssd,1,1.4523190881416426,0,1.4523190881416426
stage_in-sifting,1.5,sifting,2,ssd,2,ssd,1,1.4523190881416426,0,1.4523190881416426
stage_in-sifting,1.5,sifting,2,ssd,5,ssd,1,1.4523190881416426,0,1.4523190881416426
stage_in-sifting,1.5,sifting,2,ssd,9,ssd,1,1.4523190881416426,0,1.4523190881416426
stage_in-sifting,1.5,sifting,2,ssd,10,ssd,1,1.4523190881416426,0,1.4523190881416426
stage_in-sifting,1.5,sifting,2,ssd,11,ssd,1,1.4523190881416426,0,1.4523190881416426
stage_in-sifting,1.5,sifting,2,ssd,23,ssd,1,1.4523190881416426,0,1.4523190881416426
stage_in-sifting,1.5,sifting,2,ssd,25,ssd,1,1.4523190881416426,0,1.4523190881416426
stage_in-sifting,1.5,sifting,2,ssd,27,ssd,1,1.4523190881416426,0,1.4523190881416426
stage_in-sifting,1.5,sifting,2,ssd,28,ssd,1,1.4523190881416426,0,1.4523190881416426
stage_in-sifting,1.5,sifting,2,ssd,29,ssd,1,1.4523190881416426,0,1.4523190881416426
stage_in-sifting,1.5,sifting,2,ssd,30,ssd,1,1.4523190881416426,0,1.4523190881416426
stage_in-sifting,1.5,sifting,2,ssd,31,ssd,1,1.4523190881416426,0,1.4523190881416426
stage_in-sifting,1.5,sifting,2,ssd,32,ssd,1,1.4523190881416426,0,1.4523190881416426
stage_in-sifting,1.5,sifting,2,ssd,34,ssd,1,1.4523190881416426,0,1.4523190881416426
stage_in-sifting,1.5,sifting,2,ssd,60,ssd,1,1.4523190881416426,0,1.4523190881416426
stage_in-sifting,1.5,sifting,2,ssd,150,ssd,1,1.4523190881416426,0,1.4523190881416426
stage_in-sifting,1.5,sifting,2,ssd,1,ssd,5,1.9291327873613686,0,1.9291327873613686
stage_in-sifting,1.5,sifting,2,ssd,2,ssd,5,1.9291327873613686,0,1.9291327873613686
stage_in-sifting,1.5,sifting,2,ssd,5,ssd,5,1.9291327873613686,0,1.9291327873613686
stage_in-sifting,1.5,sifting,2,ssd,9,ssd,5,1.9291327873613686,0,1.9291327873613686
stage_in-sifting,1.5,sifting,2,ssd,10,ssd,5,1.9291327873613686,0,1.9291327873613686
stage_in-sifting,1.5,sifting,2,ssd,11,ssd,5,1.9291327873613686,0,1.9291327873613686
stage_in-sifting,1.5,sifting,2,ssd,23,ssd,5,1.9291327873613686,0,1.9291327873613686
stage_in-sifting,1.5,sifting,2,ssd,25,ssd,5,1.9291327873613686,0,1.9291327873613686
stage_in-sifting,1.5,sifting,2,ssd,27,ssd,5,1.9291327873613686,0,1.9291327873613686
stage_in-sifting,1.5,sifting,2,ssd,28,ssd,5,1.9291327873613686,0,1.9291327873613686
stage_in-sifting,1.5,sifting,2,ssd,29,ssd,5,1.9291327873613686,0,1.9291327873613686
stage_in-sifting,1.5,sifting,2,ssd,30,ssd,5,1.9291327873613686,0,1.9291327873613686
stage_in-sifting,1.5,sifting,2,ssd,31,ssd,5,1.9291327873613686,0,1.9291327873613686
stage_in-sifting,1.5,sifting,2,ssd,32,ssd,5,1.9291327873613686,0,1.9291327873613686
stage_in-sifting,1.5,sifting,2,ssd,34,ssd,5,1.9291327873613686,0,1.9291327873613686
stage_in-sifting,1.5,sifting,2,ssd,60,ssd,5,1.9291327873613686,0,1.9291327873613686
stage_in-sifting,1.5,sifting,2,ssd,150,ssd,5,1.9291327873613686,0,1.9291327873613686
stage_in-sifting,1.5,sifting,2,tmpfs,1,tmpfs,1,1.944386492022733,0,1.944386492022733
stage_in-sifting,1.5,sifting,2,tmpfs,2,tmpfs,1,1.944386492022733,0,1.944386492022733
stage_in-sifting,1.5,sifting,2,tmpfs,5,tmpfs,1,1.944386492022733,0,1.944386492022733
stage_in-sifting,1.5,sifting,2,tmpfs,9,tmpfs,1,1.944386492022733,0,1.944386492022733
stage_in-sifting,1.5,sifting,2,tmpfs,10,tmpfs,1,1.944386492022733,0,1.944386492022733
stage_in-sifting,1.5,sifting,2,tmpfs,11,tmpfs,1,1.944386492022733,0,1.944386492022733
stage_in-sifting,1.5,sifting,2,tmpfs,23,tmpfs,1,1.944386492022733,0,1.944386492022733
stage_in-sifting,1.5,sifting,2,tmpfs,25,tmpfs,1,1.944386492022733,0,1.944386492022733
stage_in-sifting,1.5,sifting,2,tmpfs,27,tmpfs,1,1.944386492022733,0,1.944386492022733
stage_in-sifting,1.5,sifting,2,tmpfs,28,tmpfs,1,1.944386492022733,0,1.944386492022733
stage_in-sifting,1.5,sifting,2,tmpfs,29,tmpfs,1,1.944386492022733,0,1.944386492022733
stage_in-sifting,1.5,sifting,2,tmpfs,30,tmpfs,1,1.944386492022733,0,1.944386492022733
stage_in-sifting,1.5,sifting,2,tmpfs,31,tmpfs,1,1.944386492022733,0,1.944386492022733
stage_in-sifting,1.5,sifting,2,tmpfs,32,tmpfs,1,1.944386492022733,0,1.944386492022733
stage_in-sifting,1.5,sifting,2,tmpfs,34,tmpfs,1,1.944386492022733,0,1.944386492022733
stage_in-sifting,1.5,sifting,2,tmpfs,60,tmpfs,1,1.944386492022733,0,1.944386492022733
stage_in-sifting,1.5,sifting,2,tmpfs,150,tmpfs,1,1.944386492022733,0,1.944386492022733
stage_in-individuals_merge,1.5,individuals_merge,2,ssd-ssd,2,ssd,1,1.9635920417846064,1.9109955536492529,0.052596488135353614
stage_in-individuals_merge,1.5,individuals_merge,2,ssd-ssd,12,ssd,1,1.974363570033405,1.9198232294298925,0.054540340603512594
stage_in-individuals_merge,1.5,individuals_merge,2,tmpfs-tmpfs,2,tmpfs,1,1.9778346640282791,1.898550740974192,0.079283923
stage_in-individuals_merge,1.5,individuals_merge,2,tmpfs-tmpfs,2,tmpfs,2,1.988758502992294,1.898550740974192,0.090207762
stage_in-individuals_merge,1.5,individuals_merge,2,tmpfs-tmpfs,2,tmpfs,5,1.9928953264684321,1.898550740974192,0.094344585
stage_in-individuals_merge,1.5,individuals_merge,2,ssd-ssd,2,ssd,2,2.000308194150617,1.9109955536492529,0.089312641
stage_in-individuals_merge,1.5,individuals_merge,2,ssd-ssd,12,ssd,2,2.0091358699312565,1.9198232294298925,0.089312641
stage_in-individuals_merge,1.5,individuals_merge,2,tmpfs-tmpfs,12,tmpfs,1,2.024840195882258,1.9434668225052296,0.081373373
stage_in-individuals_merge,1.5,individuals_merge,2,ssd-ssd,2,ssd,5,2.031707344343015,1.9109955536492529,0.12071179069376206
stage_in-individuals_merge,1.5,individuals_merge,2,tmpfs-tmpfs,12,tmpfs,2,2.033674584523332,1.9434668225052296,0.090207762
stage_in-individuals_merge,1.5,individuals_merge,2,tmpfs-tmpfs,12,tmpfs,5,2.037811408,1.9434668225052296,0.094344585
stage_in-individuals_merge,1.5,individuals_merge,2,ssd-ssd,12,ssd,5,2.0405350201236545,1.9198232294298925,0.12071179069376206
stage_in-sifting,1.5,sifting,2,tmpfs,1,tmpfs,2,2.2303505891556488,0,2.2303505891556488
stage_in-sifting,1.5,sifting,2,tmpfs,2,tmpfs,2,2.2303505891556488,0,2.2303505891556488
stage_in-sifting,1.5,sifting,2,tmpfs,5,tmpfs,2,2.2303505891556488,0,2.2303505891556488
stage_in-sifting,1.5,sifting,2,tmpfs,9,tmpfs,2,2.2303505891556488,0,2.2303505891556488
stage_in-sifting,1.5,sifting,2,tmpfs,10,tmpfs,2,2.2303505891556488,0,2.2303505891556488
stage_in-sifting,1.5,sifting,2,tmpfs,11,tmpfs,2,2.2303505891556488,0,2.2303505891556488
stage_in-sifting,1.5,sifting,2,tmpfs,23,tmpfs,2,2.2303505891556488,0,2.2303505891556488
stage_in-sifting,1.5,sifting,2,tmpfs,25,tmpfs,2,2.2303505891556488,0,2.2303505891556488
stage_in-sifting,1.5,sifting,2,tmpfs,27,tmpfs,2,2.2303505891556488,0,2.2303505891556488
stage_in-sifting,1.5,sifting,2,tmpfs,28,tmpfs,2,2.2303505891556488,0,2.2303505891556488
stage_in-sifting,1.5,sifting,2,tmpfs,29,tmpfs,2,2.2303505891556488,0,2.2303505891556488
stage_in-sifting,1.5,sifting,2,tmpfs,30,tmpfs,2,2.2303505891556488,0,2.2303505891556488
stage_in-sifting,1.5,sifting,2,tmpfs,31,tmpfs,2,2.2303505891556488,0,2.2303505891556488
stage_in-sifting,1.5,sifting,2,tmpfs,32,tmpfs,2,2.2303505891556488,0,2.2303505891556488
stage_in-sifting,1.5,sifting,2,tmpfs,34,tmpfs,2,2.2303505891556488,0,2.2303505891556488
stage_in-sifting,1.5,sifting,2,tmpfs,60,tmpfs,2,2.2303505891556488,0,2.2303505891556488
stage_in-sifting,1.5,sifting,2,tmpfs,150,tmpfs,2,2.2303505891556488,0,2.2303505891556488
stage_in-sifting,1.5,sifting,2,ssd,1,ssd,2,2.2899033669440367,0,2.2899033669440367
stage_in-sifting,1.5,sifting,2,ssd,2,ssd,2,2.2899033669440367,0,2.2899033669440367
stage_in-sifting,1.5,sifting,2,ssd,5,ssd,2,2.2899033669440367,0,2.2899033669440367
stage_in-sifting,1.5,sifting,2,ssd,9,ssd,2,2.2899033669440367,0,2.2899033669440367
stage_in-sifting,1.5,sifting,2,ssd,10,ssd,2,2.2899033669440367,0,2.2899033669440367
stage_in-sifting,1.5,sifting,2,ssd,11,ssd,2,2.2899033669440367,0,2.2899033669440367
stage_in-sifting,1.5,sifting,2,ssd,23,ssd,2,2.2899033669440367,0,2.2899033669440367
stage_in-sifting,1.5,sifting,2,ssd,25,ssd,2,2.2899033669440367,0,2.2899033669440367
stage_in-sifting,1.5,sifting,2,ssd,27,ssd,2,2.2899033669440367,0,2.2899033669440367
stage_in-sifting,1.5,sifting,2,ssd,28,ssd,2,2.2899033669440367,0,2.2899033669440367
stage_in-sifting,1.5,sifting,2,ssd,29,ssd,2,2.2899033669440367,0,2.2899033669440367
stage_in-sifting,1.5,sifting,2,ssd,30,ssd,2,2.2899033669440367,0,2.2899033669440367
stage_in-sifting,1.5,sifting,2,ssd,31,ssd,2,2.2899033669440367,0,2.2899033669440367
stage_in-sifting,1.5,sifting,2,ssd,32,ssd,2,2.2899033669440367,0,2.2899033669440367
stage_in-sifting,1.5,sifting,2,ssd,34,ssd,2,2.2899033669440367,0,2.2899033669440367
stage_in-sifting,1.5,sifting,2,ssd,60,ssd,2,2.2899033669440367,0,2.2899033669440367
stage_in-sifting,1.5,sifting,2,ssd,150,ssd,2,2.2899033669440367,0,2.2899033669440367
stage_in-sifting,1.5,sifting,2,tmpfs,1,tmpfs,5,2.5750589785270277,0,2.5750589785270277
stage_in-sifting,1.5,sifting,2,tmpfs,2,tmpfs,5,2.5750589785270277,0,2.5750589785270277
stage_in-sifting,1.5,sifting,2,tmpfs,5,tmpfs,5,2.5750589785270277,0,2.5750589785270277
stage_in-sifting,1.5,sifting,2,tmpfs,9,tmpfs,5,2.5750589785270277,0,2.5750589785270277
stage_in-sifting,1.5,sifting,2,tmpfs,10,tmpfs,5,2.5750589785270277,0,2.5750589785270277
stage_in-sifting,1.5,sifting,2,tmpfs,11,tmpfs,5,2.5750589785270277,0,2.5750589785270277
stage_in-sifting,1.5,sifting,2,tmpfs,23,tmpfs,5,2.5750589785270277,0,2.5750589785270277
stage_in-sifting,1.5,sifting,2,tmpfs,25,tmpfs,5,2.5750589785270277,0,2.5750589785270277
stage_in-sifting,1.5,sifting,2,tmpfs,27,tmpfs,5,2.5750589785270277,0,2.5750589785270277
stage_in-sifting,1.5,sifting,2,tmpfs,28,tmpfs,5,2.5750589785270277,0,2.5750589785270277
stage_in-sifting,1.5,sifting,2,tmpfs,29,tmpfs,5,2.5750589785270277,0,2.5750589785270277
stage_in-sifting,1.5,sifting,2,tmpfs,30,tmpfs,5,2.5750589785270277,0,2.5750589785270277
stage_in-sifting,1.5,sifting,2,tmpfs,31,tmpfs,5,2.5750589785270277,0,2.5750589785270277
stage_in-sifting,1.5,sifting,2,tmpfs,32,tmpfs,5,2.5750589785270277,0,2.5750589785270277
stage_in-sifting,1.5,sifting,2,tmpfs,34,tmpfs,5,2.5750589785270277,0,2.5750589785270277
stage_in-sifting,1.5,sifting,2,tmpfs,60,tmpfs,5,2.5750589785270277,0,2.5750589785270277
stage_in-sifting,1.5,sifting,2,tmpfs,150,tmpfs,5,2.5750589785270277,0,2.5750589785270277
stage_in-individuals_merge,1.5,individuals_merge,2,ssd-ssd,1,ssd,1,3.7998722080426814,3.7472757199073277,0.052596488135353614
stage_in-individuals_merge,1.5,individuals_merge,2,tmpfs-tmpfs,1,tmpfs,1,3.8267160546043146,3.7474321315502275,0.079283923
stage_in-individuals_merge,1.5,individuals_merge,2,ssd-ssd,1,ssd,2,3.8365883604086917,3.7472757199073277,0.089312641
stage_in-individuals_merge,1.5,individuals_merge,2,tmpfs-tmpfs,1,tmpfs,2,3.837639894,3.7474321315502275,0.090207762
stage_in-individuals_merge,1.5,individuals_merge,2,tmpfs-tmpfs,1,tmpfs,5,3.8417767170444677,3.7474321315502275,0.094344585
stage_in-individuals_merge,1.5,individuals_merge,2,ssd-ssd,6,ssd,1,3.845787606433539,3.7912472658300262,0.054540340603512594
stage_in-individuals_merge,1.5,individuals_merge,2,ssd-ssd,1,ssd,5,3.8679875106010897,3.7472757199073277,0.12071179069376206
stage_in-individuals_merge,1.5,individuals_merge,2,ssd-ssd,6,ssd,2,3.8805599063313903,3.7912472658300262,0.089312641
stage_in-individuals_merge,1.5,individuals_merge,2,tmpfs-tmpfs,6,tmpfs,1,3.8879804529539244,3.806607079576896,0.081373373
stage_in-individuals_merge,1.5,individuals_merge,2,tmpfs-tmpfs,6,tmpfs,2,3.896814841594998,3.806607079576896,0.090207762
stage_in-individuals_merge,1.5,individuals_merge,2,tmpfs-tmpfs,6,tmpfs,5,3.900951665071136,3.806607079576896,0.094344585
stage_in-individuals_merge,1.5,individuals_merge,2,ssd-ssd,6,ssd,5,3.9119590565237883,3.7912472658300262,0.12071179069376206
stage_in-sifting,1.5,sifting,2,beegfs,1,beegfs,1,8.038010779990222,0,8.038010779990222
stage_in-sifting,1.5,sifting,2,beegfs,2,beegfs,1,8.038010779990222,0,8.038010779990222
stage_in-sifting,1.5,sifting,2,beegfs,5,beegfs,1,8.038010779990222,0,8.038010779990222
stage_in-sifting,1.5,sifting,2,beegfs,9,beegfs,1,8.038010779990222,0,8.038010779990222
stage_in-sifting,1.5,sifting,2,beegfs,10,beegfs,1,8.038010779990222,0,8.038010779990222
stage_in-sifting,1.5,sifting,2,beegfs,11,beegfs,1,8.038010779990222,0,8.038010779990222
stage_in-sifting,1.5,sifting,2,beegfs,23,beegfs,1,8.038010779990222,0,8.038010779990222
stage_in-sifting,1.5,sifting,2,beegfs,25,beegfs,1,8.038010779990222,0,8.038010779990222
stage_in-sifting,1.5,sifting,2,beegfs,27,beegfs,1,8.038010779990222,0,8.038010779990222
stage_in-sifting,1.5,sifting,2,beegfs,28,beegfs,1,8.038010779990222,0,8.038010779990222
stage_in-sifting,1.5,sifting,2,beegfs,29,beegfs,1,8.038010779990222,0,8.038010779990222
stage_in-sifting,1.5,sifting,2,beegfs,30,beegfs,1,8.038010779990222,0,8.038010779990222
stage_in-sifting,1.5,sifting,2,beegfs,31,beegfs,1,8.038010779990222,0,8.038010779990222
stage_in-sifting,1.5,sifting,2,beegfs,32,beegfs,1,8.038010779990222,0,8.038010779990222
stage_in-sifting,1.5,sifting,2,beegfs,34,beegfs,1,8.038010779990222,0,8.038010779990222
stage_in-sifting,1.5,sifting,2,beegfs,60,beegfs,1,8.038010779990222,0,8.038010779990222
stage_in-sifting,1.5,sifting,2,beegfs,150,beegfs,1,8.038010779990222,0,8.038010779990222
stage_in-sifting,1.5,sifting,2,beegfs,1,beegfs,2,15.630522689992809,0,15.630522689992809
stage_in-sifting,1.5,sifting,2,beegfs,2,beegfs,2,15.630522689992809,0,15.630522689992809
stage_in-sifting,1.5,sifting,2,beegfs,5,beegfs,2,15.630522689992809,0,15.630522689992809
stage_in-sifting,1.5,sifting,2,beegfs,9,beegfs,2,15.630522689992809,0,15.630522689992809
stage_in-sifting,1.5,sifting,2,beegfs,10,beegfs,2,15.630522689992809,0,15.630522689992809
stage_in-sifting,1.5,sifting,2,beegfs,11,beegfs,2,15.630522689992809,0,15.630522689992809
stage_in-sifting,1.5,sifting,2,beegfs,23,beegfs,2,15.630522689992809,0,15.630522689992809
stage_in-sifting,1.5,sifting,2,beegfs,25,beegfs,2,15.630522689992809,0,15.630522689992809
stage_in-sifting,1.5,sifting,2,beegfs,27,beegfs,2,15.630522689992809,0,15.630522689992809
stage_in-sifting,1.5,sifting,2,beegfs,28,beegfs,2,15.630522689992809,0,15.630522689992809
stage_in-sifting,1.5,sifting,2,beegfs,29,beegfs,2,15.630522689992809,0,15.630522689992809
stage_in-sifting,1.5,sifting,2,beegfs,30,beegfs,2,15.630522689992809,0,15.630522689992809
stage_in-sifting,1.5,sifting,2,beegfs,31,beegfs,2,15.630522689992809,0,15.630522689992809
stage_in-sifting,1.5,sifting,2,beegfs,32,beegfs,2,15.630522689992809,0,15.630522689992809
stage_in-sifting,1.5,sifting,2,beegfs,34,beegfs,2,15.630522689992809,0,15.630522689992809
stage_in-sifting,1.5,sifting,2,beegfs,60,beegfs,2,15.630522689992809,0,15.630522689992809
stage_in-sifting,1.5,sifting,2,beegfs,150,beegfs,2,15.630522689992809,0,15.630522689992809
stage_in-sifting,1.5,sifting,2,beegfs,1,beegfs,5,18.26063268,0,18.26063268
stage_in-sifting,1.5,sifting,2,beegfs,2,beegfs,5,18.26063268,0,18.26063268
stage_in-sifting,1.5,sifting,2,beegfs,5,beegfs,5,18.26063268,0,18.26063268
stage_in-sifting,1.5,sifting,2,beegfs,9,beegfs,5,18.26063268,0,18.26063268
stage_in-sifting,1.5,sifting,2,beegfs,10,beegfs,5,18.26063268,0,18.26063268
stage_in-sifting,1.5,sifting,2,beegfs,11,beegfs,5,18.26063268,0,18.26063268
stage_in-sifting,1.5,sifting,2,beegfs,23,beegfs,5,18.26063268,0,18.26063268
stage_in-sifting,1.5,sifting,2,beegfs,25,beegfs,5,18.26063268,0,18.26063268
stage_in-sifting,1.5,sifting,2,beegfs,27,beegfs,5,18.26063268,0,18.26063268
stage_in-sifting,1.5,sifting,2,beegfs,28,beegfs,5,18.26063268,0,18.26063268
stage_in-sifting,1.5,sifting,2,beegfs,29,beegfs,5,18.26063268,0,18.26063268
stage_in-sifting,1.5,sifting,2,beegfs,30,beegfs,5,18.26063268,0,18.26063268
stage_in-sifting,1.5,sifting,2,beegfs,31,beegfs,5,18.26063268,0,18.26063268
stage_in-sifting,1.5,sifting,2,beegfs,32,beegfs,5,18.26063268,0,18.26063268
stage_in-sifting,1.5,sifting,2,beegfs,34,beegfs,5,18.26063268,0,18.26063268
stage_in-sifting,1.5,sifting,2,beegfs,60,beegfs,5,18.26063268,0,18.26063268
stage_in-sifting,1.5,sifting,2,beegfs,150,beegfs,5,18.26063268,0,18.26063268
stage_in-sifting,1.5,sifting,2,beegfs-ssd,15,ssd,1,57.38230923631186,55.92999014817022,1.4523190881416426
stage_in-sifting,1.5,sifting,2,beegfs-ssd,15,ssd,5,57.85912293553159,55.92999014817022,1.9291327873613686
stage_in-sifting,1.5,sifting,2,beegfs-ssd,15,ssd,2,58.21989351511426,55.92999014817022,2.2899033669440367
stage_in-sifting,1.5,sifting,2,beegfs-ssd,6,ssd,1,129.77241494030307,128.32009585216142,1.4523190881416426
stage_in-sifting,1.5,sifting,2,beegfs-ssd,6,ssd,5,130.24922863952278,128.32009585216142,1.9291327873613686
stage_in-sifting,1.5,sifting,2,beegfs-ssd,6,ssd,2,130.60999921910545,128.32009585216142,2.2899033669440367
stage_in-sifting,1.5,sifting,2,tmpfs-beegfs,6,beegfs,1,142.96445704531934,134.9264462653291,8.038010779990222
stage_in-sifting,1.5,sifting,2,tmpfs-beegfs,6,beegfs,2,150.5569689553219,134.9264462653291,15.630522689992809
stage_in-sifting,1.5,sifting,2,beegfs-tmpfs,6,tmpfs,1,152.60972575878924,150.6653392667665,1.944386492022733
stage_in-sifting,1.5,sifting,2,beegfs-tmpfs,6,tmpfs,2,152.89568985592214,150.6653392667665,2.2303505891556488
stage_in-sifting,1.5,sifting,2,tmpfs-beegfs,6,beegfs,5,153.18707894874981,134.9264462653291,18.26063268
stage_in-sifting,1.5,sifting,2,beegfs-tmpfs,6,tmpfs,5,153.24039824529353,150.6653392667665,2.5750589785270277
stage_in-sifting,1.5,sifting,2,beegfs-ssd,3,ssd,1,241.11455143362434,239.6622323454827,1.4523190881416426
stage_in-sifting,1.5,sifting,2,beegfs-ssd,3,ssd,5,241.59136513284406,239.6622323454827,1.9291327873613686
stage_in-sifting,1.5,sifting,2,beegfs-ssd,3,ssd,2,241.95213571242672,239.6622323454827,2.2899033669440367
stage_in-sifting,1.5,sifting,2,tmpfs-beegfs,3,beegfs,1,304.25499728175214,296.21698650176194,8.038010779990222
stage_in-sifting,1.5,sifting,2,tmpfs-beegfs,3,beegfs,2,311.84750919175474,296.21698650176194,15.630522689992809
stage_in-sifting,1.5,sifting,2,tmpfs-beegfs,3,beegfs,5,314.4776191851826,296.21698650176194,18.26063268
stage_in-sifting,1.5,sifting,2,beegfs-tmpfs,3,tmpfs,1,330.36036237386986,328.41597588184715,1.944386492022733
stage_in-sifting,1.5,sifting,2,beegfs-tmpfs,3,tmpfs,2,330.6463264710028,328.41597588184715,2.2303505891556488
stage_in-sifting,1.5,sifting,2,beegfs-tmpfs,3,tmpfs,5,330.99103486037416,328.41597588184715,2.5750589785270277
stage_in-sifting,1.5,sifting,2,ssd-beegfs,15,beegfs,1,383.83843247711667,375.80042169712647,8.038010779990222
stage_in-sifting,1.5,sifting,2,ssd-beegfs,15,beegfs,2,391.43094438711927,375.80042169712647,15.630522689992809
stage_in-sifting,1.5,sifting,2,ssd-beegfs,15,beegfs,5,394.06105438054715,375.80042169712647,18.26063268
stage_in-sifting,1.5,sifting,2,tmpfs-tmpfs,15,tmpfs,1,440.8434526564418,438.8990661644191,1.944386492022733
stage_in-sifting,1.5,sifting,2,tmpfs-tmpfs,15,tmpfs,2,441.12941675357473,438.8990661644191,2.2303505891556488
stage_in-sifting,1.5,sifting,2,tmpfs-tmpfs,15,tmpfs,5,441.4741251429461,438.8990661644191,2.5750589785270277
stage_in-sifting,1.5,sifting,2,ssd-ssd,15,ssd,1,444.1817912031289,442.7294721149873,1.4523190881416426
stage_in-sifting,1.5,sifting,2,ssd-ssd,15,ssd,5,444.65860490234866,442.7294721149873,1.9291327873613686
stage_in-sifting,1.5,sifting,2,ssd-ssd,15,ssd,2,445.0193754819313,442.7294721149873,2.2899033669440367
stage_in-sifting,1.5,sifting,2,tmpfs-beegfs,15,beegfs,1,554.0766994636406,546.0386886836503,8.038010779990222
stage_in-sifting,1.5,sifting,2,tmpfs-beegfs,15,beegfs,2,561.6692113736432,546.0386886836503,15.630522689992809
stage_in-sifting,1.5,sifting,2,tmpfs-beegfs,15,beegfs,5,564.2993214,546.0386886836503,18.26063268
stage_in-sifting,1.5,sifting,2,beegfs-tmpfs,15,tmpfs,1,575.9432199252565,573.9988334332337,1.944386492022733
stage_in-sifting,1.5,sifting,2,beegfs-tmpfs,15,tmpfs,2,576.2291840223894,573.9988334332337,2.2303505891556488
stage_in-sifting,1.5,sifting,2,beegfs-tmpfs,15,tmpfs,5,576.5738924117608,573.9988334332337,2.5750589785270277
stage_in-sifting,1.5,sifting,2,ssd-beegfs,6,beegfs,1,635.8312666266518,627.7932558466615,8.038010779990222
stage_in-sifting,1.5,sifting,2,ssd-beegfs,6,beegfs,2,643.4237785366544,627.7932558466615,15.630522689992809
stage_in-sifting,1.5,sifting,2,ssd-beegfs,6,beegfs,5,646.0538885300822,627.7932558466615,18.26063268
stage_in-sifting,1.5,sifting,2,ssd-ssd,6,ssd,1,1079.0659733352397,1077.613654247098,1.4523190881416426
stage_in-sifting,1.5,sifting,2,ssd-ssd,6,ssd,5,1079.5427870344595,1077.613654247098,1.9291327873613686
stage_in-sifting,1.5,sifting,2,ssd-ssd,6,ssd,2,1079.9035576140423,1077.613654247098,2.2899033669440367
stage_in-sifting,1.5,sifting,2,tmpfs-tmpfs,6,tmpfs,1,1085.8827610980748,1083.938374606052,1.944386492022733
stage_in-sifting,1.5,sifting,2,tmpfs-tmpfs,6,tmpfs,2,1086.1687251952078,1083.938374606052,2.2303505891556488
stage_in-sifting,1.5,sifting,2,tmpfs-tmpfs,6,tmpfs,5,1086.5134335845792,1083.938374606052,2.5750589785270277
stage_in-sifting,1.5,sifting,2,ssd-beegfs,3,beegfs,1,1516.6508621997812,1508.612851419791,8.038010779990222
stage_in-sifting,1.5,sifting,2,ssd-beegfs,3,beegfs,2,1524.2433741097839,1508.612851419791,15.630522689992809
stage_in-sifting,1.5,sifting,2,ssd-beegfs,3,beegfs,5,1526.8734841032117,1508.612851419791,18.26063268
stage_in-sifting,1.5,sifting,2,ssd-ssd,3,ssd,1,2151.677775472225,2150.2254563840834,1.4523190881416426
stage_in-sifting,1.5,sifting,2,ssd-ssd,3,ssd,5,2152.154589171445,2150.2254563840834,1.9291327873613686
stage_in-sifting,1.5,sifting,2,ssd-ssd,3,ssd,2,2152.5153597510275,2150.2254563840834,2.2899033669440367
stage_in-sifting,1.5,sifting,2,tmpfs-tmpfs,3,tmpfs,1,2156.7137003691178,2154.769313877095,1.944386492022733
stage_in-sifting,1.5,sifting,2,tmpfs-tmpfs,3,tmpfs,2,2156.9996644662506,2154.769313877095,2.2303505891556488
stage_in-sifting,1.5,sifting,2,tmpfs-tmpfs,3,tmpfs,5,2157.344372855622,2154.769313877095,2.5750589785270277
individuals_merge,2,individuals_merge-stage_out,2.5,ssd,1,ssd,1,0.054540340603512594,0.054540340603512594,0
individuals_merge,2,individuals_merge-stage_out,2.5,ssd,1,ssd,2,0.054540340603512594,0.054540340603512594,0
individuals_merge,2,individuals_merge-stage_out,2.5,ssd,1,ssd,5,0.054540340603512594,0.054540340603512594,0
individuals_merge,2,individuals_merge-stage_out,2.5,ssd,1,ssd,9,0.054540340603512594,0.054540340603512594,0
individuals_merge,2,individuals_merge-stage_out,2.5,ssd,1,ssd,10,0.054540340603512594,0.054540340603512594,0
individuals_merge,2,individuals_merge-stage_out,2.5,ssd,1,ssd,11,0.054540340603512594,0.054540340603512594,0
individuals_merge,2,individuals_merge-stage_out,2.5,ssd,1,ssd,23,0.054540340603512594,0.054540340603512594,0
individuals_merge,2,individuals_merge-stage_out,2.5,ssd,1,ssd,25,0.054540340603512594,0.054540340603512594,0
individuals_merge,2,individuals_merge-stage_out,2.5,ssd,1,ssd,27,0.054540340603512594,0.054540340603512594,0
individuals_merge,2,individuals_merge-stage_out,2.5,ssd,1,ssd,28,0.054540340603512594,0.054540340603512594,0
individuals_merge,2,individuals_merge-stage_out,2.5,ssd,1,ssd,29,0.054540340603512594,0.054540340603512594,0
individuals_merge,2,individuals_merge-stage_out,2.5,ssd,1,ssd,30,0.054540340603512594,0.054540340603512594,0
individuals_merge,2,individuals_merge-stage_out,2.5,ssd,1,ssd,31,0.054540340603512594,0.054540340603512594,0
individuals_merge,2,individuals_merge-stage_out,2.5,ssd,1,ssd,32,0.054540340603512594,0.054540340603512594,0
individuals_merge,2,individuals_merge-stage_out,2.5,ssd,1,ssd,34,0.054540340603512594,0.054540340603512594,0
individuals_merge,2,individuals_merge-stage_out,2.5,ssd,1,ssd,60,0.054540340603512594,0.054540340603512594,0
individuals_merge,2,individuals_merge-stage_out,2.5,ssd,1,ssd,150,0.054540340603512594,0.054540340603512594,0
individuals_merge,2,individuals_merge-stage_out,2.5,tmpfs,1,tmpfs,1,0.081373373,0.081373373,0
individuals_merge,2,individuals_merge-stage_out,2.5,tmpfs,1,tmpfs,2,0.081373373,0.081373373,0
individuals_merge,2,individuals_merge-stage_out,2.5,tmpfs,1,tmpfs,5,0.081373373,0.081373373,0
individuals_merge,2,individuals_merge-stage_out,2.5,tmpfs,1,tmpfs,9,0.081373373,0.081373373,0
individuals_merge,2,individuals_merge-stage_out,2.5,tmpfs,1,tmpfs,10,0.081373373,0.081373373,0
individuals_merge,2,individuals_merge-stage_out,2.5,tmpfs,1,tmpfs,11,0.081373373,0.081373373,0
individuals_merge,2,individuals_merge-stage_out,2.5,tmpfs,1,tmpfs,23,0.081373373,0.081373373,0
individuals_merge,2,individuals_merge-stage_out,2.5,tmpfs,1,tmpfs,25,0.081373373,0.081373373,0
individuals_merge,2,individuals_merge-stage_out,2.5,tmpfs,1,tmpfs,27,0.081373373,0.081373373,0
individuals_merge,2,individuals_merge-stage_out,2.5,tmpfs,1,tmpfs,28,0.081373373,0.081373373,0
individuals_merge,2,individuals_merge-stage_out,2.5,tmpfs,1,tmpfs,29,0.081373373,0.081373373,0
individuals_merge,2,individuals_merge-stage_out,2.5,tmpfs,1,tmpfs,30,0.081373373,0.081373373,0
individuals_merge,2,individuals_merge-stage_out,2.5,tmpfs,1,tmpfs,31,0.081373373,0.081373373,0
individuals_merge,2,individuals_merge-stage_out,2.5,tmpfs,1,tmpfs,32,0.081373373,0.081373373,0
individuals_merge,2,individuals_merge-stage_out,2.5,tmpfs,1,tmpfs,34,0.081373373,0.081373373,0
individuals_merge,2,individuals_merge-stage_out,2.5,tmpfs,1,tmpfs,60,0.081373373,0.081373373,0
individuals_merge,2,individuals_merge-stage_out,2.5,tmpfs,1,tmpfs,150,0.081373373,0.081373373,0
individuals_merge,2,individuals_merge-stage_out,2.5,ssd,2,ssd,1,0.089312641,0.089312641,0
individuals_merge,2,individuals_merge-stage_out,2.5,ssd,2,ssd,2,0.089312641,0.089312641,0
individuals_merge,2,individuals_merge-stage_out,2.5,ssd,2,ssd,5,0.089312641,0.089312641,0
individuals_merge,2,individuals_merge-stage_out,2.5,ssd,2,ssd,9,0.089312641,0.089312641,0
individuals_merge,2,individuals_merge-stage_out,2.5,ssd,2,ssd,10,0.089312641,0.089312641,0
individuals_merge,2,individuals_merge-stage_out,2.5,ssd,2,ssd,11,0.089312641,0.089312641,0
individuals_merge,2,individuals_merge-stage_out,2.5,ssd,2,ssd,23,0.089312641,0.089312641,0
individuals_merge,2,individuals_merge-stage_out,2.5,ssd,2,ssd,25,0.089312641,0.089312641,0
individuals_merge,2,individuals_merge-stage_out,2.5,ssd,2,ssd,27,0.089312641,0.089312641,0
individuals_merge,2,individuals_merge-stage_out,2.5,ssd,2,ssd,28,0.089312641,0.089312641,0
individuals_merge,2,individuals_merge-stage_out,2.5,ssd,2,ssd,29,0.089312641,0.089312641,0
individuals_merge,2,individuals_merge-stage_out,2.5,ssd,2,ssd,30,0.089312641,0.089312641,0
individuals_merge,2,individuals_merge-stage_out,2.5,ssd,2,ssd,31,0.089312641,0.089312641,0
individuals_merge,2,individuals_merge-stage_out,2.5,ssd,2,ssd,32,0.089312641,0.089312641,0
individuals_merge,2,individuals_merge-stage_out,2.5,ssd,2,ssd,34,0.089312641,0.089312641,0
individuals_merge,2,individuals_merge-stage_out,2.5,ssd,2,ssd,60,0.089312641,0.089312641,0
individuals_merge,2,individuals_merge-stage_out,2.5,ssd,2,ssd,150,0.089312641,0.089312641,0
individuals_merge,2,individuals_merge-stage_out,2.5,tmpfs,2,tmpfs,1,0.090207762,0.090207762,0
individuals_merge,2,individuals_merge-stage_out,2.5,tmpfs,2,tmpfs,2,0.090207762,0.090207762,0
individuals_merge,2,individuals_merge-stage_out,2.5,tmpfs,2,tmpfs,5,0.090207762,0.090207762,0
individuals_merge,2,individuals_merge-stage_out,2.5,tmpfs,2,tmpfs,9,0.090207762,0.090207762,0
individuals_merge,2,individuals_merge-stage_out,2.5,tmpfs,2,tmpfs,10,0.090207762,0.090207762,0
individuals_merge,2,individuals_merge-stage_out,2.5,tmpfs,2,tmpfs,11,0.090207762,0.090207762,0
individuals_merge,2,individuals_merge-stage_out,2.5,tmpfs,2,tmpfs,23,0.090207762,0.090207762,0
individuals_merge,2,individuals_merge-stage_out,2.5,tmpfs,2,tmpfs,25,0.090207762,0.090207762,0
individuals_merge,2,individuals_merge-stage_out,2.5,tmpfs,2,tmpfs,27,0.090207762,0.090207762,0
individuals_merge,2,individuals_merge-stage_out,2.5,tmpfs,2,tmpfs,28,0.090207762,0.090207762,0
individuals_merge,2,individuals_merge-stage_out,2.5,tmpfs,2,tmpfs,29,0.090207762,0.090207762,0
individuals_merge,2,individuals_merge-stage_out,2.5,tmpfs,2,tmpfs,30,0.090207762,0.090207762,0
individuals_merge,2,individuals_merge-stage_out,2.5,tmpfs,2,tmpfs,31,0.090207762,0.090207762,0
individuals_merge,2,individuals_merge-stage_out,2.5,tmpfs,2,tmpfs,32,0.090207762,0.090207762,0
individuals_merge,2,individuals_merge-stage_out,2.5,tmpfs,2,tmpfs,34,0.090207762,0.090207762,0
individuals_merge,2,individuals_merge-stage_out,2.5,tmpfs,2,tmpfs,60,0.090207762,0.090207762,0
individuals_merge,2,individuals_merge-stage_out,2.5,tmpfs,2,tmpfs,150,0.090207762,0.090207762,0
individuals_merge,2,individuals_merge-stage_out,2.5,tmpfs,5,tmpfs,1,0.094344585,0.094344585,0
individuals_merge,2,individuals_merge-stage_out,2.5,tmpfs,5,tmpfs,2,0.094344585,0.094344585,0
individuals_merge,2,individuals_merge-stage_out,2.5,tmpfs,5,tmpfs,5,0.094344585,0.094344585,0
individuals_merge,2,individuals_merge-stage_out,2.5,tmpfs,5,tmpfs,9,0.094344585,0.094344585,0
individuals_merge,2,individuals_merge-stage_out,2.5,tmpfs,5,tmpfs,10,0.094344585,0.094344585,0
individuals_merge,2,individuals_merge-stage_out,2.5,tmpfs,5,tmpfs,11,0.094344585,0.094344585,0
individuals_merge,2,individuals_merge-stage_out,2.5,tmpfs,5,tmpfs,23,0.094344585,0.094344585,0
individuals_merge,2,individuals_merge-stage_out,2.5,tmpfs,5,tmpfs,25,0.094344585,0.094344585,0
individuals_merge,2,individuals_merge-stage_out,2.5,tmpfs,5,tmpfs,27,0.094344585,0.094344585,0
individuals_merge,2,individuals_merge-stage_out,2.5,tmpfs,5,tmpfs,28,0.094344585,0.094344585,0
individuals_merge,2,individuals_merge-stage_out,2.5,tmpfs,5,tmpfs,29,0.094344585,0.094344585,0
individuals_merge,2,individuals_merge-stage_out,2.5,tmpfs,5,tmpfs,30,0.094344585,0.094344585,0
individuals_merge,2,individuals_merge-stage_out,2.5,tmpfs,5,tmpfs,31,0.094344585,0.094344585,0
individuals_merge,2,individuals_merge-stage_out,2.5,tmpfs,5,tmpfs,32,0.094344585,0.094344585,0
individuals_merge,2,individuals_merge-stage_out,2.5,tmpfs,5,tmpfs,34,0.094344585,0.094344585,0
individuals_merge,2,individuals_merge-stage_out,2.5,tmpfs,5,tmpfs,60,0.094344585,0.094344585,0
individuals_merge,2,individuals_merge-stage_out,2.5,tmpfs,5,tmpfs,150,0.094344585,0.094344585,0
individuals_merge,2,individuals_merge-stage_out,2.5,ssd,5,ssd,1,0.12071179069376206,0.12071179069376206,0
individuals_merge,2,individuals_merge-stage_out,2.5,ssd,5,ssd,2,0.12071179069376206,0.12071179069376206,0
individuals_merge,2,individuals_merge-stage_out,2.5,ssd,5,ssd,5,0.12071179069376206,0.12071179069376206,0
individuals_merge,2,individuals_merge-stage_out,2.5,ssd,5,ssd,9,0.12071179069376206,0.12071179069376206,0
individuals_merge,2,individuals_merge-stage_out,2.5,ssd,5,ssd,10,0.12071179069376206,0.12071179069376206,0
individuals_merge,2,individuals_merge-stage_out,2.5,ssd,5,ssd,11,0.12071179069376206,0.12071179069376206,0
individuals_merge,2,individuals_merge-stage_out,2.5,ssd,5,ssd,23,0.12071179069376206,0.12071179069376206,0
individuals_merge,2,individuals_merge-stage_out,2.5,ssd,5,ssd,25,0.12071179069376206,0.12071179069376206,0
individuals_merge,2,individuals_merge-stage_out,2.5,ssd,5,ssd,27,0.12071179069376206,0.12071179069376206,0
individuals_merge,2,individuals_merge-stage_out,2.5,ssd,5,ssd,28,0.12071179069376206,0.12071179069376206,0
individuals_merge,2,individuals_merge-stage_out,2.5,ssd,5,ssd,29,0.12071179069376206,0.12071179069376206,0
individuals_merge,2,individuals_merge-stage_out,2.5,ssd,5,ssd,30,0.12071179069376206,0.12071179069376206,0
individuals_merge,2,individuals_merge-stage_out,2.5,ssd,5,ssd,31,0.12071179069376206,0.12071179069376206,0
individuals_merge,2,individuals_merge-stage_out,2.5,ssd,5,ssd,32,0.12071179069376206,0.12071179069376206,0
individuals_merge,2,individuals_merge-stage_out,2.5,ssd,5,ssd,34,0.12071179069376206,0.12071179069376206,0
individuals_merge,2,individuals_merge-stage_out,2.5,ssd,5,ssd,60,0.12071179069376206,0.12071179069376206,0
individuals_merge,2,individuals_merge-stage_out,2.5,ssd,5,ssd,150,0.12071179069376206,0.12071179069376206,0
individuals_merge,2,individuals_merge-stage_out,2.5,ssd,1,ssd-beegfs,30,0.13722485139168325,0.054540340603512594,0.082684511
individuals_merge,2,individuals_merge-stage_out,2.5,tmpfs,1,tmpfs-beegfs,12,0.1412246435879925,0.081373373,0.05985127
individuals_merge,2,individuals_merge-stage_out,2.5,tmpfs,1,tmpfs-beegfs,2,0.1429252808044981,0.079283923,0.063641358
individuals_merge,2,individuals_merge-stage_out,2.5,tmpfs,2,tmpfs-beegfs,12,0.150059032,0.090207762,0.05985127
individuals_merge,2,individuals_merge-stage_out,2.5,ssd,1,ssd-beegfs,5,0.15296707981642488,0.052596488135353614,0.10037059168107128
individuals_merge,2,individuals_merge-stage_out,2.5,tmpfs,2,tmpfs-beegfs,2,0.15384911976851295,0.090207762,0.063641358
individuals_merge,2,individuals_merge-stage_out,2.5,tmpfs,5,tmpfs-beegfs,12,0.1541958557052041,0.094344585,0.05985127
individuals_merge,2,individuals_merge-stage_out,2.5,tmpfs,5,tmpfs-beegfs,2,0.15798594324465104,0.094344585,0.063641358
individuals_merge,2,individuals_merge-stage_out,2.5,ssd,2,ssd-beegfs,30,0.17199715128953452,0.089312641,0.082684511
individuals_merge,2,individuals_merge-stage_out,2.5,ssd,2,ssd-beegfs,5,0.18968323218243516,0.089312641,0.10037059168107128
individuals_merge,2,individuals_merge-stage_out,2.5,ssd,5,ssd-beegfs,30,0.20339630148193272,0.12071179069376206,0.082684511
individuals_merge,2,individuals_merge-stage_out,2.5,tmpfs,1,tmpfs-beegfs,6,0.20422289671273408,0.081373373,0.12284952333570548
individuals_merge,2,individuals_merge-stage_out,2.5,beegfs,1,beegfs,1,0.21119540942115242,0.21119540942115242,0
individuals_merge,2,individuals_merge-stage_out,2.5,beegfs,1,beegfs,2,0.21119540942115242,0.21119540942115242,0
individuals_merge,2,individuals_merge-stage_out,2.5,beegfs,1,beegfs,5,0.21119540942115242,0.21119540942115242,0
individuals_merge,2,individuals_merge-stage_out,2.5,beegfs,1,beegfs,9,0.21119540942115242,0.21119540942115242,0
individuals_merge,2,individuals_merge-stage_out,2.5,beegfs,1,beegfs,10,0.21119540942115242,0.21119540942115242,0
individuals_merge,2,individuals_merge-stage_out,2.5,beegfs,1,beegfs,11,0.21119540942115242,0.21119540942115242,0
individuals_merge,2,individuals_merge-stage_out,2.5,beegfs,1,beegfs,23,0.21119540942115242,0.21119540942115242,0
individuals_merge,2,individuals_merge-stage_out,2.5,beegfs,1,beegfs,25,0.21119540942115242,0.21119540942115242,0
individuals_merge,2,individuals_merge-stage_out,2.5,beegfs,1,beegfs,27,0.21119540942115242,0.21119540942115242,0
individuals_merge,2,individuals_merge-stage_out,2.5,beegfs,1,beegfs,28,0.21119540942115242,0.21119540942115242,0
individuals_merge,2,individuals_merge-stage_out,2.5,beegfs,1,beegfs,29,0.21119540942115242,0.21119540942115242,0
individuals_merge,2,individuals_merge-stage_out,2.5,beegfs,1,beegfs,30,0.21119540942115242,0.21119540942115242,0
individuals_merge,2,individuals_merge-stage_out,2.5,beegfs,1,beegfs,31,0.21119540942115242,0.21119540942115242,0
individuals_merge,2,individuals_merge-stage_out,2.5,beegfs,1,beegfs,32,0.21119540942115242,0.21119540942115242,0
individuals_merge,2,individuals_merge-stage_out,2.5,beegfs,1,beegfs,34,0.21119540942115242,0.21119540942115242,0
individuals_merge,2,individuals_merge-stage_out,2.5,beegfs,1,beegfs,60,0.21119540942115242,0.21119540942115242,0
individuals_merge,2,individuals_merge-stage_out,2.5,beegfs,1,beegfs,150,0.21119540942115242,0.21119540942115242,0
individuals_merge,2,individuals_merge-stage_out,2.5,tmpfs,2,tmpfs-beegfs,6,0.21305728535380758,0.090207762,0.12284952333570548
individuals_merge,2,individuals_merge-stage_out,2.5,tmpfs,1,tmpfs-beegfs,1,0.21594699671856676,0.079283923,0.1366630736644795
individuals_merge,2,individuals_merge-stage_out,2.5,tmpfs,5,tmpfs-beegfs,6,0.2171941088299457,0.094344585,0.12284952333570548
individuals_merge,2,individuals_merge-stage_out,2.5,ssd,5,ssd-beegfs,5,0.22108238237483335,0.12071179069376206,0.10037059168107128
individuals_merge,2,individuals_merge-stage_out,2.5,tmpfs,2,tmpfs-beegfs,1,0.2268708356825816,0.090207762,0.1366630736644795
individuals_merge,2,individuals_merge-stage_out,2.5,ssd,1,ssd-beegfs,12,0.22886170005789272,0.054540340603512594,0.17432135945438013
individuals_merge,2,individuals_merge-stage_out,2.5,beegfs,1,beegfs-ssd,30,0.2293704427332226,0.21119540942115242,0.018175033312070186
individuals_merge,2,individuals_merge-stage_out,2.5,tmpfs,5,tmpfs-beegfs,1,0.2310076591587197,0.094344585,0.1366630736644795
individuals_merge,2,individuals_merge-stage_out,2.5,beegfs,1,beegfs-ssd,5,0.23442747736408243,0.20931318895656853,0.025114288407513886
individuals_merge,2,individuals_merge-stage_out,2.5,ssd,1,ssd-beegfs,2,0.24824028730262676,0.052596488135353614,0.19564379916727315
individuals_merge,2,individuals_merge-stage_out,2.5,beegfs,1,beegfs-tmpfs,12,0.25859497109021906,0.21119540942115242,0.047399561669066635
individuals_merge,2,individuals_merge-stage_out,2.5,beegfs,1,beegfs-ssd,12,0.26000658018519024,0.21119540942115242,0.048811171
individuals_merge,2,individuals_merge-stage_out,2.5,ssd,2,ssd-beegfs,12,0.263634,0.089312641,0.17432135945438013
individuals_merge,2,individuals_merge-stage_out,2.5,beegfs,1,beegfs-ssd,2,0.2744035266449146,0.20931318895656853,0.065090338
individuals_merge,2,individuals_merge-stage_out,2.5,beegfs,1,beegfs-tmpfs,2,0.28182138733413553,0.20931318895656853,0.072508198
individuals_merge,2,individuals_merge-stage_out,2.5,ssd,2,ssd-beegfs,2,0.28495643966863704,0.089312641,0.19564379916727315
individuals_merge,2,individuals_merge-stage_out,2.5,ssd,5,ssd-beegfs,12,0.2950331501481422,0.12071179069376206,0.17432135945438013
individuals_merge,2,individuals_merge-stage_out,2.5,beegfs,1,beegfs-ssd,6,0.3082869290949754,0.21119540942115242,0.09709152
individuals_merge,2,individuals_merge-stage_out,2.5,beegfs,1,beegfs-tmpfs,6,0.31451182546687695,0.21119540942115242,0.10331641604572454
individuals_merge,2,individuals_merge-stage_out,2.5,ssd,5,ssd-beegfs,2,0.3163555898610352,0.12071179069376206,0.19564379916727315
individuals_merge,2,individuals_merge-stage_out,2.5,beegfs,1,beegfs-tmpfs,1,0.3476355028750595,0.20931318895656853,0.13832231391849098
individuals_merge,2,individuals_merge-stage_out,2.5,beegfs,1,beegfs-ssd,1,0.3509818640023091,0.20931318895656853,0.14166867504574054
individuals_merge,2,individuals_merge-stage_out,2.5,tmpfs,1,tmpfs-beegfs,30,0.3655298589816629,0.081373373,0.2841564856046343
individuals_merge,2,individuals_merge-stage_out,2.5,tmpfs,2,tmpfs-beegfs,30,0.3743642476227364,0.090207762,0.2841564856046343
individuals_merge,2,individuals_merge-stage_out,2.5,tmpfs,5,tmpfs-beegfs,30,0.37850107109887454,0.094344585,0.2841564856046343
individuals_merge,2,individuals_merge-stage_out,2.5,beegfs,2,beegfs,1,0.37985325183782753,0.37985325183782753,0
individuals_merge,2,individuals_merge-stage_out,2.5,beegfs,2,beegfs,2,0.37985325183782753,0.37985325183782753,0
individuals_merge,2,individuals_merge-stage_out,2.5,beegfs,2,beegfs,5,0.37985325183782753,0.37985325183782753,0
individuals_merge,2,individuals_merge-stage_out,2.5,beegfs,2,beegfs,9,0.37985325183782753,0.37985325183782753,0
individuals_merge,2,individuals_merge-stage_out,2.5,beegfs,2,beegfs,10,0.37985325183782753,0.37985325183782753,0
individuals_merge,2,individuals_merge-stage_out,2.5,beegfs,2,beegfs,11,0.37985325183782753,0.37985325183782753,0
individuals_merge,2,individuals_merge-stage_out,2.5,beegfs,2,beegfs,23,0.37985325183782753,0.37985325183782753,0
individuals_merge,2,individuals_merge-stage_out,2.5,beegfs,2,beegfs,25,0.37985325183782753,0.37985325183782753,0
individuals_merge,2,individuals_merge-stage_out,2.5,beegfs,2,beegfs,27,0.37985325183782753,0.37985325183782753,0
individuals_merge,2,individuals_merge-stage_out,2.5,beegfs,2,beegfs,28,0.37985325183782753,0.37985325183782753,0
individuals_merge,2,individuals_merge-stage_out,2.5,beegfs,2,beegfs,29,0.37985325183782753,0.37985325183782753,0
individuals_merge,2,individuals_merge-stage_out,2.5,beegfs,2,beegfs,30,0.37985325183782753,0.37985325183782753,0
individuals_merge,2,individuals_merge-stage_out,2.5,beegfs,2,beegfs,31,0.37985325183782753,0.37985325183782753,0
individuals_merge,2,individuals_merge-stage_out,2.5,beegfs,2,beegfs,32,0.37985325183782753,0.37985325183782753,0
individuals_merge,2,individuals_merge-stage_out,2.5,beegfs,2,beegfs,34,0.37985325183782753,0.37985325183782753,0
individuals_merge,2,individuals_merge-stage_out,2.5,beegfs,2,beegfs,60,0.37985325183782753,0.37985325183782753,0
individuals_merge,2,individuals_merge-stage_out,2.5,beegfs,2,beegfs,150,0.37985325183782753,0.37985325183782753,0
individuals_merge,2,individuals_merge-stage_out,2.5,beegfs,2,beegfs-ssd,30,0.39802828514989774,0.37985325183782753,0.018175033312070186
individuals_merge,2,individuals_merge-stage_out,2.5,beegfs,2,beegfs-ssd,5,0.4016190279700347,0.3765047395625208,0.025114288407513886
individuals_merge,2,individuals_merge-stage_out,2.5,beegfs,2,beegfs-tmpfs,12,0.42725281350689415,0.37985325183782753,0.047399561669066635
individuals_merge,2,individuals_merge-stage_out,2.5,beegfs,2,beegfs-ssd,12,0.4286644226018654,0.37985325183782753,0.048811171
individuals_merge,2,individuals_merge-stage_out,2.5,beegfs,2,beegfs-ssd,2,0.44159507725086683,0.3765047395625208,0.065090338
individuals_merge,2,individuals_merge-stage_out,2.5,beegfs,2,beegfs-tmpfs,2,0.4490129379400878,0.3765047395625208,0.072508198
individuals_merge,2,individuals_merge-stage_out,2.5,tmpfs,1,tmpfs-beegfs,5,0.45023241925001956,0.079283923,0.3709484961959323
individuals_merge,2,individuals_merge-stage_out,2.5,ssd,1,ssd-beegfs,6,0.45388228575978795,0.054540340603512594,0.39934194515627536
individuals_merge,2,individuals_merge-stage_out,2.5,tmpfs,2,tmpfs-beegfs,5,0.4611562582140344,0.090207762,0.3709484961959323
individuals_merge,2,individuals_merge-stage_out,2.5,beegfs,1,beegfs-tmpfs,30,0.46364263127763305,0.21119540942115242,0.25244722185648066
individuals_merge,2,individuals_merge-stage_out,2.5,tmpfs,5,tmpfs-beegfs,5,0.46529308169017247,0.094344585,0.3709484961959323
individuals_merge,2,individuals_merge-stage_out,2.5,beegfs,2,beegfs-ssd,6,0.47694477151165054,0.37985325183782753,0.09709152
individuals_merge,2,individuals_merge-stage_out,2.5,beegfs,2,beegfs-tmpfs,6,0.4831696678835521,0.37985325183782753,0.10331641604572454
individuals_merge,2,individuals_merge-stage_out,2.5,beegfs,5,beegfs,1,0.48406148421732087,0.48406148421732087,0
individuals_merge,2,individuals_merge-stage_out,2.5,beegfs,5,beegfs,2,0.48406148421732087,0.48406148421732087,0
individuals_merge,2,individuals_merge-stage_out,2.5,beegfs,5,beegfs,5,0.48406148421732087,0.48406148421732087,0
individuals_merge,2,individuals_merge-stage_out,2.5,beegfs,5,beegfs,9,0.48406148421732087,0.48406148421732087,0
individuals_merge,2,individuals_merge-stage_out,2.5,beegfs,5,beegfs,10,0.48406148421732087,0.48406148421732087,0
individuals_merge,2,individuals_merge-stage_out,2.5,beegfs,5,beegfs,11,0.48406148421732087,0.48406148421732087,0
individuals_merge,2,individuals_merge-stage_out,2.5,beegfs,5,beegfs,23,0.48406148421732087,0.48406148421732087,0
individuals_merge,2,individuals_merge-stage_out,2.5,beegfs,5,beegfs,25,0.48406148421732087,0.48406148421732087,0
individuals_merge,2,individuals_merge-stage_out,2.5,beegfs,5,beegfs,27,0.48406148421732087,0.48406148421732087,0
individuals_merge,2,individuals_merge-stage_out,2.5,beegfs,5,beegfs,28,0.48406148421732087,0.48406148421732087,0
individuals_merge,2,individuals_merge-stage_out,2.5,beegfs,5,beegfs,29,0.48406148421732087,0.48406148421732087,0
individuals_merge,2,individuals_merge-stage_out,2.5,beegfs,5,beegfs,30,0.48406148421732087,0.48406148421732087,0
individuals_merge,2,individuals_merge-stage_out,2.5,beegfs,5,beegfs,31,0.48406148421732087,0.48406148421732087,0
individuals_merge,2,individuals_merge-stage_out,2.5,beegfs,5,beegfs,32,0.48406148421732087,0.48406148421732087,0
individuals_merge,2,individuals_merge-stage_out,2.5,beegfs,5,beegfs,34,0.48406148421732087,0.48406148421732087,0
individuals_merge,2,individuals_merge-stage_out,2.5,beegfs,5,beegfs,60,0.48406148421732087,0.48406148421732087,0
individuals_merge,2,individuals_merge-stage_out,2.5,beegfs,5,beegfs,150,0.48406148421732087,0.48406148421732087,0
individuals_merge,2,individuals_merge-stage_out,2.5,ssd,2,ssd-beegfs,6,0.4886545856576392,0.089312641,0.39934194515627536
individuals_merge,2,individuals_merge-stage_out,2.5,beegfs,5,beegfs-ssd,30,0.502236518,0.48406148421732087,0.018175033312070186
individuals_merge,2,individuals_merge-stage_out,2.5,beegfs,5,beegfs-ssd,5,0.503658663,0.4785443745019642,0.025114288407513886
individuals_merge,2,individuals_merge-stage_out,2.5,ssd,1,ssd-beegfs,1,0.5049600811306306,0.052596488135353614,0.452363593
individuals_merge,2,individuals_merge-stage_out,2.5,beegfs,2,beegfs-tmpfs,1,0.5148270534810118,0.3765047395625208,0.13832231391849098
individuals_merge,2,individuals_merge-stage_out,2.5,beegfs,2,beegfs-ssd,1,0.5181734146082613,0.3765047395625208,0.14166867504574054
individuals_merge,2,individuals_merge-stage_out,2.5,ssd,5,ssd-beegfs,6,0.5200537358500374,0.12071179069376206,0.39934194515627536
individuals_merge,2,individuals_merge-stage_out,2.5,beegfs,5,beegfs-tmpfs,12,0.5314610458863875,0.48406148421732087,0.047399561669066635
individuals_merge,2,individuals_merge-stage_out,2.5,beegfs,5,beegfs-ssd,12,0.5328726549813587,0.48406148421732087,0.048811171
individuals_merge,2,individuals_merge-stage_out,2.5,ssd,2,ssd-beegfs,1,0.5416762334966408,0.089312641,0.452363593
individuals_merge,2,individuals_merge-stage_out,2.5,beegfs,5,beegfs-ssd,2,0.5436347121903102,0.4785443745019642,0.065090338
individuals_merge,2,individuals_merge-stage_out,2.5,beegfs,5,beegfs-tmpfs,2,0.5510525728795311,0.4785443745019642,0.072508198
individuals_merge,2,individuals_merge-stage_out,2.5,beegfs,1,beegfs-tmpfs,5,0.5709094181042697,0.20931318895656853,0.3615962291477011
individuals_merge,2,individuals_merge-stage_out,2.5,ssd,5,ssd-beegfs,1,0.5730753836890391,0.12071179069376206,0.452363593
individuals_merge,2,individuals_merge-stage_out,2.5,beegfs,5,beegfs-ssd,6,0.5811530038911439,0.48406148421732087,0.09709152
individuals_merge,2,individuals_merge-stage_out,2.5,beegfs,5,beegfs-tmpfs,6,0.5873779002630454,0.48406148421732087,0.10331641604572454
individuals_merge,2,individuals_merge-stage_out,2.5,beegfs,5,beegfs-tmpfs,1,0.6168666884204552,0.4785443745019642,0.13832231391849098
individuals_merge,2,individuals_merge-stage_out,2.5,beegfs,5,beegfs-ssd,1,0.6202130495477047,0.4785443745019642,0.14166867504574054
individuals_merge,2,individuals_merge-stage_out,2.5,beegfs,2,beegfs-tmpfs,30,0.6323004736943082,0.37985325183782753,0.25244722185648066
individuals_merge,2,individuals_merge-stage_out,2.5,beegfs,5,beegfs-tmpfs,30,0.7365087060738016,0.48406148421732087,0.25244722185648066
individuals_merge,2,individuals_merge-stage_out,2.5,beegfs,2,beegfs-tmpfs,5,0.7381009687102219,0.3765047395625208,0.3615962291477011
individuals_merge,2,individuals_merge-stage_out,2.5,beegfs,5,beegfs-tmpfs,5,0.8401406036496653,0.4785443745019642,0.3615962291477011
individuals_merge,2,individuals_merge-stage_out,2.5,ssd,1,ssd-ssd,5,0.8672855135588129,0.052596488135353614,0.8146890254234593
individuals_merge,2,individuals_merge-stage_out,2.5,tmpfs,1,tmpfs-tmpfs,5,0.8927155007294966,0.079283923,0.8134315776754093
individuals_merge,2,individuals_merge-stage_out,2.5,tmpfs,2,tmpfs-tmpfs,5,0.9036393396935114,0.090207762,0.8134315776754093
individuals_merge,2,individuals_merge-stage_out,2.5,ssd,2,ssd-ssd,5,0.9040016659248232,0.089312641,0.8146890254234593
individuals_merge,2,individuals_merge-stage_out,2.5,tmpfs,5,tmpfs-tmpfs,5,0.9077761631696495,0.094344585,0.8134315776754093
individuals_merge,2,individuals_merge-stage_out,2.5,ssd,1,ssd-ssd,30,0.9342268191031242,0.054540340603512594,0.8796864784996117
individuals_merge,2,individuals_merge-stage_out,2.5,ssd,5,ssd-ssd,5,0.9354008161172214,0.12071179069376206,0.8146890254234593
individuals_merge,2,individuals_merge-stage_out,2.5,ssd,2,ssd-ssd,30,0.9689991190009756,0.089312641,0.8796864784996117
individuals_merge,2,individuals_merge-stage_out,2.5,tmpfs,1,tmpfs-tmpfs,30,0.9793366986983039,0.081373373,0.8979633253212752
individuals_merge,2,individuals_merge-stage_out,2.5,tmpfs,2,tmpfs-tmpfs,30,0.9881710873393773,0.090207762,0.8979633253212752
individuals_merge,2,individuals_merge-stage_out,2.5,tmpfs,5,tmpfs-tmpfs,30,0.9923079108155154,0.094344585,0.8979633253212752
individuals_merge,2,individuals_merge-stage_out,2.5,ssd,5,ssd-ssd,30,1.0003982691933737,0.12071179069376206,0.8796864784996117
sifting,2,sifting-stage_out,2.5,ssd,1,ssd,1,1.4523190881416426,1.4523190881416426,0
sifting,2,sifting-stage_out,2.5,ssd,1,ssd,2,1.4523190881416426,1.4523190881416426,0
sifting,2,sifting-stage_out,2.5,ssd,1,ssd,5,1.4523190881416426,1.4523190881416426,0
sifting,2,sifting-stage_out,2.5,ssd,1,ssd,9,1.4523190881416426,1.4523190881416426,0
sifting,2,sifting-stage_out,2.5,ssd,1,ssd,10,1.4523190881416426,1.4523190881416426,0
sifting,2,sifting-stage_out,2.5,ssd,1,ssd,11,1.4523190881416426,1.4523190881416426,0
sifting,2,sifting-stage_out,2.5,ssd,1,ssd,23,1.4523190881416426,1.4523190881416426,0
sifting,2,sifting-stage_out,2.5,ssd,1,ssd,25,1.4523190881416426,1.4523190881416426,0
sifting,2,sifting-stage_out,2.5,ssd,1,ssd,27,1.4523190881416426,1.4523190881416426,0
sifting,2,sifting-stage_out,2.5,ssd,1,ssd,28,1.4523190881416426,1.4523190881416426,0
sifting,2,sifting-stage_out,2.5,ssd,1,ssd,29,1.4523190881416426,1.4523190881416426,0
sifting,2,sifting-stage_out,2.5,ssd,1,ssd,30,1.4523190881416426,1.4523190881416426,0
sifting,2,sifting-stage_out,2.5,ssd,1,ssd,31,1.4523190881416426,1.4523190881416426,0
sifting,2,sifting-stage_out,2.5,ssd,1,ssd,32,1.4523190881416426,1.4523190881416426,0
sifting,2,sifting-stage_out,2.5,ssd,1,ssd,34,1.4523190881416426,1.4523190881416426,0
sifting,2,sifting-stage_out,2.5,ssd,1,ssd,60,1.4523190881416426,1.4523190881416426,0
sifting,2,sifting-stage_out,2.5,ssd,1,ssd,150,1.4523190881416426,1.4523190881416426,0
sifting,2,sifting-stage_out,2.5,ssd,5,ssd,1,1.9291327873613686,1.9291327873613686,0
sifting,2,sifting-stage_out,2.5,ssd,5,ssd,2,1.9291327873613686,1.9291327873613686,0
sifting,2,sifting-stage_out,2.5,ssd,5,ssd,5,1.9291327873613686,1.9291327873613686,0
sifting,2,sifting-stage_out,2.5,ssd,5,ssd,9,1.9291327873613686,1.9291327873613686,0
sifting,2,sifting-stage_out,2.5,ssd,5,ssd,10,1.9291327873613686,1.9291327873613686,0
sifting,2,sifting-stage_out,2.5,ssd,5,ssd,11,1.9291327873613686,1.9291327873613686,0
sifting,2,sifting-stage_out,2.5,ssd,5,ssd,23,1.9291327873613686,1.9291327873613686,0
sifting,2,sifting-stage_out,2.5,ssd,5,ssd,25,1.9291327873613686,1.9291327873613686,0
sifting,2,sifting-stage_out,2.5,ssd,5,ssd,27,1.9291327873613686,1.9291327873613686,0
sifting,2,sifting-stage_out,2.5,ssd,5,ssd,28,1.9291327873613686,1.9291327873613686,0
sifting,2,sifting-stage_out,2.5,ssd,5,ssd,29,1.9291327873613686,1.9291327873613686,0
sifting,2,sifting-stage_out,2.5,ssd,5,ssd,30,1.9291327873613686,1.9291327873613686,0
sifting,2,sifting-stage_out,2.5,ssd,5,ssd,31,1.9291327873613686,1.9291327873613686,0
sifting,2,sifting-stage_out,2.5,ssd,5,ssd,32,1.9291327873613686,1.9291327873613686,0
sifting,2,sifting-stage_out,2.5,ssd,5,ssd,34,1.9291327873613686,1.9291327873613686,0
sifting,2,sifting-stage_out,2.5,ssd,5,ssd,60,1.9291327873613686,1.9291327873613686,0
sifting,2,sifting-stage_out,2.5,ssd,5,ssd,150,1.9291327873613686,1.9291327873613686,0
sifting,2,sifting-stage_out,2.5,tmpfs,1,tmpfs,1,1.944386492022733,1.944386492022733,0
sifting,2,sifting-stage_out,2.5,tmpfs,1,tmpfs,2,1.944386492022733,1.944386492022733,0
sifting,2,sifting-stage_out,2.5,tmpfs,1,tmpfs,5,1.944386492022733,1.944386492022733,0
sifting,2,sifting-stage_out,2.5,tmpfs,1,tmpfs,9,1.944386492022733,1.944386492022733,0
sifting,2,sifting-stage_out,2.5,tmpfs,1,tmpfs,10,1.944386492022733,1.944386492022733,0
sifting,2,sifting-stage_out,2.5,tmpfs,1,tmpfs,11,1.944386492022733,1.944386492022733,0
sifting,2,sifting-stage_out,2.5,tmpfs,1,tmpfs,23,1.944386492022733,1.944386492022733,0
sifting,2,sifting-stage_out,2.5,tmpfs,1,tmpfs,25,1.944386492022733,1.944386492022733,0
sifting,2,sifting-stage_out,2.5,tmpfs,1,tmpfs,27,1.944386492022733,1.944386492022733,0
sifting,2,sifting-stage_out,2.5,tmpfs,1,tmpfs,28,1.944386492022733,1.944386492022733,0
sifting,2,sifting-stage_out,2.5,tmpfs,1,tmpfs,29,1.944386492022733,1.944386492022733,0
sifting,2,sifting-stage_out,2.5,tmpfs,1,tmpfs,30,1.944386492022733,1.944386492022733,0
sifting,2,sifting-stage_out,2.5,tmpfs,1,tmpfs,31,1.944386492022733,1.944386492022733,0
sifting,2,sifting-stage_out,2.5,tmpfs,1,tmpfs,32,1.944386492022733,1.944386492022733,0
sifting,2,sifting-stage_out,2.5,tmpfs,1,tmpfs,34,1.944386492022733,1.944386492022733,0
sifting,2,sifting-stage_out,2.5,tmpfs,1,tmpfs,60,1.944386492022733,1.944386492022733,0
sifting,2,sifting-stage_out,2.5,tmpfs,1,tmpfs,150,1.944386492022733,1.944386492022733,0
individuals_merge,2,individuals_merge-stage_out,2.5,ssd,1,ssd-ssd,2,1.9635920417846064,0.052596488135353614,1.9109955536492529
individuals_merge,2,individuals_merge-stage_out,2.5,ssd,1,ssd-ssd,12,1.974363570033405,0.054540340603512594,1.9198232294298925
individuals_merge,2,individuals_merge-stage_out,2.5,tmpfs,1,tmpfs-tmpfs,2,1.9778346640282791,0.079283923,1.898550740974192
individuals_merge,2,individuals_merge-stage_out,2.5,tmpfs,2,tmpfs-tmpfs,2,1.988758502992294,0.090207762,1.898550740974192
individuals_merge,2,individuals_merge-stage_out,2.5,tmpfs,5,tmpfs-tmpfs,2,1.9928953264684321,0.094344585,1.898550740974192
individuals_merge,2,individuals_merge-stage_out,2.5,ssd,2,ssd-ssd,2,2.000308194150617,0.089312641,1.9109955536492529
individuals_merge,2,individuals_merge-stage_out,2.5,ssd,2,ssd-ssd,12,2.0091358699312565,0.089312641,1.9198232294298925
individuals_merge,2,individuals_merge-stage_out,2.5,tmpfs,1,tmpfs-tmpfs,12,2.024840195882258,0.081373373,1.9434668225052296
individuals_merge,2,individuals_merge-stage_out,2.5,ssd,5,ssd-ssd,2,2.031707344343015,0.12071179069376206,1.9109955536492529
individuals_merge,2,individuals_merge-stage_out,2.5,tmpfs,2,tmpfs-tmpfs,12,2.033674584523332,0.090207762,1.9434668225052296
individuals_merge,2,individuals_merge-stage_out,2.5,tmpfs,5,tmpfs-tmpfs,12,2.037811408,0.094344585,1.9434668225052296
individuals_merge,2,individuals_merge-stage_out,2.5,ssd,5,ssd-ssd,12,2.0405350201236545,0.12071179069376206,1.9198232294298925
sifting,2,sifting-stage_out,2.5,tmpfs,2,tmpfs,1,2.2303505891556488,2.2303505891556488,0
sifting,2,sifting-stage_out,2.5,tmpfs,2,tmpfs,2,2.2303505891556488,2.2303505891556488,0
sifting,2,sifting-stage_out,2.5,tmpfs,2,tmpfs,5,2.2303505891556488,2.2303505891556488,0
sifting,2,sifting-stage_out,2.5,tmpfs,2,tmpfs,9,2.2303505891556488,2.2303505891556488,0
sifting,2,sifting-stage_out,2.5,tmpfs,2,tmpfs,10,2.2303505891556488,2.2303505891556488,0
sifting,2,sifting-stage_out,2.5,tmpfs,2,tmpfs,11,2.2303505891556488,2.2303505891556488,0
sifting,2,sifting-stage_out,2.5,tmpfs,2,tmpfs,23,2.2303505891556488,2.2303505891556488,0
sifting,2,sifting-stage_out,2.5,tmpfs,2,tmpfs,25,2.2303505891556488,2.2303505891556488,0
sifting,2,sifting-stage_out,2.5,tmpfs,2,tmpfs,27,2.2303505891556488,2.2303505891556488,0
sifting,2,sifting-stage_out,2.5,tmpfs,2,tmpfs,28,2.2303505891556488,2.2303505891556488,0
sifting,2,sifting-stage_out,2.5,tmpfs,2,tmpfs,29,2.2303505891556488,2.2303505891556488,0
sifting,2,sifting-stage_out,2.5,tmpfs,2,tmpfs,30,2.2303505891556488,2.2303505891556488,0
sifting,2,sifting-stage_out,2.5,tmpfs,2,tmpfs,31,2.2303505891556488,2.2303505891556488,0
sifting,2,sifting-stage_out,2.5,tmpfs,2,tmpfs,32,2.2303505891556488,2.2303505891556488,0
sifting,2,sifting-stage_out,2.5,tmpfs,2,tmpfs,34,2.2303505891556488,2.2303505891556488,0
sifting,2,sifting-stage_out,2.5,tmpfs,2,tmpfs,60,2.2303505891556488,2.2303505891556488,0
sifting,2,sifting-stage_out,2.5,tmpfs,2,tmpfs,150,2.2303505891556488,2.2303505891556488,0
sifting,2,sifting-stage_out,2.5,ssd,2,ssd,1,2.2899033669440367,2.2899033669440367,0
sifting,2,sifting-stage_out,2.5,ssd,2,ssd,2,2.2899033669440367,2.2899033669440367,0
sifting,2,sifting-stage_out,2.5,ssd,2,ssd,5,2.2899033669440367,2.2899033669440367,0
sifting,2,sifting-stage_out,2.5,ssd,2,ssd,9,2.2899033669440367,2.2899033669440367,0
sifting,2,sifting-stage_out,2.5,ssd,2,ssd,10,2.2899033669440367,2.2899033669440367,0
sifting,2,sifting-stage_out,2.5,ssd,2,ssd,11,2.2899033669440367,2.2899033669440367,0
sifting,2,sifting-stage_out,2.5,ssd,2,ssd,23,2.2899033669440367,2.2899033669440367,0
sifting,2,sifting-stage_out,2.5,ssd,2,ssd,25,2.2899033669440367,2.2899033669440367,0
sifting,2,sifting-stage_out,2.5,ssd,2,ssd,27,2.2899033669440367,2.2899033669440367,0
sifting,2,sifting-stage_out,2.5,ssd,2,ssd,28,2.2899033669440367,2.2899033669440367,0
sifting,2,sifting-stage_out,2.5,ssd,2,ssd,29,2.2899033669440367,2.2899033669440367,0
sifting,2,sifting-stage_out,2.5,ssd,2,ssd,30,2.2899033669440367,2.2899033669440367,0
sifting,2,sifting-stage_out,2.5,ssd,2,ssd,31,2.2899033669440367,2.2899033669440367,0
sifting,2,sifting-stage_out,2.5,ssd,2,ssd,32,2.2899033669440367,2.2899033669440367,0
sifting,2,sifting-stage_out,2.5,ssd,2,ssd,34,2.2899033669440367,2.2899033669440367,0
sifting,2,sifting-stage_out,2.5,ssd,2,ssd,60,2.2899033669440367,2.2899033669440367,0
sifting,2,sifting-stage_out,2.5,ssd,2,ssd,150,2.2899033669440367,2.2899033669440367,0
sifting,2,sifting-stage_out,2.5,tmpfs,5,tmpfs,1,2.5750589785270277,2.5750589785270277,0
sifting,2,sifting-stage_out,2.5,tmpfs,5,tmpfs,2,2.5750589785270277,2.5750589785270277,0
sifting,2,sifting-stage_out,2.5,tmpfs,5,tmpfs,5,2.5750589785270277,2.5750589785270277,0
sifting,2,sifting-stage_out,2.5,tmpfs,5,tmpfs,9,2.5750589785270277,2.5750589785270277,0
sifting,2,sifting-stage_out,2.5,tmpfs,5,tmpfs,10,2.5750589785270277,2.5750589785270277,0
sifting,2,sifting-stage_out,2.5,tmpfs,5,tmpfs,11,2.5750589785270277,2.5750589785270277,0
sifting,2,sifting-stage_out,2.5,tmpfs,5,tmpfs,23,2.5750589785270277,2.5750589785270277,0
sifting,2,sifting-stage_out,2.5,tmpfs,5,tmpfs,25,2.5750589785270277,2.5750589785270277,0
sifting,2,sifting-stage_out,2.5,tmpfs,5,tmpfs,27,2.5750589785270277,2.5750589785270277,0
sifting,2,sifting-stage_out,2.5,tmpfs,5,tmpfs,28,2.5750589785270277,2.5750589785270277,0
sifting,2,sifting-stage_out,2.5,tmpfs,5,tmpfs,29,2.5750589785270277,2.5750589785270277,0
sifting,2,sifting-stage_out,2.5,tmpfs,5,tmpfs,30,2.5750589785270277,2.5750589785270277,0
sifting,2,sifting-stage_out,2.5,tmpfs,5,tmpfs,31,2.5750589785270277,2.5750589785270277,0
sifting,2,sifting-stage_out,2.5,tmpfs,5,tmpfs,32,2.5750589785270277,2.5750589785270277,0
sifting,2,sifting-stage_out,2.5,tmpfs,5,tmpfs,34,2.5750589785270277,2.5750589785270277,0
sifting,2,sifting-stage_out,2.5,tmpfs,5,tmpfs,60,2.5750589785270277,2.5750589785270277,0
sifting,2,sifting-stage_out,2.5,tmpfs,5,tmpfs,150,2.5750589785270277,2.5750589785270277,0
individuals_merge,2,individuals_merge-stage_out,2.5,ssd,1,ssd-ssd,1,3.7998722080426814,0.052596488135353614,3.7472757199073277
individuals_merge,2,individuals_merge-stage_out,2.5,tmpfs,1,tmpfs-tmpfs,1,3.8267160546043146,0.079283923,3.7474321315502275
individuals_merge,2,individuals_merge-stage_out,2.5,ssd,2,ssd-ssd,1,3.8365883604086917,0.089312641,3.7472757199073277
individuals_merge,2,individuals_merge-stage_out,2.5,tmpfs,2,tmpfs-tmpfs,1,3.837639894,0.090207762,3.7474321315502275
individuals_merge,2,individuals_merge-stage_out,2.5,tmpfs,5,tmpfs-tmpfs,1,3.8417767170444677,0.094344585,3.7474321315502275
individuals_merge,2,individuals_merge-stage_out,2.5,ssd,1,ssd-ssd,6,3.845787606433539,0.054540340603512594,3.7912472658300262
individuals_merge,2,individuals_merge-stage_out,2.5,ssd,5,ssd-ssd,1,3.8679875106010897,0.12071179069376206,3.7472757199073277
individuals_merge,2,individuals_merge-stage_out,2.5,ssd,2,ssd-ssd,6,3.8805599063313903,0.089312641,3.7912472658300262
individuals_merge,2,individuals_merge-stage_out,2.5,tmpfs,1,tmpfs-tmpfs,6,3.8879804529539244,0.081373373,3.806607079576896
individuals_merge,2,individuals_merge-stage_out,2.5,tmpfs,2,tmpfs-tmpfs,6,3.896814841594998,0.090207762,3.806607079576896
individuals_merge,2,individuals_merge-stage_out,2.5,tmpfs,5,tmpfs-tmpfs,6,3.900951665071136,0.094344585,3.806607079576896
individuals_merge,2,individuals_merge-stage_out,2.5,ssd,5,ssd-ssd,6,3.9119590565237883,0.12071179069376206,3.7912472658300262
sifting,2,sifting-stage_out,2.5,beegfs,1,beegfs,1,8.038010779990222,8.038010779990222,0
sifting,2,sifting-stage_out,2.5,beegfs,1,beegfs,2,8.038010779990222,8.038010779990222,0
sifting,2,sifting-stage_out,2.5,beegfs,1,beegfs,5,8.038010779990222,8.038010779990222,0
sifting,2,sifting-stage_out,2.5,beegfs,1,beegfs,9,8.038010779990222,8.038010779990222,0
sifting,2,sifting-stage_out,2.5,beegfs,1,beegfs,10,8.038010779990222,8.038010779990222,0
sifting,2,sifting-stage_out,2.5,beegfs,1,beegfs,11,8.038010779990222,8.038010779990222,0
sifting,2,sifting-stage_out,2.5,beegfs,1,beegfs,23,8.038010779990222,8.038010779990222,0
sifting,2,sifting-stage_out,2.5,beegfs,1,beegfs,25,8.038010779990222,8.038010779990222,0
sifting,2,sifting-stage_out,2.5,beegfs,1,beegfs,27,8.038010779990222,8.038010779990222,0
sifting,2,sifting-stage_out,2.5,beegfs,1,beegfs,28,8.038010779990222,8.038010779990222,0
sifting,2,sifting-stage_out,2.5,beegfs,1,beegfs,29,8.038010779990222,8.038010779990222,0
sifting,2,sifting-stage_out,2.5,beegfs,1,beegfs,30,8.038010779990222,8.038010779990222,0
sifting,2,sifting-stage_out,2.5,beegfs,1,beegfs,31,8.038010779990222,8.038010779990222,0
sifting,2,sifting-stage_out,2.5,beegfs,1,beegfs,32,8.038010779990222,8.038010779990222,0
sifting,2,sifting-stage_out,2.5,beegfs,1,beegfs,34,8.038010779990222,8.038010779990222,0
sifting,2,sifting-stage_out,2.5,beegfs,1,beegfs,60,8.038010779990222,8.038010779990222,0
sifting,2,sifting-stage_out,2.5,beegfs,1,beegfs,150,8.038010779990222,8.038010779990222,0
sifting,2,sifting-stage_out,2.5,beegfs,2,beegfs,1,15.630522689992809,15.630522689992809,0
sifting,2,sifting-stage_out,2.5,beegfs,2,beegfs,2,15.630522689992809,15.630522689992809,0
sifting,2,sifting-stage_out,2.5,beegfs,2,beegfs,5,15.630522689992809,15.630522689992809,0
sifting,2,sifting-stage_out,2.5,beegfs,2,beegfs,9,15.630522689992809,15.630522689992809,0
sifting,2,sifting-stage_out,2.5,beegfs,2,beegfs,10,15.630522689992809,15.630522689992809,0
sifting,2,sifting-stage_out,2.5,beegfs,2,beegfs,11,15.630522689992809,15.630522689992809,0
sifting,2,sifting-stage_out,2.5,beegfs,2,beegfs,23,15.630522689992809,15.630522689992809,0
sifting,2,sifting-stage_out,2.5,beegfs,2,beegfs,25,15.630522689992809,15.630522689992809,0
sifting,2,sifting-stage_out,2.5,beegfs,2,beegfs,27,15.630522689992809,15.630522689992809,0
sifting,2,sifting-stage_out,2.5,beegfs,2,beegfs,28,15.630522689992809,15.630522689992809,0
sifting,2,sifting-stage_out,2.5,beegfs,2,beegfs,29,15.630522689992809,15.630522689992809,0
sifting,2,sifting-stage_out,2.5,beegfs,2,beegfs,30,15.630522689992809,15.630522689992809,0
sifting,2,sifting-stage_out,2.5,beegfs,2,beegfs,31,15.630522689992809,15.630522689992809,0
sifting,2,sifting-stage_out,2.5,beegfs,2,beegfs,32,15.630522689992809,15.630522689992809,0
sifting,2,sifting-stage_out,2.5,beegfs,2,beegfs,34,15.630522689992809,15.630522689992809,0
sifting,2,sifting-stage_out,2.5,beegfs,2,beegfs,60,15.630522689992809,15.630522689992809,0
sifting,2,sifting-stage_out,2.5,beegfs,2,beegfs,150,15.630522689992809,15.630522689992809,0
sifting,2,sifting-stage_out,2.5,beegfs,5,beegfs,1,18.26063268,18.26063268,0
sifting,2,sifting-stage_out,2.5,beegfs,5,beegfs,2,18.26063268,18.26063268,0
sifting,2,sifting-stage_out,2.5,beegfs,5,beegfs,5,18.26063268,18.26063268,0
sifting,2,sifting-stage_out,2.5,beegfs,5,beegfs,9,18.26063268,18.26063268,0
sifting,2,sifting-stage_out,2.5,beegfs,5,beegfs,10,18.26063268,18.26063268,0
sifting,2,sifting-stage_out,2.5,beegfs,5,beegfs,11,18.26063268,18.26063268,0
sifting,2,sifting-stage_out,2.5,beegfs,5,beegfs,23,18.26063268,18.26063268,0
sifting,2,sifting-stage_out,2.5,beegfs,5,beegfs,25,18.26063268,18.26063268,0
sifting,2,sifting-stage_out,2.5,beegfs,5,beegfs,27,18.26063268,18.26063268,0
sifting,2,sifting-stage_out,2.5,beegfs,5,beegfs,28,18.26063268,18.26063268,0
sifting,2,sifting-stage_out,2.5,beegfs,5,beegfs,29,18.26063268,18.26063268,0
sifting,2,sifting-stage_out,2.5,beegfs,5,beegfs,30,18.26063268,18.26063268,0
sifting,2,sifting-stage_out,2.5,beegfs,5,beegfs,31,18.26063268,18.26063268,0
sifting,2,sifting-stage_out,2.5,beegfs,5,beegfs,32,18.26063268,18.26063268,0
sifting,2,sifting-stage_out,2.5,beegfs,5,beegfs,34,18.26063268,18.26063268,0
sifting,2,sifting-stage_out,2.5,beegfs,5,beegfs,60,18.26063268,18.26063268,0
sifting,2,sifting-stage_out,2.5,beegfs,5,beegfs,150,18.26063268,18.26063268,0
sifting,2,sifting-stage_out,2.5,beegfs,1,beegfs-ssd,15,63.96800092816044,8.038010779990222,55.92999014817022
sifting,2,sifting-stage_out,2.5,beegfs,2,beegfs-ssd,15,71.56051283816302,15.630522689992809,55.92999014817022
sifting,2,sifting-stage_out,2.5,beegfs,5,beegfs-ssd,15,74.19062283159091,18.26063268,55.92999014817022
sifting,2,sifting-stage_out,2.5,beegfs,1,beegfs-ssd,5,90.78925639742855,0.001843482,90.78741291552359
sifting,2,sifting-stage_out,2.5,beegfs,2,beegfs-ssd,5,90.79036667080446,0.002953755,90.78741291552359
sifting,2,sifting-stage_out,2.5,beegfs,5,beegfs-ssd,5,90.79187677659637,0.004463861,90.78741291552359
sifting,2,sifting-stage_out,2.5,beegfs,1,beegfs-ssd,6,136.35810663215165,8.038010779990222,128.32009585216142
sifting,2,sifting-stage_out,2.5,tmpfs,1,tmpfs-beegfs,6,136.87083275735185,1.944386492022733,134.9264462653291
sifting,2,sifting-stage_out,2.5,tmpfs,2,tmpfs-beegfs,6,137.15679685448475,2.2303505891556488,134.9264462653291
sifting,2,sifting-stage_out,2.5,tmpfs,5,tmpfs-beegfs,6,137.50150524385614,2.5750589785270277,134.9264462653291
sifting,2,sifting-stage_out,2.5,beegfs,2,beegfs-ssd,6,143.95061854215422,15.630522689992809,128.32009585216142
sifting,2,sifting-stage_out,2.5,beegfs,5,beegfs-ssd,6,146.58072853558213,18.26063268,128.32009585216142
sifting,2,sifting-stage_out,2.5,beegfs,1,beegfs-tmpfs,6,158.70335004675673,8.038010779990222,150.6653392667665
sifting,2,sifting-stage_out,2.5,beegfs,2,beegfs-tmpfs,6,166.2958619567593,15.630522689992809,150.6653392667665
sifting,2,sifting-stage_out,2.5,beegfs,5,beegfs-tmpfs,6,168.9259719501872,18.26063268,150.6653392667665
sifting,2,sifting-stage_out,2.5,beegfs,1,beegfs-ssd,2,240.27192852558755,0.001843482,240.2700850436826
sifting,2,sifting-stage_out,2.5,beegfs,2,beegfs-ssd,2,240.27303879896346,0.002953755,240.2700850436826
sifting,2,sifting-stage_out,2.5,beegfs,5,beegfs-ssd,2,240.27454890475536,0.004463861,240.2700850436826
sifting,2,sifting-stage_out,2.5,beegfs,1,beegfs-ssd,3,247.70024312547292,8.038010779990222,239.6622323454827
sifting,2,sifting-stage_out,2.5,tmpfs,1,tmpfs-beegfs,2,249.23342573123668,0.000833013,249.2325927181049
sifting,2,sifting-stage_out,2.5,tmpfs,2,tmpfs-beegfs,2,249.2335092532476,0.000916535,249.2325927181049
sifting,2,sifting-stage_out,2.5,tmpfs,5,tmpfs-beegfs,2,249.23373068403075,0.001137966,249.2325927181049
sifting,2,sifting-stage_out,2.5,beegfs,2,beegfs-ssd,3,255.2927550354755,15.630522689992809,239.6622323454827
sifting,2,sifting-stage_out,2.5,beegfs,5,beegfs-ssd,3,257.9228650289034,18.26063268,239.6622323454827
sifting,2,sifting-stage_out,2.5,tmpfs,1,tmpfs-beegfs,3,298.16137299378465,1.944386492022733,296.21698650176194
sifting,2,sifting-stage_out,2.5,tmpfs,2,tmpfs-beegfs,3,298.4473370909176,2.2303505891556488,296.21698650176194
sifting,2,sifting-stage_out,2.5,tmpfs,5,tmpfs-beegfs,3,298.79204548028895,2.5750589785270277,296.21698650176194
sifting,2,sifting-stage_out,2.5,beegfs,1,beegfs-tmpfs,3,336.45398666183735,8.038010779990222,328.41597588184715
sifting,2,sifting-stage_out,2.5,beegfs,2,beegfs-tmpfs,3,344.04649857183995,15.630522689992809,328.41597588184715
sifting,2,sifting-stage_out,2.5,beegfs,5,beegfs-tmpfs,3,346.6766085652678,18.26063268,328.41597588184715
sifting,2,sifting-stage_out,2.5,ssd,1,ssd-beegfs,15,377.2527407852681,1.4523190881416426,375.80042169712647
sifting,2,sifting-stage_out,2.5,ssd,5,ssd-beegfs,15,377.72955448448783,1.9291327873613686,375.80042169712647
sifting,2,sifting-stage_out,2.5,ssd,2,ssd-beegfs,15,378.0903250640705,2.2899033669440367,375.80042169712647
sifting,2,sifting-stage_out,2.5,beegfs,1,beegfs-tmpfs,2,381.1733646853334,0.001843482,381.1715212034285
sifting,2,sifting-stage_out,2.5,beegfs,2,beegfs-tmpfs,2,381.17447495870937,0.002953755,381.1715212034285
sifting,2,sifting-stage_out,2.5,beegfs,5,beegfs-tmpfs,2,381.1759850645013,0.004463861,381.1715212034285
sifting,2,sifting-stage_out,2.5,ssd,1,ssd-ssd,5,438.1306601412593,0.005099609,438.1255605326034
sifting,2,sifting-stage_out,2.5,ssd,2,ssd-ssd,5,438.13265072362924,0.007090191,438.1255605326034
sifting,2,sifting-stage_out,2.5,ssd,5,ssd-ssd,5,438.14073422842773,0.015173695824354329,438.1255605326034
sifting,2,sifting-stage_out,2.5,tmpfs,1,tmpfs-tmpfs,5,438.9310299419099,0.000833013,438.9301969287781
sifting,2,sifting-stage_out,2.5,tmpfs,2,tmpfs-tmpfs,5,438.93111346392084,0.000916535,438.9301969287781
sifting,2,sifting-stage_out,2.5,tmpfs,5,tmpfs-tmpfs,5,438.9313348947039,0.001137966,438.9301969287781
sifting,2,sifting-stage_out,2.5,tmpfs,1,tmpfs-tmpfs,15,440.8434526564418,1.944386492022733,438.8990661644191
sifting,2,sifting-stage_out,2.5,tmpfs,2,tmpfs-tmpfs,15,441.12941675357473,2.2303505891556488,438.8990661644191
sifting,2,sifting-stage_out,2.5,tmpfs,5,tmpfs-tmpfs,15,441.4741251429461,2.5750589785270277,438.8990661644191
sifting,2,sifting-stage_out,2.5,ssd,1,ssd-beegfs,5,443.55729023511816,0.005099609,443.5521906264623
sifting,2,sifting-stage_out,2.5,ssd,2,ssd-beegfs,5,443.5592808174881,0.007090191,443.5521906264623
sifting,2,sifting-stage_out,2.5,ssd,5,ssd-beegfs,5,443.5673643222866,0.015173695824354329,443.5521906264623
sifting,2,sifting-stage_out,2.5,ssd,1,ssd-ssd,15,444.1817912031289,1.4523190881416426,442.7294721149873
sifting,2,sifting-stage_out,2.5,ssd,5,ssd-ssd,15,444.65860490234866,1.9291327873613686,442.7294721149873
sifting,2,sifting-stage_out,2.5,ssd,2,ssd-ssd,15,445.0193754819313,2.2899033669440367,442.7294721149873
sifting,2,sifting-stage_out,2.5,tmpfs,1,tmpfs-beegfs,15,547.9830751756731,1.944386492022733,546.0386886836503
sifting,2,sifting-stage_out,2.5,tmpfs,2,tmpfs-beegfs,15,548.2690393,2.2303505891556488,546.0386886836503
sifting,2,sifting-stage_out,2.5,tmpfs,5,tmpfs-beegfs,15,548.6137476621774,2.5750589785270277,546.0386886836503
sifting,2,sifting-stage_out,2.5,beegfs,1,beegfs-tmpfs,15,582.0368442,8.038010779990222,573.9988334332337
sifting,2,sifting-stage_out,2.5,beegfs,2,beegfs-tmpfs,15,589.6293561232266,15.630522689992809,573.9988334332337
sifting,2,sifting-stage_out,2.5,beegfs,5,beegfs-tmpfs,15,592.2594661166544,18.26063268,573.9988334332337
sifting,2,sifting-stage_out,2.5,ssd,1,ssd-beegfs,6,629.2455749348031,1.4523190881416426,627.7932558466615
sifting,2,sifting-stage_out,2.5,ssd,5,ssd-beegfs,6,629.7223886340229,1.9291327873613686,627.7932558466615
sifting,2,sifting-stage_out,2.5,ssd,2,ssd-beegfs,6,630.0831592136055,2.2899033669440367,627.7932558466615
sifting,2,sifting-stage_out,2.5,tmpfs,1,tmpfs-beegfs,1,635.2691764494323,0.000833013,635.2683434363005
sifting,2,sifting-stage_out,2.5,tmpfs,2,tmpfs-beegfs,1,635.2692599714431,0.000916535,635.2683434363005
sifting,2,sifting-stage_out,2.5,tmpfs,5,tmpfs-beegfs,1,635.2694814022263,0.001137966,635.2683434363005
sifting,2,sifting-stage_out,2.5,beegfs,1,beegfs-ssd,1,636.6669655978554,0.001843482,636.6651221159505
sifting,2,sifting-stage_out,2.5,beegfs,2,beegfs-ssd,1,636.6680758712313,0.002953755,636.6651221159505
sifting,2,sifting-stage_out,2.5,beegfs,5,beegfs-ssd,1,636.6695859770232,0.004463861,636.6651221159505
sifting,2,sifting-stage_out,2.5,ssd,1,ssd-beegfs,2,684.8672140180806,0.005099609,684.8621144094247
sifting,2,sifting-stage_out,2.5,ssd,2,ssd-beegfs,2,684.8692046004506,0.007090191,684.8621144094247
sifting,2,sifting-stage_out,2.5,ssd,5,ssd-beegfs,2,684.8772881052491,0.015173695824354329,684.8621144094247
sifting,2,sifting-stage_out,2.5,tmpfs,1,tmpfs-beegfs,5,830.3677211474944,0.000833013,830.3668881343626
sifting,2,sifting-stage_out,2.5,tmpfs,2,tmpfs-beegfs,5,830.3678046695053,0.000916535,830.3668881343626
sifting,2,sifting-stage_out,2.5,tmpfs,5,tmpfs-beegfs,5,830.3680261002885,0.001137966,830.3668881343626
sifting,2,sifting-stage_out,2.5,beegfs,1,beegfs-tmpfs,1,845.3829976812457,0.001843482,845.3811541993407
sifting,2,sifting-stage_out,2.5,beegfs,2,beegfs-tmpfs,1,845.3841079546215,0.002953755,845.3811541993407
sifting,2,sifting-stage_out,2.5,beegfs,5,beegfs-tmpfs,1,845.3856180604134,0.004463861,845.3811541993407
sifting,2,sifting-stage_out,2.5,tmpfs,1,tmpfs-tmpfs,2,1078.9808210433962,0.000833013,1078.9799880302644
sifting,2,sifting-stage_out,2.5,tmpfs,2,tmpfs-tmpfs,2,1078.9809045654072,0.000916535,1078.9799880302644
sifting,2,sifting-stage_out,2.5,tmpfs,5,tmpfs-tmpfs,2,1078.9811259961903,0.001137966,1078.9799880302644
sifting,2,sifting-stage_out,2.5,ssd,1,ssd-ssd,6,1079.0659733352397,1.4523190881416426,1077.613654247098
sifting,2,sifting-stage_out,2.5,ssd,5,ssd-ssd,6,1079.5427870344595,1.9291327873613686,1077.613654247098
sifting,2,sifting-stage_out,2.5,ssd,2,ssd-ssd,6,1079.9035576140423,2.2899033669440367,1077.613654247098
sifting,2,sifting-stage_out,2.5,ssd,1,ssd-ssd,2,1083.632851608345,0.005099609,1083.627751999689
sifting,2,sifting-stage_out,2.5,ssd,2,ssd-ssd,2,1083.6348421907148,0.007090191,1083.627751999689
sifting,2,sifting-stage_out,2.5,ssd,5,ssd-ssd,2,1083.6429256955134,0.015173695824354329,1083.627751999689
sifting,2,sifting-stage_out,2.5,tmpfs,1,tmpfs-tmpfs,6,1085.8827610980748,1.944386492022733,1083.938374606052
sifting,2,sifting-stage_out,2.5,tmpfs,2,tmpfs-tmpfs,6,1086.1687251952078,2.2303505891556488,1083.938374606052
sifting,2,sifting-stage_out,2.5,tmpfs,5,tmpfs-tmpfs,6,1086.5134335845792,2.5750589785270277,1083.938374606052
sifting,2,sifting-stage_out,2.5,beegfs,1,beegfs-tmpfs,5,1188.5492555707658,0.001843482,1188.547412088861
sifting,2,sifting-stage_out,2.5,beegfs,2,beegfs-tmpfs,5,1188.5503658441419,0.002953755,1188.547412088861
sifting,2,sifting-stage_out,2.5,beegfs,5,beegfs-tmpfs,5,1188.5518759499337,0.004463861,1188.547412088861
sifting,2,sifting-stage_out,2.5,ssd,1,ssd-beegfs,3,1510.0651705079326,1.4523190881416426,1508.612851419791
sifting,2,sifting-stage_out,2.5,ssd,5,ssd-beegfs,3,1510.5419842071524,1.9291327873613686,1508.612851419791
sifting,2,sifting-stage_out,2.5,ssd,2,ssd-beegfs,3,1510.9027547867352,2.2899033669440367,1508.612851419791
sifting,2,sifting-stage_out,2.5,ssd,1,ssd-beegfs,1,1788.8737721117482,0.005099609,1788.8686725030923
sifting,2,sifting-stage_out,2.5,ssd,2,ssd-beegfs,1,1788.875762694118,0.007090191,1788.8686725030923
sifting,2,sifting-stage_out,2.5,ssd,5,ssd-beegfs,1,1788.8838461989167,0.015173695824354329,1788.8686725030923
sifting,2,sifting-stage_out,2.5,ssd,1,ssd-ssd,1,2148.424629264643,0.005099609,2148.419529655987
sifting,2,sifting-stage_out,2.5,ssd,2,ssd-ssd,1,2148.4266198470127,0.007090191,2148.419529655987
sifting,2,sifting-stage_out,2.5,ssd,5,ssd-ssd,1,2148.434703351811,0.015173695824354329,2148.419529655987
sifting,2,sifting-stage_out,2.5,tmpfs,1,tmpfs-tmpfs,1,2151.084413452355,0.000833013,2151.083580439223
sifting,2,sifting-stage_out,2.5,tmpfs,2,tmpfs-tmpfs,1,2151.0844969743657,0.000916535,2151.083580439223
sifting,2,sifting-stage_out,2.5,tmpfs,5,tmpfs-tmpfs,1,2151.084718405149,0.001137966,2151.083580439223
sifting,2,sifting-stage_out,2.5,ssd,1,ssd-ssd,3,2151.677775472225,1.4523190881416426,2150.2254563840834
sifting,2,sifting-stage_out,2.5,ssd,5,ssd-ssd,3,2152.154589171445,1.9291327873613686,2150.2254563840834
sifting,2,sifting-stage_out,2.5,ssd,2,ssd-ssd,3,2152.5153597510275,2.2899033669440367,2150.2254563840834
sifting,2,sifting-stage_out,2.5,tmpfs,1,tmpfs-tmpfs,3,2156.7137003691178,1.944386492022733,2154.769313877095
sifting,2,sifting-stage_out,2.5,tmpfs,2,tmpfs-tmpfs,3,2156.9996644662506,2.2303505891556488,2154.769313877095
sifting,2,sifting-stage_out,2.5,tmpfs,5,tmpfs-tmpfs,3,2157.344372855622,2.5750589785270277,2154.769313877095
sifting,2,mutation_overlap,3,ssd,1,ssd,1,0.051598519,0.005099609,0.04649891
sifting,2,mutation_overlap,3,ssd,2,ssd,1,0.053589101,0.007090191,0.04649891
individuals_merge,2,mutation_overlap,3,ssd,1,ssd,1,0.057047483,0.010548572447715553,0.04649891
individuals_merge,2,mutation_overlap,3,ssd,2,ssd,1,0.061050732,0.014551821888819502,0.04649891
sifting,2,mutation_overlap,3,ssd,5,ssd,1,0.061672606,0.015173695824354329,0.04649891
sifting,2,mutation_overlap,3,tmpfs,1,tmpfs,1,0.068327632,0.000833013,0.067494619
sifting,2,mutation_overlap,3,tmpfs,2,tmpfs,1,0.068411154,0.000916535,0.067494619
sifting,2,mutation_overlap,3,tmpfs,5,tmpfs,1,0.068632585,0.001137966,0.067494619
individuals_merge,2,mutation_overlap,3,tmpfs,1,tmpfs,1,0.069219817,0.001725198,0.067494619
individuals_merge,2,mutation_overlap,3,tmpfs,2,tmpfs,1,0.06938499,0.001890371,0.067494619
individuals_merge,2,mutation_overlap,3,tmpfs,5,tmpfs,1,0.069864813,0.002370194,0.067494619
individuals_merge,2,mutation_overlap,3,ssd,5,ssd,1,0.077693289,0.031194379336759132,0.04649891
sifting,2,mutation_overlap,3,tmpfs,1,tmpfs,2,0.083020454,0.000833013,0.082187441
sifting,2,mutation_overlap,3,tmpfs,2,tmpfs,2,0.083103976,0.000916535,0.082187441
sifting,2,mutation_overlap,3,tmpfs,5,tmpfs,2,0.083325406,0.001137966,0.082187441
individuals_merge,2,mutation_overlap,3,tmpfs,1,tmpfs,2,0.083912638,0.001725198,0.082187441
individuals_merge,2,mutation_overlap,3,tmpfs,2,tmpfs,2,0.084077811,0.001890371,0.082187441
sifting,2,mutation_overlap,3,ssd,1,ssd,2,0.084374376,0.005099609,0.079274767
individuals_merge,2,mutation_overlap,3,tmpfs,5,tmpfs,2,0.084557634,0.002370194,0.082187441
sifting,2,mutation_overlap,3,ssd,2,ssd,2,0.086364958,0.007090191,0.079274767
individuals_merge,2,mutation_overlap,3,ssd,1,ssd,2,0.08982334,0.010548572447715553,0.079274767
sifting,2,mutation_overlap,3,tmpfs,1,tmpfs,5,0.091382388,0.000833013,0.090549375
sifting,2,mutation_overlap,3,tmpfs,2,tmpfs,5,0.09146591,0.000916535,0.090549375
sifting,2,mutation_overlap,3,tmpfs,5,tmpfs,5,0.09168734,0.001137966,0.090549375
individuals_merge,2,mutation_overlap,3,tmpfs,1,tmpfs,5,0.092274572,0.001725198,0.090549375
individuals_merge,2,mutation_overlap,3,tmpfs,2,tmpfs,5,0.092439745,0.001890371,0.090549375
individuals_merge,2,mutation_overlap,3,tmpfs,5,tmpfs,5,0.092919568,0.002370194,0.090549375
individuals_merge,2,mutation_overlap,3,ssd,2,ssd,2,0.093826589,0.014551821888819502,0.079274767
sifting,2,mutation_overlap,3,ssd,5,ssd,2,0.094448463,0.015173695824354329,0.079274767
individuals_merge,2,mutation_overlap,3,ssd,5,ssd,2,0.11046914650169459,0.031194379336759132,0.079274767
sifting,2,frequency,3,ssd,1,ssd,1,0.11107198667334019,0.005099609,0.10597237801743069
sifting,2,frequency,3,ssd,2,ssd,1,0.11306256904327608,0.007090191,0.10597237801743069
sifting,2,mutation_overlap,3,ssd,1,ssd,5,0.11494358519416133,0.005099609,0.10984397653825183
individuals_merge,2,frequency,3,ssd,1,ssd,1,0.11652095046514624,0.010548572447715553,0.10597237801743069
sifting,2,mutation_overlap,3,ssd,2,ssd,5,0.11693416756409722,0.007090191,0.10984397653825183
individuals_merge,2,mutation_overlap,3,ssd,1,ssd,5,0.12039254898596738,0.010548572447715553,0.10984397653825183
individuals_merge,2,frequency,3,ssd,2,ssd,1,0.12052419990625018,0.014551821888819502,0.10597237801743069
sifting,2,frequency,3,ssd,5,ssd,1,0.12114607384178502,0.015173695824354329,0.10597237801743069
individuals_merge,2,mutation_overlap,3,ssd,2,ssd,5,0.12439579842707132,0.014551821888819502,0.10984397653825183
sifting,2,mutation_overlap,3,ssd,5,ssd,5,0.12501767236260616,0.015173695824354329,0.10984397653825183
individuals_merge,2,frequency,3,ssd,5,ssd,1,0.13716675735418982,0.031194379336759132,0.10597237801743069
individuals_merge,2,mutation_overlap,3,ssd,5,ssd,5,0.14103835587501096,0.031194379336759132,0.10984397653825183
sifting,2,frequency,3,tmpfs,1,tmpfs,1,0.16477893418813866,0.000833013,0.16394592105635952
sifting,2,frequency,3,tmpfs,2,tmpfs,1,0.164862456,0.000916535,0.16394592105635952
sifting,2,frequency,3,tmpfs,5,tmpfs,1,0.16508388698218418,0.001137966,0.16394592105635952
individuals_merge,2,frequency,3,tmpfs,1,tmpfs,1,0.16567111878479224,0.001725198,0.16394592105635952
individuals_merge,2,frequency,3,tmpfs,2,tmpfs,1,0.16583629184614368,0.001890371,0.16394592105635952
sifting,2,frequency,3,tmpfs,1,tmpfs,2,0.1660125144565377,0.000833013,0.16517950132475856
sifting,2,frequency,3,tmpfs,2,tmpfs,2,0.16609603646746005,0.000916535,0.16517950132475856
individuals_merge,2,frequency,3,tmpfs,5,tmpfs,1,0.16631611469306573,0.002370194,0.16394592105635952
sifting,2,frequency,3,tmpfs,5,tmpfs,2,0.16631746725058322,0.001137966,0.16517950132475856
sifting,2,frequency,3,tmpfs,1,tmpfs,5,0.16673291528369952,0.000833013,0.16589990215192038
sifting,2,frequency,3,tmpfs,2,tmpfs,5,0.16681643729462187,0.000916535,0.16589990215192038
individuals_merge,2,frequency,3,tmpfs,1,tmpfs,2,0.16690469905319127,0.001725198,0.16517950132475856
sifting,2,frequency,3,tmpfs,5,tmpfs,5,0.16703786807774504,0.001137966,0.16589990215192038
individuals_merge,2,frequency,3,tmpfs,2,tmpfs,2,0.16706987211454272,0.001890371,0.16517950132475856
individuals_merge,2,frequency,3,tmpfs,5,tmpfs,2,0.16754969496146477,0.002370194,0.16517950132475856
individuals_merge,2,frequency,3,tmpfs,1,tmpfs,5,0.1676250998803531,0.001725198,0.16589990215192038
individuals_merge,2,frequency,3,tmpfs,2,tmpfs,5,0.16779027294170454,0.001890371,0.16589990215192038
individuals_merge,2,frequency,3,tmpfs,5,tmpfs,5,0.1682700957886266,0.002370194,0.16589990215192038
sifting,2,frequency,3,ssd,1,ssd,2,0.16940635620958794,0.005099609,0.16430674755367844
sifting,2,frequency,3,ssd,2,ssd,2,0.17139693857952384,0.007090191,0.16430674755367844
individuals_merge,2,frequency,3,ssd,1,ssd,2,0.17485532,0.010548572447715553,0.16430674755367844
individuals_merge,2,frequency,3,ssd,2,ssd,2,0.17885856944249795,0.014551821888819502,0.16430674755367844
sifting,2,frequency,3,ssd,5,ssd,2,0.17948044337803276,0.015173695824354329,0.16430674755367844
individuals_merge,2,frequency,3,ssd,5,ssd,2,0.19550112689043758,0.031194379336759132,0.16430674755367844
sifting,2,frequency,3,ssd,1,ssd,5,0.20657624379304057,0.005099609,0.20147663513713107
sifting,2,frequency,3,ssd,2,ssd,5,0.20856682616297648,0.007090191,0.20147663513713107
individuals_merge,2,frequency,3,ssd,1,ssd,5,0.21202520758484664,0.010548572447715553,0.20147663513713107
individuals_merge,2,frequency,3,ssd,2,ssd,5,0.21602845702595058,0.014551821888819502,0.20147663513713107
sifting,2,frequency,3,ssd,5,ssd,5,0.2166503309614854,0.015173695824354329,0.20147663513713107
individuals_merge,2,frequency,3,ssd,5,ssd,5,0.23267101447389021,0.031194379336759132,0.20147663513713107
sifting,2,mutation_overlap,3,beegfs,1,beegfs,1,0.2402840188880807,0.001843482,0.2384405369831318
sifting,2,mutation_overlap,3,beegfs,2,beegfs,1,0.24139429226400214,0.002953755,0.2384405369831318
individuals_merge,2,mutation_overlap,3,beegfs,1,beegfs,1,0.24225233458936565,0.003811798,0.2384405369831318
sifting,2,mutation_overlap,3,beegfs,5,beegfs,1,0.242904398,0.004463861,0.2384405369831318
individuals_merge,2,mutation_overlap,3,beegfs,2,beegfs,1,0.24442390197742522,0.005983365,0.2384405369831318
individuals_merge,2,mutation_overlap,3,beegfs,5,beegfs,1,0.24750952343450672,0.009068986,0.2384405369831318
sifting,2,frequency,3,beegfs,1,beegfs,1,0.31601314774247585,0.001843482,0.3141696658375269
sifting,2,frequency,3,beegfs,2,beegfs,1,0.31712342111839725,0.002953755,0.3141696658375269
individuals_merge,2,frequency,3,beegfs,1,beegfs,1,0.31798146344376077,0.003811798,0.3141696658375269
sifting,2,frequency,3,beegfs,5,beegfs,1,0.3186335269103031,0.004463861,0.3141696658375269
individuals_merge,2,frequency,3,beegfs,2,beegfs,1,0.32015303083182034,0.005983365,0.3141696658375269
individuals_merge,2,frequency,3,beegfs,5,beegfs,1,0.32323865228890186,0.009068986,0.3141696658375269
sifting,2,mutation_overlap,3,beegfs,1,beegfs,2,0.3678245605717217,0.001843482,0.36598107866677276
sifting,2,mutation_overlap,3,beegfs,2,beegfs,2,0.3689348339476431,0.002953755,0.36598107866677276
individuals_merge,2,mutation_overlap,3,beegfs,1,beegfs,2,0.3697928762730066,0.003811798,0.36598107866677276
sifting,2,mutation_overlap,3,beegfs,5,beegfs,2,0.37044493973954895,0.004463861,0.36598107866677276
individuals_merge,2,mutation_overlap,3,beegfs,2,beegfs,2,0.3719644436610662,0.005983365,0.36598107866677276
individuals_merge,2,mutation_overlap,3,beegfs,5,beegfs,2,0.3750500651181477,0.009068986,0.36598107866677276
sifting,2,mutation_overlap,3,beegfs,1,beegfs,5,0.45957717664081865,0.001843482,0.4577336947358697
sifting,2,mutation_overlap,3,beegfs,2,beegfs,5,0.46068745001674005,0.002953755,0.4577336947358697
individuals_merge,2,mutation_overlap,3,beegfs,1,beegfs,5,0.46154549234210357,0.003811798,0.4577336947358697
sifting,2,mutation_overlap,3,beegfs,5,beegfs,5,0.4621975558086459,0.004463861,0.4577336947358697
individuals_merge,2,mutation_overlap,3,beegfs,2,beegfs,5,0.46371705973016314,0.005983365,0.4577336947358697
individuals_merge,2,mutation_overlap,3,beegfs,5,beegfs,5,0.46680268118724466,0.009068986,0.4577336947358697
sifting,2,frequency,3,beegfs,1,beegfs,2,0.4989861990719937,0.001843482,0.4971427171670448
sifting,2,frequency,3,beegfs,2,beegfs,2,0.5000964724479151,0.002953755,0.4971427171670448
individuals_merge,2,frequency,3,beegfs,1,beegfs,2,0.5009545147732787,0.003811798,0.4971427171670448
sifting,2,frequency,3,beegfs,5,beegfs,2,0.501606578,0.004463861,0.4971427171670448
individuals_merge,2,frequency,3,beegfs,2,beegfs,2,0.5031260821613381,0.005983365,0.4971427171670448
individuals_merge,2,frequency,3,beegfs,5,beegfs,2,0.5062117036184197,0.009068986,0.4971427171670448
sifting,2,frequency,3,beegfs,1,beegfs,5,0.6612000357300246,0.001843482,0.6593565538250757
sifting,2,frequency,3,beegfs,2,beegfs,5,0.6623103091059461,0.002953755,0.6593565538250757
individuals_merge,2,frequency,3,beegfs,1,beegfs,5,0.6631683514313096,0.003811798,0.6593565538250757
sifting,2,frequency,3,beegfs,5,beegfs,5,0.6638204148978519,0.004463861,0.6593565538250757
individuals_merge,2,frequency,3,beegfs,2,beegfs,5,0.6653399188193692,0.005983365,0.6593565538250757
individuals_merge,2,frequency,3,beegfs,5,beegfs,5,0.6684255402764506,0.009068986,0.6593565538250757
stage_in-mutation_overlap,2.5,mutation_overlap,3,tmpfs,1,tmpfs,1,0.067494619,0,0.067494619
stage_in-mutation_overlap,2.5,mutation_overlap,3,tmpfs,2,tmpfs,1,0.067494619,0,0.067494619
stage_in-mutation_overlap,2.5,mutation_overlap,3,tmpfs,5,tmpfs,1,0.067494619,0,0.067494619
stage_in-mutation_overlap,2.5,mutation_overlap,3,tmpfs,9,tmpfs,1,0.067494619,0,0.067494619
stage_in-mutation_overlap,2.5,mutation_overlap,3,tmpfs,10,tmpfs,1,0.067494619,0,0.067494619
stage_in-mutation_overlap,2.5,mutation_overlap,3,tmpfs,11,tmpfs,1,0.067494619,0,0.067494619
stage_in-mutation_overlap,2.5,mutation_overlap,3,tmpfs,23,tmpfs,1,0.067494619,0,0.067494619
stage_in-mutation_overlap,2.5,mutation_overlap,3,tmpfs,25,tmpfs,1,0.067494619,0,0.067494619
stage_in-mutation_overlap,2.5,mutation_overlap,3,tmpfs,27,tmpfs,1,0.067494619,0,0.067494619
stage_in-mutation_overlap,2.5,mutation_overlap,3,tmpfs,28,tmpfs,1,0.067494619,0,0.067494619
stage_in-mutation_overlap,2.5,mutation_overlap,3,tmpfs,29,tmpfs,1,0.067494619,0,0.067494619
stage_in-mutation_overlap,2.5,mutation_overlap,3,tmpfs,30,tmpfs,1,0.067494619,0,0.067494619
stage_in-mutation_overlap,2.5,mutation_overlap,3,tmpfs,31,tmpfs,1,0.067494619,0,0.067494619
stage_in-mutation_overlap,2.5,mutation_overlap,3,tmpfs,32,tmpfs,1,0.067494619,0,0.067494619
stage_in-mutation_overlap,2.5,mutation_overlap,3,tmpfs,34,tmpfs,1,0.067494619,0,0.067494619
stage_in-mutation_overlap,2.5,mutation_overlap,3,tmpfs,60,tmpfs,1,0.067494619,0,0.067494619
stage_in-mutation_overlap,2.5,mutation_overlap,3,tmpfs,150,tmpfs,1,0.067494619,0,0.067494619
stage_in-mutation_overlap,2.5,mutation_overlap,3,tmpfs,1,tmpfs,2,0.082187441,0,0.082187441
stage_in-mutation_overlap,2.5,mutation_overlap,3,tmpfs,2,tmpfs,2,0.082187441,0,0.082187441
stage_in-mutation_overlap,2.5,mutation_overlap,3,tmpfs,5,tmpfs,2,0.082187441,0,0.082187441
stage_in-mutation_overlap,2.5,mutation_overlap,3,tmpfs,9,tmpfs,2,0.082187441,0,0.082187441
stage_in-mutation_overlap,2.5,mutation_overlap,3,tmpfs,10,tmpfs,2,0.082187441,0,0.082187441
stage_in-mutation_overlap,2.5,mutation_overlap,3,tmpfs,11,tmpfs,2,0.082187441,0,0.082187441
stage_in-mutation_overlap,2.5,mutation_overlap,3,tmpfs,23,tmpfs,2,0.082187441,0,0.082187441
stage_in-mutation_overlap,2.5,mutation_overlap,3,tmpfs,25,tmpfs,2,0.082187441,0,0.082187441
stage_in-mutation_overlap,2.5,mutation_overlap,3,tmpfs,27,tmpfs,2,0.082187441,0,0.082187441
stage_in-mutation_overlap,2.5,mutation_overlap,3,tmpfs,28,tmpfs,2,0.082187441,0,0.082187441
stage_in-mutation_overlap,2.5,mutation_overlap,3,tmpfs,29,tmpfs,2,0.082187441,0,0.082187441
stage_in-mutation_overlap,2.5,mutation_overlap,3,tmpfs,30,tmpfs,2,0.082187441,0,0.082187441
stage_in-mutation_overlap,2.5,mutation_overlap,3,tmpfs,31,tmpfs,2,0.082187441,0,0.082187441
stage_in-mutation_overlap,2.5,mutation_overlap,3,tmpfs,32,tmpfs,2,0.082187441,0,0.082187441
stage_in-mutation_overlap,2.5,mutation_overlap,3,tmpfs,34,tmpfs,2,0.082187441,0,0.082187441
stage_in-mutation_overlap,2.5,mutation_overlap,3,tmpfs,60,tmpfs,2,0.082187441,0,0.082187441
stage_in-mutation_overlap,2.5,mutation_overlap,3,tmpfs,150,tmpfs,2,0.082187441,0,0.082187441
stage_in-mutation_overlap,2.5,mutation_overlap,3,tmpfs,1,tmpfs,5,0.090549375,0,0.090549375
stage_in-mutation_overlap,2.5,mutation_overlap,3,tmpfs,2,tmpfs,5,0.090549375,0,0.090549375
stage_in-mutation_overlap,2.5,mutation_overlap,3,tmpfs,5,tmpfs,5,0.090549375,0,0.090549375
stage_in-mutation_overlap,2.5,mutation_overlap,3,tmpfs,9,tmpfs,5,0.090549375,0,0.090549375
stage_in-mutation_overlap,2.5,mutation_overlap,3,tmpfs,10,tmpfs,5,0.090549375,0,0.090549375
stage_in-mutation_overlap,2.5,mutation_overlap,3,tmpfs,11,tmpfs,5,0.090549375,0,0.090549375
stage_in-mutation_overlap,2.5,mutation_overlap,3,tmpfs,23,tmpfs,5,0.090549375,0,0.090549375
stage_in-mutation_overlap,2.5,mutation_overlap,3,tmpfs,25,tmpfs,5,0.090549375,0,0.090549375
stage_in-mutation_overlap,2.5,mutation_overlap,3,tmpfs,27,tmpfs,5,0.090549375,0,0.090549375
stage_in-mutation_overlap,2.5,mutation_overlap,3,tmpfs,28,tmpfs,5,0.090549375,0,0.090549375
stage_in-mutation_overlap,2.5,mutation_overlap,3,tmpfs,29,tmpfs,5,0.090549375,0,0.090549375
stage_in-mutation_overlap,2.5,mutation_overlap,3,tmpfs,30,tmpfs,5,0.090549375,0,0.090549375
stage_in-mutation_overlap,2.5,mutation_overlap,3,tmpfs,31,tmpfs,5,0.090549375,0,0.090549375
stage_in-mutation_overlap,2.5,mutation_overlap,3,tmpfs,32,tmpfs,5,0.090549375,0,0.090549375
stage_in-mutation_overlap,2.5,mutation_overlap,3,tmpfs,34,tmpfs,5,0.090549375,0,0.090549375
stage_in-mutation_overlap,2.5,mutation_overlap,3,tmpfs,60,tmpfs,5,0.090549375,0,0.090549375
stage_in-mutation_overlap,2.5,mutation_overlap,3,tmpfs,150,tmpfs,5,0.090549375,0,0.090549375
stage_in-mutation_overlap,2.5,mutation_overlap,3,ssd,1,ssd,1,0.1550228336748225,0,0.1550228336748225
stage_in-mutation_overlap,2.5,mutation_overlap,3,ssd,2,ssd,1,0.1550228336748225,0,0.1550228336748225
stage_in-mutation_overlap,2.5,mutation_overlap,3,ssd,5,ssd,1,0.1550228336748225,0,0.1550228336748225
stage_in-mutation_overlap,2.5,mutation_overlap,3,ssd,9,ssd,1,0.1550228336748225,0,0.1550228336748225
stage_in-mutation_overlap,2.5,mutation_overlap,3,ssd,10,ssd,1,0.1550228336748225,0,0.1550228336748225
stage_in-mutation_overlap,2.5,mutation_overlap,3,ssd,11,ssd,1,0.1550228336748225,0,0.1550228336748225
stage_in-mutation_overlap,2.5,mutation_overlap,3,ssd,23,ssd,1,0.1550228336748225,0,0.1550228336748225
stage_in-mutation_overlap,2.5,mutation_overlap,3,ssd,25,ssd,1,0.1550228336748225,0,0.1550228336748225
stage_in-mutation_overlap,2.5,mutation_overlap,3,ssd,27,ssd,1,0.1550228336748225,0,0.1550228336748225
stage_in-mutation_overlap,2.5,mutation_overlap,3,ssd,28,ssd,1,0.1550228336748225,0,0.1550228336748225
stage_in-mutation_overlap,2.5,mutation_overlap,3,ssd,29,ssd,1,0.1550228336748225,0,0.1550228336748225
stage_in-mutation_overlap,2.5,mutation_overlap,3,ssd,30,ssd,1,0.1550228336748225,0,0.1550228336748225
stage_in-mutation_overlap,2.5,mutation_overlap,3,ssd,31,ssd,1,0.1550228336748225,0,0.1550228336748225
stage_in-mutation_overlap,2.5,mutation_overlap,3,ssd,32,ssd,1,0.1550228336748225,0,0.1550228336748225
stage_in-mutation_overlap,2.5,mutation_overlap,3,ssd,34,ssd,1,0.1550228336748225,0,0.1550228336748225
stage_in-mutation_overlap,2.5,mutation_overlap,3,ssd,60,ssd,1,0.1550228336748225,0,0.1550228336748225
stage_in-mutation_overlap,2.5,mutation_overlap,3,ssd,150,ssd,1,0.1550228336748225,0,0.1550228336748225
stage_in-frequency,2.5,frequency,3,tmpfs,1,tmpfs,1,0.16394592105635952,0,0.16394592105635952
stage_in-frequency,2.5,frequency,3,tmpfs,2,tmpfs,1,0.16394592105635952,0,0.16394592105635952
stage_in-frequency,2.5,frequency,3,tmpfs,5,tmpfs,1,0.16394592105635952,0,0.16394592105635952
stage_in-frequency,2.5,frequency,3,tmpfs,9,tmpfs,1,0.16394592105635952,0,0.16394592105635952
stage_in-frequency,2.5,frequency,3,tmpfs,10,tmpfs,1,0.16394592105635952,0,0.16394592105635952
stage_in-frequency,2.5,frequency,3,tmpfs,11,tmpfs,1,0.16394592105635952,0,0.16394592105635952
stage_in-frequency,2.5,frequency,3,tmpfs,23,tmpfs,1,0.16394592105635952,0,0.16394592105635952
stage_in-frequency,2.5,frequency,3,tmpfs,25,tmpfs,1,0.16394592105635952,0,0.16394592105635952
stage_in-frequency,2.5,frequency,3,tmpfs,27,tmpfs,1,0.16394592105635952,0,0.16394592105635952
stage_in-frequency,2.5,frequency,3,tmpfs,28,tmpfs,1,0.16394592105635952,0,0.16394592105635952
stage_in-frequency,2.5,frequency,3,tmpfs,29,tmpfs,1,0.16394592105635952,0,0.16394592105635952
stage_in-frequency,2.5,frequency,3,tmpfs,30,tmpfs,1,0.16394592105635952,0,0.16394592105635952
stage_in-frequency,2.5,frequency,3,tmpfs,31,tmpfs,1,0.16394592105635952,0,0.16394592105635952
stage_in-frequency,2.5,frequency,3,tmpfs,32,tmpfs,1,0.16394592105635952,0,0.16394592105635952
stage_in-frequency,2.5,frequency,3,tmpfs,34,tmpfs,1,0.16394592105635952,0,0.16394592105635952
stage_in-frequency,2.5,frequency,3,tmpfs,60,tmpfs,1,0.16394592105635952,0,0.16394592105635952
stage_in-frequency,2.5,frequency,3,tmpfs,150,tmpfs,1,0.16394592105635952,0,0.16394592105635952
stage_in-frequency,2.5,frequency,3,tmpfs,1,tmpfs,2,0.1689817859793254,0,0.1689817859793254
stage_in-frequency,2.5,frequency,3,tmpfs,2,tmpfs,2,0.1689817859793254,0,0.1689817859793254
stage_in-frequency,2.5,frequency,3,tmpfs,5,tmpfs,2,0.1689817859793254,0,0.1689817859793254
stage_in-frequency,2.5,frequency,3,tmpfs,9,tmpfs,2,0.1689817859793254,0,0.1689817859793254
stage_in-frequency,2.5,frequency,3,tmpfs,10,tmpfs,2,0.1689817859793254,0,0.1689817859793254
stage_in-frequency,2.5,frequency,3,tmpfs,11,tmpfs,2,0.1689817859793254,0,0.1689817859793254
stage_in-frequency,2.5,frequency,3,tmpfs,23,tmpfs,2,0.1689817859793254,0,0.1689817859793254
stage_in-frequency,2.5,frequency,3,tmpfs,25,tmpfs,2,0.1689817859793254,0,0.1689817859793254
stage_in-frequency,2.5,frequency,3,tmpfs,27,tmpfs,2,0.1689817859793254,0,0.1689817859793254
stage_in-frequency,2.5,frequency,3,tmpfs,28,tmpfs,2,0.1689817859793254,0,0.1689817859793254
stage_in-frequency,2.5,frequency,3,tmpfs,29,tmpfs,2,0.1689817859793254,0,0.1689817859793254
stage_in-frequency,2.5,frequency,3,tmpfs,30,tmpfs,2,0.1689817859793254,0,0.1689817859793254
stage_in-frequency,2.5,frequency,3,tmpfs,31,tmpfs,2,0.1689817859793254,0,0.1689817859793254
stage_in-frequency,2.5,frequency,3,tmpfs,32,tmpfs,2,0.1689817859793254,0,0.1689817859793254
stage_in-frequency,2.5,frequency,3,tmpfs,34,tmpfs,2,0.1689817859793254,0,0.1689817859793254
stage_in-frequency,2.5,frequency,3,tmpfs,60,tmpfs,2,0.1689817859793254,0,0.1689817859793254
stage_in-frequency,2.5,frequency,3,tmpfs,150,tmpfs,2,0.1689817859793254,0,0.1689817859793254
stage_in-frequency,2.5,frequency,3,tmpfs,1,tmpfs,5,0.17160407073467948,0,0.17160407073467948
stage_in-frequency,2.5,frequency,3,tmpfs,2,tmpfs,5,0.17160407073467948,0,0.17160407073467948
stage_in-frequency,2.5,frequency,3,tmpfs,5,tmpfs,5,0.17160407073467948,0,0.17160407073467948
stage_in-frequency,2.5,frequency,3,tmpfs,9,tmpfs,5,0.17160407073467948,0,0.17160407073467948
stage_in-frequency,2.5,frequency,3,tmpfs,10,tmpfs,5,0.17160407073467948,0,0.17160407073467948
stage_in-frequency,2.5,frequency,3,tmpfs,11,tmpfs,5,0.17160407073467948,0,0.17160407073467948
stage_in-frequency,2.5,frequency,3,tmpfs,23,tmpfs,5,0.17160407073467948,0,0.17160407073467948
stage_in-frequency,2.5,frequency,3,tmpfs,25,tmpfs,5,0.17160407073467948,0,0.17160407073467948
stage_in-frequency,2.5,frequency,3,tmpfs,27,tmpfs,5,0.17160407073467948,0,0.17160407073467948
stage_in-frequency,2.5,frequency,3,tmpfs,28,tmpfs,5,0.17160407073467948,0,0.17160407073467948
stage_in-frequency,2.5,frequency,3,tmpfs,29,tmpfs,5,0.17160407073467948,0,0.17160407073467948
stage_in-frequency,2.5,frequency,3,tmpfs,30,tmpfs,5,0.17160407073467948,0,0.17160407073467948
stage_in-frequency,2.5,frequency,3,tmpfs,31,tmpfs,5,0.17160407073467948,0,0.17160407073467948
stage_in-frequency,2.5,frequency,3,tmpfs,32,tmpfs,5,0.17160407073467948,0,0.17160407073467948
stage_in-frequency,2.5,frequency,3,tmpfs,34,tmpfs,5,0.17160407073467948,0,0.17160407073467948
stage_in-frequency,2.5,frequency,3,tmpfs,60,tmpfs,5,0.17160407073467948,0,0.17160407073467948
stage_in-frequency,2.5,frequency,3,tmpfs,150,tmpfs,5,0.17160407073467948,0,0.17160407073467948
stage_in-mutation_overlap,2.5,mutation_overlap,3,ssd,1,ssd,2,0.21188883590621044,0,0.21188883590621044
stage_in-mutation_overlap,2.5,mutation_overlap,3,ssd,2,ssd,2,0.21188883590621044,0,0.21188883590621044
stage_in-mutation_overlap,2.5,mutation_overlap,3,ssd,5,ssd,2,0.21188883590621044,0,0.21188883590621044
stage_in-mutation_overlap,2.5,mutation_overlap,3,ssd,9,ssd,2,0.21188883590621044,0,0.21188883590621044
stage_in-mutation_overlap,2.5,mutation_overlap,3,ssd,10,ssd,2,0.21188883590621044,0,0.21188883590621044
stage_in-mutation_overlap,2.5,mutation_overlap,3,ssd,11,ssd,2,0.21188883590621044,0,0.21188883590621044
stage_in-mutation_overlap,2.5,mutation_overlap,3,ssd,23,ssd,2,0.21188883590621044,0,0.21188883590621044
stage_in-mutation_overlap,2.5,mutation_overlap,3,ssd,25,ssd,2,0.21188883590621044,0,0.21188883590621044
stage_in-mutation_overlap,2.5,mutation_overlap,3,ssd,27,ssd,2,0.21188883590621044,0,0.21188883590621044
stage_in-mutation_overlap,2.5,mutation_overlap,3,ssd,28,ssd,2,0.21188883590621044,0,0.21188883590621044
stage_in-mutation_overlap,2.5,mutation_overlap,3,ssd,29,ssd,2,0.21188883590621044,0,0.21188883590621044
stage_in-mutation_overlap,2.5,mutation_overlap,3,ssd,30,ssd,2,0.21188883590621044,0,0.21188883590621044
stage_in-mutation_overlap,2.5,mutation_overlap,3,ssd,31,ssd,2,0.21188883590621044,0,0.21188883590621044
stage_in-mutation_overlap,2.5,mutation_overlap,3,ssd,32,ssd,2,0.21188883590621044,0,0.21188883590621044
stage_in-mutation_overlap,2.5,mutation_overlap,3,ssd,34,ssd,2,0.21188883590621044,0,0.21188883590621044
stage_in-mutation_overlap,2.5,mutation_overlap,3,ssd,60,ssd,2,0.21188883590621044,0,0.21188883590621044
stage_in-mutation_overlap,2.5,mutation_overlap,3,ssd,150,ssd,2,0.21188883590621044,0,0.21188883590621044
stage_in-mutation_overlap,2.5,mutation_overlap,3,beegfs,1,beegfs,1,0.2384405369831318,0,0.2384405369831318
stage_in-mutation_overlap,2.5,mutation_overlap,3,beegfs,2,beegfs,1,0.2384405369831318,0,0.2384405369831318
stage_in-mutation_overlap,2.5,mutation_overlap,3,beegfs,5,beegfs,1,0.2384405369831318,0,0.2384405369831318
stage_in-mutation_overlap,2.5,mutation_overlap,3,beegfs,9,beegfs,1,0.2384405369831318,0,0.2384405369831318
stage_in-mutation_overlap,2.5,mutation_overlap,3,beegfs,10,beegfs,1,0.2384405369831318,0,0.2384405369831318
stage_in-mutation_overlap,2.5,mutation_overlap,3,beegfs,11,beegfs,1,0.2384405369831318,0,0.2384405369831318
stage_in-mutation_overlap,2.5,mutation_overlap,3,beegfs,23,beegfs,1,0.2384405369831318,0,0.2384405369831318
stage_in-mutation_overlap,2.5,mutation_overlap,3,beegfs,25,beegfs,1,0.2384405369831318,0,0.2384405369831318
stage_in-mutation_overlap,2.5,mutation_overlap,3,beegfs,27,beegfs,1,0.2384405369831318,0,0.2384405369831318
stage_in-mutation_overlap,2.5,mutation_overlap,3,beegfs,28,beegfs,1,0.2384405369831318,0,0.2384405369831318
stage_in-mutation_overlap,2.5,mutation_overlap,3,beegfs,29,beegfs,1,0.2384405369831318,0,0.2384405369831318
stage_in-mutation_overlap,2.5,mutation_overlap,3,beegfs,30,beegfs,1,0.2384405369831318,0,0.2384405369831318
stage_in-mutation_overlap,2.5,mutation_overlap,3,beegfs,31,beegfs,1,0.2384405369831318,0,0.2384405369831318
stage_in-mutation_overlap,2.5,mutation_overlap,3,beegfs,32,beegfs,1,0.2384405369831318,0,0.2384405369831318
stage_in-mutation_overlap,2.5,mutation_overlap,3,beegfs,34,beegfs,1,0.2384405369831318,0,0.2384405369831318
stage_in-mutation_overlap,2.5,mutation_overlap,3,beegfs,60,beegfs,1,0.2384405369831318,0,0.2384405369831318
stage_in-mutation_overlap,2.5,mutation_overlap,3,beegfs,150,beegfs,1,0.2384405369831318,0,0.2384405369831318
stage_in-mutation_overlap,2.5,mutation_overlap,3,beegfs-ssd,17,ssd,1,0.2683446505163588,0.11332181684153632,0.1550228336748225
stage_in-mutation_overlap,2.5,mutation_overlap,3,beegfs-ssd,13,ssd,1,0.2712769934038452,0.11632803345099312,0.1549489599528521
stage_in-frequency,2.5,frequency,3,beegfs,1,beegfs,1,0.3141696658375269,0,0.3141696658375269
stage_in-frequency,2.5,frequency,3,beegfs,2,beegfs,1,0.3141696658375269,0,0.3141696658375269
stage_in-frequency,2.5,frequency,3,beegfs,5,beegfs,1,0.3141696658375269,0,0.3141696658375269
stage_in-frequency,2.5,frequency,3,beegfs,9,beegfs,1,0.3141696658375269,0,0.3141696658375269
stage_in-frequency,2.5,frequency,3,beegfs,10,beegfs,1,0.3141696658375269,0,0.3141696658375269
stage_in-frequency,2.5,frequency,3,beegfs,11,beegfs,1,0.3141696658375269,0,0.3141696658375269
stage_in-frequency,2.5,frequency,3,beegfs,23,beegfs,1,0.3141696658375269,0,0.3141696658375269
stage_in-frequency,2.5,frequency,3,beegfs,25,beegfs,1,0.3141696658375269,0,0.3141696658375269
stage_in-frequency,2.5,frequency,3,beegfs,27,beegfs,1,0.3141696658375269,0,0.3141696658375269
stage_in-frequency,2.5,frequency,3,beegfs,28,beegfs,1,0.3141696658375269,0,0.3141696658375269
stage_in-frequency,2.5,frequency,3,beegfs,29,beegfs,1,0.3141696658375269,0,0.3141696658375269
stage_in-frequency,2.5,frequency,3,beegfs,30,beegfs,1,0.3141696658375269,0,0.3141696658375269
stage_in-frequency,2.5,frequency,3,beegfs,31,beegfs,1,0.3141696658375269,0,0.3141696658375269
stage_in-frequency,2.5,frequency,3,beegfs,32,beegfs,1,0.3141696658375269,0,0.3141696658375269
stage_in-frequency,2.5,frequency,3,beegfs,34,beegfs,1,0.3141696658375269,0,0.3141696658375269
stage_in-frequency,2.5,frequency,3,beegfs,60,beegfs,1,0.3141696658375269,0,0.3141696658375269
stage_in-frequency,2.5,frequency,3,beegfs,150,beegfs,1,0.3141696658375269,0,0.3141696658375269
stage_in-mutation_overlap,2.5,mutation_overlap,3,beegfs-ssd,17,ssd,2,0.32521065274774674,0.11332181684153632,0.21188883590621044
stage_in-mutation_overlap,2.5,mutation_overlap,3,beegfs-ssd,13,ssd,2,0.32821686935720357,0.11632803345099312,0.21188883590621044
stage_in-mutation_overlap,2.5,mutation_overlap,3,beegfs-tmpfs,5,tmpfs,1,0.3459387791904397,0.27844416,0.067494619
stage_in-mutation_overlap,2.5,mutation_overlap,3,beegfs-tmpfs,7,tmpfs,1,0.3468435038858445,0.2793488846505458,0.067494619
stage_in-mutation_overlap,2.5,mutation_overlap,3,beegfs-tmpfs,5,tmpfs,2,0.3606316005041487,0.27844416,0.082187441
stage_in-mutation_overlap,2.5,mutation_overlap,3,beegfs-tmpfs,7,tmpfs,2,0.36153632519955353,0.2793488846505458,0.082187441
stage_in-mutation_overlap,2.5,mutation_overlap,3,beegfs,1,beegfs,2,0.36598107866677276,0,0.36598107866677276
stage_in-mutation_overlap,2.5,mutation_overlap,3,beegfs,2,beegfs,2,0.36598107866677276,0,0.36598107866677276
stage_in-mutation_overlap,2.5,mutation_overlap,3,beegfs,5,beegfs,2,0.36598107866677276,0,0.36598107866677276
stage_in-mutation_overlap,2.5,mutation_overlap,3,beegfs,9,beegfs,2,0.36598107866677276,0,0.36598107866677276
stage_in-mutation_overlap,2.5,mutation_overlap,3,beegfs,10,beegfs,2,0.36598107866677276,0,0.36598107866677276
stage_in-mutation_overlap,2.5,mutation_overlap,3,beegfs,11,beegfs,2,0.36598107866677276,0,0.36598107866677276
stage_in-mutation_overlap,2.5,mutation_overlap,3,beegfs,23,beegfs,2,0.36598107866677276,0,0.36598107866677276
stage_in-mutation_overlap,2.5,mutation_overlap,3,beegfs,25,beegfs,2,0.36598107866677276,0,0.36598107866677276
stage_in-mutation_overlap,2.5,mutation_overlap,3,beegfs,27,beegfs,2,0.36598107866677276,0,0.36598107866677276
stage_in-mutation_overlap,2.5,mutation_overlap,3,beegfs,28,beegfs,2,0.36598107866677276,0,0.36598107866677276
stage_in-mutation_overlap,2.5,mutation_overlap,3,beegfs,29,beegfs,2,0.36598107866677276,0,0.36598107866677276
stage_in-mutation_overlap,2.5,mutation_overlap,3,beegfs,30,beegfs,2,0.36598107866677276,0,0.36598107866677276
stage_in-mutation_overlap,2.5,mutation_overlap,3,beegfs,31,beegfs,2,0.36598107866677276,0,0.36598107866677276
stage_in-mutation_overlap,2.5,mutation_overlap,3,beegfs,32,beegfs,2,0.36598107866677276,0,0.36598107866677276
stage_in-mutation_overlap,2.5,mutation_overlap,3,beegfs,34,beegfs,2,0.36598107866677276,0,0.36598107866677276
stage_in-mutation_overlap,2.5,mutation_overlap,3,beegfs,60,beegfs,2,0.36598107866677276,0,0.36598107866677276
stage_in-mutation_overlap,2.5,mutation_overlap,3,beegfs,150,beegfs,2,0.36598107866677276,0,0.36598107866677276
stage_in-mutation_overlap,2.5,mutation_overlap,3,beegfs-tmpfs,5,tmpfs,5,0.36899353447659644,0.27844416,0.090549375
stage_in-mutation_overlap,2.5,mutation_overlap,3,beegfs-tmpfs,7,tmpfs,5,0.36989825917200125,0.2793488846505458,0.090549375
stage_in-mutation_overlap,2.5,mutation_overlap,3,beegfs-ssd,5,ssd,1,0.44440748826944465,0.2894585283165925,0.1549489599528521
stage_in-mutation_overlap,2.5,mutation_overlap,3,beegfs-ssd,7,ssd,1,0.44575970176705765,0.29073686809223515,0.1550228336748225
stage_in-mutation_overlap,2.5,mutation_overlap,3,beegfs,1,beegfs,5,0.4577336947358697,0,0.4577336947358697
stage_in-mutation_overlap,2.5,mutation_overlap,3,beegfs,2,beegfs,5,0.4577336947358697,0,0.4577336947358697
stage_in-mutation_overlap,2.5,mutation_overlap,3,beegfs,5,beegfs,5,0.4577336947358697,0,0.4577336947358697
stage_in-mutation_overlap,2.5,mutation_overlap,3,beegfs,9,beegfs,5,0.4577336947358697,0,0.4577336947358697
stage_in-mutation_overlap,2.5,mutation_overlap,3,beegfs,10,beegfs,5,0.4577336947358697,0,0.4577336947358697
stage_in-mutation_overlap,2.5,mutation_overlap,3,beegfs,11,beegfs,5,0.4577336947358697,0,0.4577336947358697
stage_in-mutation_overlap,2.5,mutation_overlap,3,beegfs,23,beegfs,5,0.4577336947358697,0,0.4577336947358697
stage_in-mutation_overlap,2.5,mutation_overlap,3,beegfs,25,beegfs,5,0.4577336947358697,0,0.4577336947358697
stage_in-mutation_overlap,2.5,mutation_overlap,3,beegfs,27,beegfs,5,0.4577336947358697,0,0.4577336947358697
stage_in-mutation_overlap,2.5,mutation_overlap,3,beegfs,28,beegfs,5,0.4577336947358697,0,0.4577336947358697
stage_in-mutation_overlap,2.5,mutation_overlap,3,beegfs,29,beegfs,5,0.4577336947358697,0,0.4577336947358697
stage_in-mutation_overlap,2.5,mutation_overlap,3,beegfs,30,beegfs,5,0.4577336947358697,0,0.4577336947358697
stage_in-mutation_overlap,2.5,mutation_overlap,3,beegfs,31,beegfs,5,0.4577336947358697,0,0.4577336947358697
stage_in-mutation_overlap,2.5,mutation_overlap,3,beegfs,32,beegfs,5,0.4577336947358697,0,0.4577336947358697
stage_in-mutation_overlap,2.5,mutation_overlap,3,beegfs,34,beegfs,5,0.4577336947358697,0,0.4577336947358697
stage_in-mutation_overlap,2.5,mutation_overlap,3,beegfs,60,beegfs,5,0.4577336947358697,0,0.4577336947358697
stage_in-mutation_overlap,2.5,mutation_overlap,3,beegfs,150,beegfs,5,0.4577336947358697,0,0.4577336947358697
stage_in-mutation_overlap,2.5,mutation_overlap,3,ssd,1,ssd,5,0.4705255606560733,0,0.4705255606560733
stage_in-mutation_overlap,2.5,mutation_overlap,3,ssd,2,ssd,5,0.4705255606560733,0,0.4705255606560733
stage_in-mutation_overlap,2.5,mutation_overlap,3,ssd,5,ssd,5,0.4705255606560733,0,0.4705255606560733
stage_in-mutation_overlap,2.5,mutation_overlap,3,ssd,9,ssd,5,0.4705255606560733,0,0.4705255606560733
stage_in-mutation_overlap,2.5,mutation_overlap,3,ssd,10,ssd,5,0.4705255606560733,0,0.4705255606560733
stage_in-mutation_overlap,2.5,mutation_overlap,3,ssd,11,ssd,5,0.4705255606560733,0,0.4705255606560733
stage_in-mutation_overlap,2.5,mutation_overlap,3,ssd,23,ssd,5,0.4705255606560733,0,0.4705255606560733
stage_in-mutation_overlap,2.5,mutation_overlap,3,ssd,25,ssd,5,0.4705255606560733,0,0.4705255606560733
stage_in-mutation_overlap,2.5,mutation_overlap,3,ssd,27,ssd,5,0.4705255606560733,0,0.4705255606560733
stage_in-mutation_overlap,2.5,mutation_overlap,3,ssd,28,ssd,5,0.4705255606560733,0,0.4705255606560733
stage_in-mutation_overlap,2.5,mutation_overlap,3,ssd,29,ssd,5,0.4705255606560733,0,0.4705255606560733
stage_in-mutation_overlap,2.5,mutation_overlap,3,ssd,30,ssd,5,0.4705255606560733,0,0.4705255606560733
stage_in-mutation_overlap,2.5,mutation_overlap,3,ssd,31,ssd,5,0.4705255606560733,0,0.4705255606560733
stage_in-mutation_overlap,2.5,mutation_overlap,3,ssd,32,ssd,5,0.4705255606560733,0,0.4705255606560733
stage_in-mutation_overlap,2.5,mutation_overlap,3,ssd,34,ssd,5,0.4705255606560733,0,0.4705255606560733
stage_in-mutation_overlap,2.5,mutation_overlap,3,ssd,60,ssd,5,0.4705255606560733,0,0.4705255606560733
stage_in-mutation_overlap,2.5,mutation_overlap,3,ssd,150,ssd,5,0.4705255606560733,0,0.4705255606560733
stage_in-frequency,2.5,frequency,3,beegfs,1,beegfs,2,0.4971427171670448,0,0.4971427171670448
stage_in-frequency,2.5,frequency,3,beegfs,2,beegfs,2,0.4971427171670448,0,0.4971427171670448
stage_in-frequency,2.5,frequency,3,beegfs,5,beegfs,2,0.4971427171670448,0,0.4971427171670448
stage_in-frequency,2.5,frequency,3,beegfs,9,beegfs,2,0.4971427171670448,0,0.4971427171670448
stage_in-frequency,2.5,frequency,3,beegfs,10,beegfs,2,0.4971427171670448,0,0.4971427171670448
stage_in-frequency,2.5,frequency,3,beegfs,11,beegfs,2,0.4971427171670448,0,0.4971427171670448
stage_in-frequency,2.5,frequency,3,beegfs,23,beegfs,2,0.4971427171670448,0,0.4971427171670448
stage_in-frequency,2.5,frequency,3,beegfs,25,beegfs,2,0.4971427171670448,0,0.4971427171670448
stage_in-frequency,2.5,frequency,3,beegfs,27,beegfs,2,0.4971427171670448,0,0.4971427171670448
stage_in-frequency,2.5,frequency,3,beegfs,28,beegfs,2,0.4971427171670448,0,0.4971427171670448
stage_in-frequency,2.5,frequency,3,beegfs,29,beegfs,2,0.4971427171670448,0,0.4971427171670448
stage_in-frequency,2.5,frequency,3,beegfs,30,beegfs,2,0.4971427171670448,0,0.4971427171670448
stage_in-frequency,2.5,frequency,3,beegfs,31,beegfs,2,0.4971427171670448,0,0.4971427171670448
stage_in-frequency,2.5,frequency,3,beegfs,32,beegfs,2,0.4971427171670448,0,0.4971427171670448
stage_in-frequency,2.5,frequency,3,beegfs,34,beegfs,2,0.4971427171670448,0,0.4971427171670448
stage_in-frequency,2.5,frequency,3,beegfs,60,beegfs,2,0.4971427171670448,0,0.4971427171670448
stage_in-frequency,2.5,frequency,3,beegfs,150,beegfs,2,0.4971427171670448,0,0.4971427171670448
stage_in-mutation_overlap,2.5,mutation_overlap,3,beegfs-ssd,5,ssd,2,0.501347364,0.2894585283165925,0.21188883590621044
stage_in-mutation_overlap,2.5,mutation_overlap,3,beegfs-ssd,7,ssd,2,0.5026257039984456,0.29073686809223515,0.21188883590621044
stage_in-mutation_overlap,2.5,mutation_overlap,3,tmpfs-beegfs,5,beegfs,1,0.540413889,0.30197335182518814,0.2384405369831318
stage_in-mutation_overlap,2.5,mutation_overlap,3,tmpfs-beegfs,7,beegfs,1,0.5438840482606739,0.30544351127754216,0.2384405369831318
stage_in-frequency,2.5,frequency,3,ssd,1,ssd,1,0.5795624711344789,0,0.5795624711344789
stage_in-frequency,2.5,frequency,3,ssd,2,ssd,1,0.5795624711344789,0,0.5795624711344789
stage_in-frequency,2.5,frequency,3,ssd,5,ssd,1,0.5795624711344789,0,0.5795624711344789
stage_in-frequency,2.5,frequency,3,ssd,9,ssd,1,0.5795624711344789,0,0.5795624711344789
stage_in-frequency,2.5,frequency,3,ssd,10,ssd,1,0.5795624711344789,0,0.5795624711344789
stage_in-frequency,2.5,frequency,3,ssd,11,ssd,1,0.5795624711344789,0,0.5795624711344789
stage_in-frequency,2.5,frequency,3,ssd,23,ssd,1,0.5795624711344789,0,0.5795624711344789
stage_in-frequency,2.5,frequency,3,ssd,25,ssd,1,0.5795624711344789,0,0.5795624711344789
stage_in-frequency,2.5,frequency,3,ssd,27,ssd,1,0.5795624711344789,0,0.5795624711344789
stage_in-frequency,2.5,frequency,3,ssd,28,ssd,1,0.5795624711344789,0,0.5795624711344789
stage_in-frequency,2.5,frequency,3,ssd,29,ssd,1,0.5795624711344789,0,0.5795624711344789
stage_in-frequency,2.5,frequency,3,ssd,30,ssd,1,0.5795624711344789,0,0.5795624711344789
stage_in-frequency,2.5,frequency,3,ssd,31,ssd,1,0.5795624711344789,0,0.5795624711344789
stage_in-frequency,2.5,frequency,3,ssd,32,ssd,1,0.5795624711344789,0,0.5795624711344789
stage_in-frequency,2.5,frequency,3,ssd,34,ssd,1,0.5795624711344789,0,0.5795624711344789
stage_in-frequency,2.5,frequency,3,ssd,60,ssd,1,0.5795624711344789,0,0.5795624711344789
stage_in-frequency,2.5,frequency,3,ssd,150,ssd,1,0.5795624711344789,0,0.5795624711344789
stage_in-mutation_overlap,2.5,mutation_overlap,3,beegfs-ssd,17,ssd,5,0.5838473774976096,0.11332181684153632,0.4705255606560733
stage_in-mutation_overlap,2.5,mutation_overlap,3,beegfs-ssd,13,ssd,5,0.5868535941070664,0.11632803345099312,0.4705255606560733
stage_in-frequency,2.5,frequency,3,beegfs-tmpfs,5,tmpfs,1,0.6049333055450066,0.4409873844886471,0.16394592105635952
stage_in-frequency,2.5,frequency,3,beegfs-tmpfs,7,tmpfs,1,0.6063661679802366,0.44242024692387705,0.16394592105635952
stage_in-frequency,2.5,frequency,3,beegfs-tmpfs,5,tmpfs,2,0.6098526739696098,0.4409873844886471,0.16886528948096274
stage_in-frequency,2.5,frequency,3,beegfs-tmpfs,7,tmpfs,2,0.6114020329032024,0.44242024692387705,0.1689817859793254
stage_in-frequency,2.5,frequency,3,beegfs-tmpfs,5,tmpfs,5,0.612474142,0.4409873844886471,0.17148675792486484
stage_in-frequency,2.5,frequency,3,beegfs-tmpfs,7,tmpfs,5,0.6140243176585565,0.44242024692387705,0.17160407073467948
stage_in-frequency,2.5,frequency,3,beegfs,1,beegfs,5,0.6593565538250757,0,0.6593565538250757
stage_in-frequency,2.5,frequency,3,beegfs,2,beegfs,5,0.6593565538250757,0,0.6593565538250757
stage_in-frequency,2.5,frequency,3,beegfs,5,beegfs,5,0.6593565538250757,0,0.6593565538250757
stage_in-frequency,2.5,frequency,3,beegfs,9,beegfs,5,0.6593565538250757,0,0.6593565538250757
stage_in-frequency,2.5,frequency,3,beegfs,10,beegfs,5,0.6593565538250757,0,0.6593565538250757
stage_in-frequency,2.5,frequency,3,beegfs,11,beegfs,5,0.6593565538250757,0,0.6593565538250757
stage_in-frequency,2.5,frequency,3,beegfs,23,beegfs,5,0.6593565538250757,0,0.6593565538250757
stage_in-frequency,2.5,frequency,3,beegfs,25,beegfs,5,0.6593565538250757,0,0.6593565538250757
stage_in-frequency,2.5,frequency,3,beegfs,27,beegfs,5,0.6593565538250757,0,0.6593565538250757
stage_in-frequency,2.5,frequency,3,beegfs,28,beegfs,5,0.6593565538250757,0,0.6593565538250757
stage_in-frequency,2.5,frequency,3,beegfs,29,beegfs,5,0.6593565538250757,0,0.6593565538250757
stage_in-frequency,2.5,frequency,3,beegfs,30,beegfs,5,0.6593565538250757,0,0.6593565538250757
stage_in-frequency,2.5,frequency,3,beegfs,31,beegfs,5,0.6593565538250757,0,0.6593565538250757
stage_in-frequency,2.5,frequency,3,beegfs,32,beegfs,5,0.6593565538250757,0,0.6593565538250757
stage_in-frequency,2.5,frequency,3,beegfs,34,beegfs,5,0.6593565538250757,0,0.6593565538250757
stage_in-frequency,2.5,frequency,3,beegfs,60,beegfs,5,0.6593565538250757,0,0.6593565538250757
stage_in-frequency,2.5,frequency,3,beegfs,150,beegfs,5,0.6593565538250757,0,0.6593565538250757
stage_in-mutation_overlap,2.5,mutation_overlap,3,tmpfs-beegfs,5,beegfs,2,0.6679544304919609,0.30197335182518814,0.36598107866677276
stage_in-mutation_overlap,2.5,mutation_overlap,3,tmpfs-beegfs,7,beegfs,2,0.67142459,0.30544351127754216,0.36598107866677276
stage_in-mutation_overlap,2.5,mutation_overlap,3,beegfs-tmpfs,4,tmpfs,1,0.6740360697677654,0.6065414505324668,0.067494619
stage_in-mutation_overlap,2.5,mutation_overlap,3,beegfs-tmpfs,3,tmpfs,1,0.6805180945665673,0.6130234753312687,0.067494619
stage_in-mutation_overlap,2.5,mutation_overlap,3,beegfs-tmpfs,4,tmpfs,2,0.6887288910814745,0.6065414505324668,0.082187441
stage_in-mutation_overlap,2.5,mutation_overlap,3,beegfs-tmpfs,3,tmpfs,2,0.6952109158802764,0.6130234753312687,0.082187441
stage_in-mutation_overlap,2.5,mutation_overlap,3,beegfs-tmpfs,4,tmpfs,5,0.6970908250539223,0.6065414505324668,0.090549375
stage_in-mutation_overlap,2.5,mutation_overlap,3,beegfs-tmpfs,3,tmpfs,5,0.7035728498527241,0.6130234753312687,0.090549375
stage_in-mutation_overlap,2.5,mutation_overlap,3,beegfs-ssd,3,ssd,1,0.718023886,0.5630749256838199,0.1549489599528521
stage_in-mutation_overlap,2.5,mutation_overlap,3,beegfs-ssd,4,ssd,1,0.7189698316098224,0.5639469979349999,0.1550228336748225
stage_in-frequency,2.5,frequency,3,beegfs-ssd,16,ssd,1,0.7417980514611052,0.1754765717028859,0.5663214797582193
stage_in-frequency,2.5,frequency,3,beegfs-ssd,17,ssd,1,0.7590364871185156,0.17947401598403662,0.5795624711344789
stage_in-mutation_overlap,2.5,mutation_overlap,3,tmpfs-beegfs,5,beegfs,5,0.7597070465610578,0.30197335182518814,0.4577336947358697
stage_in-mutation_overlap,2.5,mutation_overlap,3,beegfs-ssd,5,ssd,5,0.7599840889726659,0.2894585283165925,0.4705255606560733
stage_in-mutation_overlap,2.5,mutation_overlap,3,ssd-beegfs,17,beegfs,1,0.7600971888836213,0.5216566519004895,0.2384405369831318
stage_in-mutation_overlap,2.5,mutation_overlap,3,beegfs-ssd,7,ssd,5,0.7612624287483085,0.29073686809223515,0.4705255606560733
stage_in-mutation_overlap,2.5,mutation_overlap,3,tmpfs-beegfs,7,beegfs,5,0.7631772060134119,0.30544351127754216,0.4577336947358697
stage_in-frequency,2.5,frequency,3,beegfs-ssd,12,ssd,1,0.7665597208026108,0.18735222870811938,0.5792074920944914
stage_in-mutation_overlap,2.5,mutation_overlap,3,beegfs-ssd,3,ssd,2,0.7749637615900303,0.5630749256838199,0.21188883590621044
stage_in-mutation_overlap,2.5,mutation_overlap,3,beegfs-ssd,4,ssd,2,0.7758358338412104,0.5639469979349999,0.21188883590621044
stage_in-frequency,2.5,frequency,3,tmpfs-beegfs,5,beegfs,1,0.79242153,0.478251864,0.3141696658375269
stage_in-frequency,2.5,frequency,3,tmpfs-beegfs,7,beegfs,1,0.7979174132099709,0.4837477473724439,0.3141696658375269
stage_in-mutation_overlap,2.5,mutation_overlap,3,ssd-beegfs,13,beegfs,1,0.8100755503910724,0.5716350134079405,0.2384405369831318
stage_in-mutation_overlap,2.5,mutation_overlap,3,ssd-beegfs,17,beegfs,2,0.8876377305672623,0.5216566519004895,0.36598107866677276
stage_in-mutation_overlap,2.5,mutation_overlap,3,tmpfs-beegfs,3,beegfs,1,0.8908311547671766,0.6523906177840447,0.2384405369831318
stage_in-frequency,2.5,frequency,3,ssd,1,ssd,2,0.8973496236582068,0,0.8973496236582068
stage_in-frequency,2.5,frequency,3,ssd,2,ssd,2,0.8973496236582068,0,0.8973496236582068
stage_in-frequency,2.5,frequency,3,ssd,5,ssd,2,0.8973496236582068,0,0.8973496236582068
stage_in-frequency,2.5,frequency,3,ssd,9,ssd,2,0.8973496236582068,0,0.8973496236582068
stage_in-frequency,2.5,frequency,3,ssd,10,ssd,2,0.8973496236582068,0,0.8973496236582068
stage_in-frequency,2.5,frequency,3,ssd,11,ssd,2,0.8973496236582068,0,0.8973496236582068
stage_in-frequency,2.5,frequency,3,ssd,23,ssd,2,0.8973496236582068,0,0.8973496236582068
stage_in-frequency,2.5,frequency,3,ssd,25,ssd,2,0.8973496236582068,0,0.8973496236582068
stage_in-frequency,2.5,frequency,3,ssd,27,ssd,2,0.8973496236582068,0,0.8973496236582068
stage_in-frequency,2.5,frequency,3,ssd,28,ssd,2,0.8973496236582068,0,0.8973496236582068
stage_in-frequency,2.5,frequency,3,ssd,29,ssd,2,0.8973496236582068,0,0.8973496236582068
stage_in-frequency,2.5,frequency,3,ssd,30,ssd,2,0.8973496236582068,0,0.8973496236582068
stage_in-frequency,2.5,frequency,3,ssd,31,ssd,2,0.8973496236582068,0,0.8973496236582068
stage_in-frequency,2.5,frequency,3,ssd,32,ssd,2,0.8973496236582068,0,0.8973496236582068
stage_in-frequency,2.5,frequency,3,ssd,34,ssd,2,0.8973496236582068,0,0.8973496236582068
stage_in-frequency,2.5,frequency,3,ssd,60,ssd,2,0.8973496236582068,0,0.8973496236582068
stage_in-frequency,2.5,frequency,3,ssd,150,ssd,2,0.8973496236582068,0,0.8973496236582068
stage_in-mutation_overlap,2.5,mutation_overlap,3,tmpfs-beegfs,4,beegfs,1,0.9002435650755926,0.6618030280924607,0.2384405369831318
stage_in-mutation_overlap,2.5,mutation_overlap,3,ssd-beegfs,13,beegfs,2,0.9376160920747133,0.5716350134079405,0.36598107866677276
stage_in-frequency,2.5,frequency,3,tmpfs-beegfs,5,beegfs,2,0.9753945814838028,0.478251864,0.4971427171670448
stage_in-mutation_overlap,2.5,mutation_overlap,3,ssd-beegfs,17,beegfs,5,0.9793903466363592,0.5216566519004895,0.4577336947358697
stage_in-frequency,2.5,frequency,3,tmpfs-beegfs,7,beegfs,2,0.9808904645394887,0.4837477473724439,0.4971427171670448
stage_in-mutation_overlap,2.5,mutation_overlap,3,tmpfs-beegfs,3,beegfs,2,1.0183716964508176,0.6523906177840447,0.36598107866677276
stage_in-mutation_overlap,2.5,mutation_overlap,3,tmpfs-beegfs,4,beegfs,2,1.0277841067592335,0.6618030280924607,0.36598107866677276
stage_in-mutation_overlap,2.5,mutation_overlap,3,ssd-beegfs,13,beegfs,5,1.0293687081438103,0.5716350134079405,0.4577336947358697
stage_in-mutation_overlap,2.5,mutation_overlap,3,beegfs-ssd,3,ssd,5,1.033600486339893,0.5630749256838199,0.4705255606560733
stage_in-mutation_overlap,2.5,mutation_overlap,3,beegfs-ssd,4,ssd,5,1.0344725585910732,0.5639469979349999,0.4705255606560733
stage_in-frequency,2.5,frequency,3,beegfs-ssd,5,ssd,1,1.0376389396810808,0.45843144758658944,0.5792074920944914
stage_in-frequency,2.5,frequency,3,beegfs-ssd,7,ssd,1,1.0400184959800751,0.4604560248455962,0.5795624711344789
stage_in-frequency,2.5,frequency,3,beegfs-ssd,16,ssd,2,1.0527015960159063,0.1754765717028859,0.8772250243130205
stage_in-frequency,2.5,frequency,3,beegfs-ssd,17,ssd,2,1.0768236396422435,0.17947401598403662,0.8973496236582068
stage_in-frequency,2.5,frequency,3,beegfs-ssd,12,ssd,2,1.0841625554930672,0.18735222870811938,0.8968103267849479
stage_in-mutation_overlap,2.5,mutation_overlap,3,tmpfs-beegfs,3,beegfs,5,1.1101243125199145,0.6523906177840447,0.4577336947358697
stage_in-mutation_overlap,2.5,mutation_overlap,3,tmpfs-beegfs,4,beegfs,5,1.1195367228283304,0.6618030280924607,0.4577336947358697
stage_in-frequency,2.5,frequency,3,tmpfs-beegfs,5,beegfs,5,1.1376084181418338,0.478251864,0.6593565538250757
stage_in-frequency,2.5,frequency,3,ssd-beegfs,17,beegfs,1,1.1403460976210593,0.8261764317835324,0.3141696658375269
stage_in-frequency,2.5,frequency,3,tmpfs-beegfs,7,beegfs,5,1.1431043011975197,0.4837477473724439,0.6593565538250757
stage_in-frequency,2.5,frequency,3,beegfs-tmpfs,4,tmpfs,1,1.1672074402997232,1.0032615192433636,0.16394592105635952
stage_in-frequency,2.5,frequency,3,beegfs-tmpfs,3,tmpfs,1,1.1672074402997232,1.0032615192433636,0.16394592105635952
stage_in-frequency,2.5,frequency,3,beegfs-tmpfs,3,tmpfs,2,1.1721268087243264,1.0032615192433636,0.16886528948096274
stage_in-frequency,2.5,frequency,3,beegfs-tmpfs,4,tmpfs,2,1.172243305222689,1.0032615192433636,0.1689817859793254
stage_in-frequency,2.5,frequency,3,beegfs-tmpfs,3,tmpfs,5,1.1747482771682285,1.0032615192433636,0.17148675792486484
stage_in-frequency,2.5,frequency,3,beegfs-tmpfs,4,tmpfs,5,1.1748655899780431,1.0032615192433636,0.17160407073467948
stage_in-frequency,2.5,frequency,3,ssd-beegfs,16,beegfs,1,1.1837737717631123,0.8696041059255853,0.3141696658375269
stage_in-frequency,2.5,frequency,3,ssd-beegfs,12,beegfs,1,1.2320695687233791,0.9178999028858521,0.3141696658375269
stage_in-frequency,2.5,frequency,3,ssd-beegfs,17,beegfs,2,1.3233191489505771,0.8261764317835324,0.4971427171670448
stage_in-frequency,2.5,frequency,3,beegfs-ssd,5,ssd,2,1.3552417743715373,0.45843144758658944,0.8968103267849479
stage_in-frequency,2.5,frequency,3,beegfs-ssd,7,ssd,2,1.357805648503803,0.4604560248455962,0.8973496236582068
stage_in-frequency,2.5,frequency,3,tmpfs-beegfs,3,beegfs,1,1.3623036487954714,1.0481339829579446,0.3141696658375269
stage_in-frequency,2.5,frequency,3,ssd-beegfs,16,beegfs,2,1.366746823,0.8696041059255853,0.4971427171670448
stage_in-mutation_overlap,2.5,mutation_overlap,3,ssd-beegfs,7,beegfs,1,1.370662226,1.1322216895092183,0.2384405369831318
stage_in-mutation_overlap,2.5,mutation_overlap,3,ssd-beegfs,5,beegfs,1,1.374746934515994,1.1363063975328622,0.2384405369831318
stage_in-frequency,2.5,frequency,3,tmpfs-beegfs,4,beegfs,1,1.391130700792599,1.0769610349550722,0.3141696658375269
stage_in-frequency,2.5,frequency,3,ssd-beegfs,12,beegfs,2,1.415042620052897,0.9178999028858521,0.4971427171670448
stage_in-frequency,2.5,frequency,3,beegfs-ssd,3,ssd,1,1.4731679832191706,0.8939604911246791,0.5792074920944914
stage_in-frequency,2.5,frequency,3,beegfs-ssd,4,ssd,1,1.474910901134161,0.8953484299996822,0.5795624711344789
stage_in-frequency,2.5,frequency,3,ssd-beegfs,17,beegfs,5,1.4855329856086081,0.8261764317835324,0.6593565538250757
stage_in-mutation_overlap,2.5,mutation_overlap,3,ssd-beegfs,7,beegfs,2,1.498202768175991,1.1322216895092183,0.36598107866677276
stage_in-mutation_overlap,2.5,mutation_overlap,3,ssd-beegfs,5,beegfs,2,1.502287476199635,1.1363063975328622,0.36598107866677276
stage_in-frequency,2.5,frequency,3,ssd-beegfs,16,beegfs,5,1.528960659750661,0.8696041059255853,0.6593565538250757
stage_in-frequency,2.5,frequency,3,tmpfs-beegfs,3,beegfs,2,1.5452767001249894,1.0481339829579446,0.4971427171670448
stage_in-mutation_overlap,2.5,mutation_overlap,3,beegfs-tmpfs,13,tmpfs,1,1.5496112663955626,1.4821166471602638,0.067494619
stage_in-mutation_overlap,2.5,mutation_overlap,3,beegfs-tmpfs,13,tmpfs,2,1.5643040877092715,1.4821166471602638,0.082187441
stage_in-mutation_overlap,2.5,mutation_overlap,3,beegfs-tmpfs,13,tmpfs,5,1.5726660216817192,1.4821166471602638,0.090549375
stage_in-frequency,2.5,frequency,3,tmpfs-beegfs,4,beegfs,2,1.574103752122117,1.0769610349550722,0.4971427171670448
stage_in-frequency,2.5,frequency,3,ssd-beegfs,12,beegfs,5,1.577256456710928,0.9178999028858521,0.6593565538250757
stage_in-mutation_overlap,2.5,mutation_overlap,3,ssd-beegfs,7,beegfs,5,1.589955384245088,1.1322216895092183,0.4577336947358697
stage_in-mutation_overlap,2.5,mutation_overlap,3,ssd-beegfs,5,beegfs,5,1.594040092268732,1.1363063975328622,0.4577336947358697
stage_in-frequency,2.5,frequency,3,tmpfs-beegfs,3,beegfs,5,1.7074905367830202,1.0481339829579446,0.6593565538250757
stage_in-frequency,2.5,frequency,3,tmpfs-beegfs,4,beegfs,5,1.7363175887801479,1.0769610349550722,0.6593565538250757
stage_in-mutation_overlap,2.5,mutation_overlap,3,beegfs-tmpfs,17,tmpfs,1,1.7746752153343528,1.707180596099054,0.067494619
stage_in-mutation_overlap,2.5,mutation_overlap,3,beegfs-tmpfs,17,tmpfs,2,1.7893680366480618,1.707180596099054,0.082187441
stage_in-frequency,2.5,frequency,3,beegfs-ssd,3,ssd,2,1.7907708179096269,0.8939604911246791,0.8968103267849479
stage_in-frequency,2.5,frequency,3,beegfs-ssd,4,ssd,2,1.792698053657889,0.8953484299996822,0.8973496236582068
stage_in-mutation_overlap,2.5,mutation_overlap,3,beegfs-tmpfs,17,tmpfs,5,1.7977299706205094,1.707180596099054,0.090549375
stage_in-frequency,2.5,frequency,3,ssd,1,ssd,5,2.0567868570123076,0,2.0567868570123076
stage_in-frequency,2.5,frequency,3,ssd,2,ssd,5,2.0567868570123076,0,2.0567868570123076
stage_in-frequency,2.5,frequency,3,ssd,5,ssd,5,2.0567868570123076,0,2.0567868570123076
stage_in-frequency,2.5,frequency,3,ssd,9,ssd,5,2.0567868570123076,0,2.0567868570123076
stage_in-frequency,2.5,frequency,3,ssd,10,ssd,5,2.0567868570123076,0,2.0567868570123076
stage_in-frequency,2.5,frequency,3,ssd,11,ssd,5,2.0567868570123076,0,2.0567868570123076
stage_in-frequency,2.5,frequency,3,ssd,23,ssd,5,2.0567868570123076,0,2.0567868570123076
stage_in-frequency,2.5,frequency,3,ssd,25,ssd,5,2.0567868570123076,0,2.0567868570123076
stage_in-frequency,2.5,frequency,3,ssd,27,ssd,5,2.0567868570123076,0,2.0567868570123076
stage_in-frequency,2.5,frequency,3,ssd,28,ssd,5,2.0567868570123076,0,2.0567868570123076
stage_in-frequency,2.5,frequency,3,ssd,29,ssd,5,2.0567868570123076,0,2.0567868570123076
stage_in-frequency,2.5,frequency,3,ssd,30,ssd,5,2.0567868570123076,0,2.0567868570123076
stage_in-frequency,2.5,frequency,3,ssd,31,ssd,5,2.0567868570123076,0,2.0567868570123076
stage_in-frequency,2.5,frequency,3,ssd,32,ssd,5,2.0567868570123076,0,2.0567868570123076
stage_in-frequency,2.5,frequency,3,ssd,34,ssd,5,2.0567868570123076,0,2.0567868570123076
stage_in-frequency,2.5,frequency,3,ssd,60,ssd,5,2.0567868570123076,0,2.0567868570123076
stage_in-frequency,2.5,frequency,3,ssd,150,ssd,5,2.0567868570123076,0,2.0567868570123076
stage_in-frequency,2.5,frequency,3,ssd-beegfs,7,beegfs,1,2.122789132972636,1.808619467135109,0.3141696658375269
stage_in-frequency,2.5,frequency,3,ssd-beegfs,5,beegfs,1,2.129370527632002,1.8152008617944748,0.3141696658375269
stage_in-mutation_overlap,2.5,mutation_overlap,3,tmpfs-beegfs,17,beegfs,1,2.189875596612982,1.95143506,0.2384405369831318
stage_in-frequency,2.5,frequency,3,beegfs-ssd,16,ssd,5,2.2322634287151937,0.1754765717028859,2.0567868570123076
stage_in-frequency,2.5,frequency,3,beegfs-ssd,17,ssd,5,2.2362608729963442,0.17947401598403662,2.0567868570123076
stage_in-frequency,2.5,frequency,3,beegfs-ssd,12,ssd,5,2.244139085720427,0.18735222870811938,2.0567868570123076
stage_in-frequency,2.5,frequency,3,ssd-beegfs,7,beegfs,2,2.3057621843021536,1.808619467135109,0.4971427171670448
stage_in-frequency,2.5,frequency,3,ssd-beegfs,5,beegfs,2,2.3123435789615194,1.8152008617944748,0.4971427171670448
stage_in-mutation_overlap,2.5,mutation_overlap,3,tmpfs-beegfs,17,beegfs,2,2.3174161382966227,1.95143506,0.36598107866677276
stage_in-frequency,2.5,frequency,3,beegfs-tmpfs,12,tmpfs,1,2.396164743349573,2.2322188222932136,0.16394592105635952
stage_in-frequency,2.5,frequency,3,beegfs-tmpfs,12,tmpfs,2,2.401084111774176,2.2322188222932136,0.16886528948096274
stage_in-frequency,2.5,frequency,3,beegfs-tmpfs,12,tmpfs,5,2.4037055802180785,2.2322188222932136,0.17148675792486484
stage_in-mutation_overlap,2.5,mutation_overlap,3,tmpfs-beegfs,17,beegfs,5,2.409168754,1.95143506,0.4577336947358697
stage_in-frequency,2.5,frequency,3,ssd-beegfs,7,beegfs,5,2.467976020960185,1.808619467135109,0.6593565538250757
stage_in-frequency,2.5,frequency,3,ssd-beegfs,5,beegfs,5,2.4745574156195507,1.8152008617944748,0.6593565538250757
stage_in-frequency,2.5,frequency,3,beegfs-ssd,5,ssd,5,2.515218304598897,0.45843144758658944,2.0567868570123076
stage_in-frequency,2.5,frequency,3,beegfs-ssd,7,ssd,5,2.5172428818579036,0.4604560248455962,2.0567868570123076
stage_in-mutation_overlap,2.5,mutation_overlap,3,ssd-beegfs,4,beegfs,1,2.8005907162173314,2.5621501792341994,0.2384405369831318
stage_in-mutation_overlap,2.5,mutation_overlap,3,ssd-beegfs,3,beegfs,1,2.825745619812638,2.587305082829506,0.2384405369831318
stage_in-frequency,2.5,frequency,3,beegfs-tmpfs,17,tmpfs,1,2.8677020567382114,2.703756135681852,0.16394592105635952
stage_in-frequency,2.5,frequency,3,beegfs-tmpfs,17,tmpfs,2,2.872737921661177,2.703756135681852,0.1689817859793254
stage_in-frequency,2.5,frequency,3,beegfs-tmpfs,17,tmpfs,5,2.875360206416531,2.703756135681852,0.17160407073467948
stage_in-mutation_overlap,2.5,mutation_overlap,3,ssd-beegfs,4,beegfs,2,2.928131257900972,2.5621501792341994,0.36598107866677276
stage_in-frequency,2.5,frequency,3,beegfs-tmpfs,16,tmpfs,1,2.940766709156838,2.7768207881004785,0.16394592105635952
stage_in-frequency,2.5,frequency,3,beegfs-tmpfs,16,tmpfs,2,2.942000289425237,2.7768207881004785,0.16517950132475856
stage_in-frequency,2.5,frequency,3,beegfs-tmpfs,16,tmpfs,5,2.9440602773250846,2.7768207881004785,0.16723948922460613
stage_in-frequency,2.5,frequency,3,beegfs-ssd,3,ssd,5,2.9507473481369866,0.8939604911246791,2.0567868570123076
stage_in-frequency,2.5,frequency,3,beegfs-ssd,4,ssd,5,2.952135287,0.8953484299996822,2.0567868570123076
stage_in-mutation_overlap,2.5,mutation_overlap,3,ssd-beegfs,3,beegfs,2,2.953286161496279,2.587305082829506,0.36598107866677276
stage_in-mutation_overlap,2.5,mutation_overlap,3,ssd-beegfs,4,beegfs,5,3.0198838739700693,2.5621501792341994,0.4577336947358697
stage_in-mutation_overlap,2.5,mutation_overlap,3,ssd-beegfs,3,beegfs,5,3.045038777565376,2.587305082829506,0.4577336947358697
stage_in-frequency,2.5,frequency,3,tmpfs-beegfs,17,beegfs,1,3.404765077,3.090595410886893,0.3141696658375269
stage_in-mutation_overlap,2.5,mutation_overlap,3,tmpfs-beegfs,13,beegfs,1,3.4682162767665217,3.2297757397833897,0.2384405369831318
stage_in-frequency,2.5,frequency,3,tmpfs-beegfs,17,beegfs,2,3.5877381280539375,3.090595410886893,0.4971427171670448
stage_in-mutation_overlap,2.5,mutation_overlap,3,tmpfs-beegfs,13,beegfs,2,3.5957568184501625,3.2297757397833897,0.36598107866677276
stage_in-mutation_overlap,2.5,mutation_overlap,3,tmpfs-beegfs,13,beegfs,5,3.6875094345192596,3.2297757397833897,0.4577336947358697
stage_in-frequency,2.5,frequency,3,tmpfs-beegfs,17,beegfs,5,3.749951964711969,3.090595410886893,0.6593565538250757
stage_in-frequency,2.5,frequency,3,tmpfs-beegfs,16,beegfs,1,4.952401120411006,4.638231454573479,0.3141696658375269
stage_in-frequency,2.5,frequency,3,tmpfs-beegfs,16,beegfs,2,5.135374171740524,4.638231454573479,0.4971427171670448
stage_in-frequency,2.5,frequency,3,ssd-beegfs,4,beegfs,1,5.231954419592589,4.917784753755062,0.3141696658375269
stage_in-frequency,2.5,frequency,3,ssd-beegfs,3,beegfs,1,5.231954419592589,4.917784753755062,0.3141696658375269
stage_in-mutation_overlap,2.5,mutation_overlap,3,tmpfs-tmpfs,13,tmpfs,1,5.246147139305459,5.178652520070161,0.067494619
stage_in-mutation_overlap,2.5,mutation_overlap,3,tmpfs-tmpfs,13,tmpfs,2,5.260839960619169,5.178652520070161,0.082187441
stage_in-mutation_overlap,2.5,mutation_overlap,3,tmpfs-tmpfs,13,tmpfs,5,5.269201894591617,5.178652520070161,0.090549375
stage_in-frequency,2.5,frequency,3,tmpfs-beegfs,16,beegfs,5,5.297588008398554,4.638231454573479,0.6593565538250757
stage_in-frequency,2.5,frequency,3,ssd-beegfs,4,beegfs,2,5.414927470922107,4.917784753755062,0.4971427171670448
stage_in-frequency,2.5,frequency,3,ssd-beegfs,3,beegfs,2,5.414927470922107,4.917784753755062,0.4971427171670448
stage_in-mutation_overlap,2.5,mutation_overlap,3,ssd-ssd,13,ssd,1,5.439519328486366,5.2845703685335135,0.1549489599528521
stage_in-mutation_overlap,2.5,mutation_overlap,3,ssd-ssd,13,ssd,2,5.496459204439724,5.2845703685335135,0.21188883590621044
stage_in-mutation_overlap,2.5,mutation_overlap,3,tmpfs-tmpfs,17,tmpfs,1,5.516613294740007,5.4491186755047085,0.067494619
stage_in-mutation_overlap,2.5,mutation_overlap,3,tmpfs-tmpfs,17,tmpfs,2,5.531306116053717,5.4491186755047085,0.082187441
stage_in-mutation_overlap,2.5,mutation_overlap,3,tmpfs-tmpfs,17,tmpfs,5,5.539668050026164,5.4491186755047085,0.090549375
stage_in-frequency,2.5,frequency,3,ssd-beegfs,4,beegfs,5,5.5771413075801375,4.917784753755062,0.6593565538250757
stage_in-frequency,2.5,frequency,3,ssd-beegfs,3,beegfs,5,5.5771413075801375,4.917784753755062,0.6593565538250757
stage_in-mutation_overlap,2.5,mutation_overlap,3,ssd-ssd,17,ssd,1,5.589480246,5.434457412136358,0.1550228336748225
stage_in-frequency,2.5,frequency,3,tmpfs-beegfs,12,beegfs,1,5.610895320343148,5.296725654505621,0.3141696658375269
stage_in-mutation_overlap,2.5,mutation_overlap,3,ssd-ssd,17,ssd,2,5.646346248042568,5.434457412136358,0.21188883590621044
stage_in-mutation_overlap,2.5,mutation_overlap,3,ssd-ssd,13,ssd,5,5.7550959291895865,5.2845703685335135,0.4705255606560733
stage_in-frequency,2.5,frequency,3,tmpfs-beegfs,12,beegfs,2,5.793868371672666,5.296725654505621,0.4971427171670448
stage_in-mutation_overlap,2.5,mutation_overlap,3,ssd-ssd,17,ssd,5,5.904982972792431,5.434457412136358,0.4705255606560733
stage_in-frequency,2.5,frequency,3,tmpfs-beegfs,12,beegfs,5,5.956082208330696,5.296725654505621,0.6593565538250757
stage_in-frequency,2.5,frequency,3,tmpfs-tmpfs,16,tmpfs,1,8.365663746164282,8.201717825107922,0.16394592105635952
stage_in-frequency,2.5,frequency,3,tmpfs-tmpfs,12,tmpfs,1,8.365663746164284,8.201717825107924,0.16394592105635952
stage_in-frequency,2.5,frequency,3,tmpfs-tmpfs,16,tmpfs,2,8.366897326,8.201717825107922,0.16517950132475856
stage_in-frequency,2.5,frequency,3,tmpfs-tmpfs,16,tmpfs,5,8.368957314332528,8.201717825107922,0.16723948922460613
stage_in-frequency,2.5,frequency,3,tmpfs-tmpfs,12,tmpfs,2,8.370583114588886,8.201717825107924,0.16886528948096274
stage_in-frequency,2.5,frequency,3,tmpfs-tmpfs,12,tmpfs,5,8.373204583032788,8.201717825107924,0.17148675792486484
stage_in-frequency,2.5,frequency,3,tmpfs-tmpfs,17,tmpfs,1,8.794015924557955,8.630070003501595,0.16394592105635952
stage_in-frequency,2.5,frequency,3,tmpfs-tmpfs,17,tmpfs,2,8.799051789,8.630070003501595,0.1689817859793254
stage_in-frequency,2.5,frequency,3,tmpfs-tmpfs,17,tmpfs,5,8.801674074236274,8.630070003501595,0.17160407073467948
stage_in-frequency,2.5,frequency,3,ssd-ssd,12,ssd,1,8.915981989888072,8.336774498,0.5792074920944914
stage_in-frequency,2.5,frequency,3,ssd-ssd,16,ssd,1,8.952509497327625,8.386188017569406,0.5663214797582193
stage_in-frequency,2.5,frequency,3,ssd-ssd,17,ssd,1,9.186412622630021,8.606850151495543,0.5795624711344789
stage_in-frequency,2.5,frequency,3,ssd-ssd,12,ssd,2,9.233584824578529,8.336774498,0.8968103267849479
stage_in-frequency,2.5,frequency,3,ssd-ssd,16,ssd,2,9.263413041882426,8.386188017569406,0.8772250243130205
stage_in-frequency,2.5,frequency,3,ssd-ssd,17,ssd,2,9.504199775153749,8.606850151495543,0.8973496236582068
stage_in-frequency,2.5,frequency,3,ssd-ssd,12,ssd,5,10.393561354805888,8.336774498,2.0567868570123076
stage_in-frequency,2.5,frequency,3,ssd-ssd,16,ssd,5,10.442974874581713,8.386188017569406,2.0567868570123076
stage_in-frequency,2.5,frequency,3,ssd-ssd,17,ssd,5,10.66363700850785,8.606850151495543,2.0567868570123076
stage_in-mutation_overlap,2.5,mutation_overlap,3,tmpfs-tmpfs,5,tmpfs,1,12.158612933767387,12.091118314532087,0.067494619
stage_in-mutation_overlap,2.5,mutation_overlap,3,ssd-ssd,5,ssd,1,12.16458107823254,12.009632118279688,0.1549489599528521
stage_in-mutation_overlap,2.5,mutation_overlap,3,ssd-ssd,7,ssd,1,12.168012885528455,12.012990051853633,0.1550228336748225
stage_in-mutation_overlap,2.5,mutation_overlap,3,tmpfs-tmpfs,5,tmpfs,2,12.173305755081095,12.091118314532087,0.082187441
stage_in-mutation_overlap,2.5,mutation_overlap,3,tmpfs-tmpfs,7,tmpfs,1,12.18132853232787,12.11383391309257,0.067494619
stage_in-mutation_overlap,2.5,mutation_overlap,3,tmpfs-tmpfs,5,tmpfs,5,12.181667689053542,12.091118314532087,0.090549375
stage_in-mutation_overlap,2.5,mutation_overlap,3,tmpfs-tmpfs,7,tmpfs,2,12.196021353641578,12.11383391309257,0.082187441
stage_in-mutation_overlap,2.5,mutation_overlap,3,tmpfs-tmpfs,7,tmpfs,5,12.204383287614025,12.11383391309257,0.090549375
stage_in-mutation_overlap,2.5,mutation_overlap,3,ssd-ssd,5,ssd,2,12.221520954185898,12.009632118279688,0.21188883590621044
stage_in-mutation_overlap,2.5,mutation_overlap,3,ssd-ssd,7,ssd,2,12.224878887759843,12.012990051853633,0.21188883590621044
stage_in-mutation_overlap,2.5,mutation_overlap,3,ssd-ssd,5,ssd,5,12.480157678935761,12.009632118279688,0.4705255606560733
stage_in-mutation_overlap,2.5,mutation_overlap,3,ssd-ssd,7,ssd,5,12.483515612509706,12.012990051853633,0.4705255606560733
stage_in-frequency,2.5,frequency,3,tmpfs-tmpfs,5,tmpfs,1,19.313317349522688,19.149371428466328,0.16394592105635952
stage_in-frequency,2.5,frequency,3,tmpfs-tmpfs,5,tmpfs,2,19.31823671794729,19.149371428466328,0.16886528948096274
stage_in-frequency,2.5,frequency,3,tmpfs-tmpfs,5,tmpfs,5,19.32085818639119,19.149371428466328,0.17148675792486484
stage_in-frequency,2.5,frequency,3,tmpfs-tmpfs,7,tmpfs,1,19.349293296721203,19.185347375664843,0.16394592105635952
stage_in-frequency,2.5,frequency,3,tmpfs-tmpfs,7,tmpfs,2,19.35432916164417,19.185347375664843,0.1689817859793254
stage_in-frequency,2.5,frequency,3,tmpfs-tmpfs,7,tmpfs,5,19.356951446399524,19.185347375664843,0.17160407073467948
stage_in-frequency,2.5,frequency,3,ssd-ssd,5,ssd,1,19.599524734029977,19.020317241935487,0.5792074920944914
stage_in-frequency,2.5,frequency,3,ssd-ssd,7,ssd,1,19.605197857807852,19.025635386673372,0.5795624711344789
stage_in-frequency,2.5,frequency,3,ssd-ssd,5,ssd,2,19.917127568720435,19.020317241935487,0.8968103267849479
stage_in-frequency,2.5,frequency,3,ssd-ssd,7,ssd,2,19.92298501033158,19.025635386673372,0.8973496236582068
stage_in-frequency,2.5,frequency,3,ssd-ssd,5,ssd,5,21.077104098947796,19.020317241935487,2.0567868570123076
stage_in-frequency,2.5,frequency,3,ssd-ssd,7,ssd,5,21.08242224368568,19.025635386673372,2.0567868570123076
stage_in-mutation_overlap,2.5,mutation_overlap,3,ssd-ssd,3,ssd,1,23.931096299806168,23.776147339853317,0.1549489599528521
stage_in-mutation_overlap,2.5,mutation_overlap,3,ssd-ssd,4,ssd,1,23.97577965711976,23.820756823444935,0.1550228336748225
stage_in-mutation_overlap,2.5,mutation_overlap,3,ssd-ssd,3,ssd,2,23.98803617575953,23.776147339853317,0.21188883590621044
stage_in-mutation_overlap,2.5,mutation_overlap,3,tmpfs-tmpfs,4,tmpfs,1,24.00620823,23.938713606701402,0.067494619
stage_in-mutation_overlap,2.5,mutation_overlap,3,tmpfs-tmpfs,4,tmpfs,2,24.02090104725041,23.938713606701402,0.082187441
stage_in-mutation_overlap,2.5,mutation_overlap,3,tmpfs-tmpfs,3,tmpfs,1,24.023041603135184,23.955546983899886,0.067494619
stage_in-mutation_overlap,2.5,mutation_overlap,3,tmpfs-tmpfs,4,tmpfs,5,24.029262981222857,23.938713606701402,0.090549375
stage_in-mutation_overlap,2.5,mutation_overlap,3,ssd-ssd,4,ssd,2,24.032645659351147,23.820756823444935,0.21188883590621044
stage_in-mutation_overlap,2.5,mutation_overlap,3,tmpfs-tmpfs,3,tmpfs,2,24.037734424448892,23.955546983899886,0.082187441
stage_in-mutation_overlap,2.5,mutation_overlap,3,tmpfs-tmpfs,3,tmpfs,5,24.04609635842134,23.955546983899886,0.090549375
stage_in-mutation_overlap,2.5,mutation_overlap,3,ssd-ssd,3,ssd,5,24.24667290050939,23.776147339853317,0.4705255606560733
stage_in-mutation_overlap,2.5,mutation_overlap,3,ssd-ssd,4,ssd,5,24.29128238410101,23.820756823444935,0.4705255606560733
stage_in-frequency,2.5,frequency,3,tmpfs-tmpfs,4,tmpfs,1,37.990639329238086,37.826693408181725,0.16394592105635952
stage_in-frequency,2.5,frequency,3,tmpfs-tmpfs,4,tmpfs,2,37.99567519416105,37.826693408181725,0.1689817859793254
stage_in-frequency,2.5,frequency,3,tmpfs-tmpfs,4,tmpfs,5,37.998297478916406,37.826693408181725,0.17160407073467948
stage_in-frequency,2.5,frequency,3,tmpfs-tmpfs,3,tmpfs,1,38.01717790720474,37.85323198614838,0.16394592105635952
stage_in-frequency,2.5,frequency,3,tmpfs-tmpfs,3,tmpfs,2,38.02209727562934,37.85323198614838,0.16886528948096274
stage_in-frequency,2.5,frequency,3,tmpfs-tmpfs,3,tmpfs,5,38.02471874407325,37.85323198614838,0.17148675792486484
stage_in-frequency,2.5,frequency,3,ssd-ssd,3,ssd,1,38.19853339387974,37.61932590178525,0.5792074920944914
stage_in-frequency,2.5,frequency,3,ssd-ssd,4,ssd,1,38.19888837291973,37.61932590178525,0.5795624711344789
stage_in-frequency,2.5,frequency,3,ssd-ssd,3,ssd,2,38.516136228570204,37.61932590178525,0.8968103267849479
stage_in-frequency,2.5,frequency,3,ssd-ssd,4,ssd,2,38.51667552544346,37.61932590178525,0.8973496236582068
stage_in-frequency,2.5,frequency,3,ssd-ssd,4,ssd,5,39.67611275879756,37.61932590178525,2.0567868570123076
stage_in-frequency,2.5,frequency,3,ssd-ssd,3,ssd,5,39.67611275879756,37.61932590178525,2.0567868570123076
mutation_overlap,3,mutation_overlap-stage_out,3.5,tmpfs,1,tmpfs,1,0.067494619,0.067494619,0
mutation_overlap,3,mutation_overlap-stage_out,3.5,tmpfs,1,tmpfs,2,0.067494619,0.067494619,0
mutation_overlap,3,mutation_overlap-stage_out,3.5,tmpfs,1,tmpfs,5,0.067494619,0.067494619,0
mutation_overlap,3,mutation_overlap-stage_out,3.5,tmpfs,1,tmpfs,9,0.067494619,0.067494619,0
mutation_overlap,3,mutation_overlap-stage_out,3.5,tmpfs,1,tmpfs,10,0.067494619,0.067494619,0
mutation_overlap,3,mutation_overlap-stage_out,3.5,tmpfs,1,tmpfs,11,0.067494619,0.067494619,0
mutation_overlap,3,mutation_overlap-stage_out,3.5,tmpfs,1,tmpfs,23,0.067494619,0.067494619,0
mutation_overlap,3,mutation_overlap-stage_out,3.5,tmpfs,1,tmpfs,25,0.067494619,0.067494619,0
mutation_overlap,3,mutation_overlap-stage_out,3.5,tmpfs,1,tmpfs,27,0.067494619,0.067494619,0
mutation_overlap,3,mutation_overlap-stage_out,3.5,tmpfs,1,tmpfs,28,0.067494619,0.067494619,0
mutation_overlap,3,mutation_overlap-stage_out,3.5,tmpfs,1,tmpfs,29,0.067494619,0.067494619,0
mutation_overlap,3,mutation_overlap-stage_out,3.5,tmpfs,1,tmpfs,30,0.067494619,0.067494619,0
mutation_overlap,3,mutation_overlap-stage_out,3.5,tmpfs,1,tmpfs,31,0.067494619,0.067494619,0
mutation_overlap,3,mutation_overlap-stage_out,3.5,tmpfs,1,tmpfs,32,0.067494619,0.067494619,0
mutation_overlap,3,mutation_overlap-stage_out,3.5,tmpfs,1,tmpfs,34,0.067494619,0.067494619,0
mutation_overlap,3,mutation_overlap-stage_out,3.5,tmpfs,1,tmpfs,60,0.067494619,0.067494619,0
mutation_overlap,3,mutation_overlap-stage_out,3.5,tmpfs,1,tmpfs,150,0.067494619,0.067494619,0
mutation_overlap,3,mutation_overlap-stage_out,3.5,tmpfs,2,tmpfs,1,0.082187441,0.082187441,0
mutation_overlap,3,mutation_overlap-stage_out,3.5,tmpfs,2,tmpfs,2,0.082187441,0.082187441,0
mutation_overlap,3,mutation_overlap-stage_out,3.5,tmpfs,2,tmpfs,5,0.082187441,0.082187441,0
mutation_overlap,3,mutation_overlap-stage_out,3.5,tmpfs,2,tmpfs,9,0.082187441,0.082187441,0
mutation_overlap,3,mutation_overlap-stage_out,3.5,tmpfs,2,tmpfs,10,0.082187441,0.082187441,0
mutation_overlap,3,mutation_overlap-stage_out,3.5,tmpfs,2,tmpfs,11,0.082187441,0.082187441,0
mutation_overlap,3,mutation_overlap-stage_out,3.5,tmpfs,2,tmpfs,23,0.082187441,0.082187441,0
mutation_overlap,3,mutation_overlap-stage_out,3.5,tmpfs,2,tmpfs,25,0.082187441,0.082187441,0
mutation_overlap,3,mutation_overlap-stage_out,3.5,tmpfs,2,tmpfs,27,0.082187441,0.082187441,0
mutation_overlap,3,mutation_overlap-stage_out,3.5,tmpfs,2,tmpfs,28,0.082187441,0.082187441,0
mutation_overlap,3,mutation_overlap-stage_out,3.5,tmpfs,2,tmpfs,29,0.082187441,0.082187441,0
mutation_overlap,3,mutation_overlap-stage_out,3.5,tmpfs,2,tmpfs,30,0.082187441,0.082187441,0
mutation_overlap,3,mutation_overlap-stage_out,3.5,tmpfs,2,tmpfs,31,0.082187441,0.082187441,0
mutation_overlap,3,mutation_overlap-stage_out,3.5,tmpfs,2,tmpfs,32,0.082187441,0.082187441,0
mutation_overlap,3,mutation_overlap-stage_out,3.5,tmpfs,2,tmpfs,34,0.082187441,0.082187441,0
mutation_overlap,3,mutation_overlap-stage_out,3.5,tmpfs,2,tmpfs,60,0.082187441,0.082187441,0
mutation_overlap,3,mutation_overlap-stage_out,3.5,tmpfs,2,tmpfs,150,0.082187441,0.082187441,0
mutation_overlap,3,mutation_overlap-stage_out,3.5,tmpfs,5,tmpfs,1,0.090549375,0.090549375,0
mutation_overlap,3,mutation_overlap-stage_out,3.5,tmpfs,5,tmpfs,2,0.090549375,0.090549375,0
mutation_overlap,3,mutation_overlap-stage_out,3.5,tmpfs,5,tmpfs,5,0.090549375,0.090549375,0
mutation_overlap,3,mutation_overlap-stage_out,3.5,tmpfs,5,tmpfs,9,0.090549375,0.090549375,0
mutation_overlap,3,mutation_overlap-stage_out,3.5,tmpfs,5,tmpfs,10,0.090549375,0.090549375,0
mutation_overlap,3,mutation_overlap-stage_out,3.5,tmpfs,5,tmpfs,11,0.090549375,0.090549375,0
mutation_overlap,3,mutation_overlap-stage_out,3.5,tmpfs,5,tmpfs,23,0.090549375,0.090549375,0
mutation_overlap,3,mutation_overlap-stage_out,3.5,tmpfs,5,tmpfs,25,0.090549375,0.090549375,0
mutation_overlap,3,mutation_overlap-stage_out,3.5,tmpfs,5,tmpfs,27,0.090549375,0.090549375,0
mutation_overlap,3,mutation_overlap-stage_out,3.5,tmpfs,5,tmpfs,28,0.090549375,0.090549375,0
mutation_overlap,3,mutation_overlap-stage_out,3.5,tmpfs,5,tmpfs,29,0.090549375,0.090549375,0
mutation_overlap,3,mutation_overlap-stage_out,3.5,tmpfs,5,tmpfs,30,0.090549375,0.090549375,0
mutation_overlap,3,mutation_overlap-stage_out,3.5,tmpfs,5,tmpfs,31,0.090549375,0.090549375,0
mutation_overlap,3,mutation_overlap-stage_out,3.5,tmpfs,5,tmpfs,32,0.090549375,0.090549375,0
mutation_overlap,3,mutation_overlap-stage_out,3.5,tmpfs,5,tmpfs,34,0.090549375,0.090549375,0
mutation_overlap,3,mutation_overlap-stage_out,3.5,tmpfs,5,tmpfs,60,0.090549375,0.090549375,0
mutation_overlap,3,mutation_overlap-stage_out,3.5,tmpfs,5,tmpfs,150,0.090549375,0.090549375,0
mutation_overlap,3,mutation_overlap-stage_out,3.5,ssd,1,ssd,1,0.1550228336748225,0.1550228336748225,0
mutation_overlap,3,mutation_overlap-stage_out,3.5,ssd,1,ssd,2,0.1550228336748225,0.1550228336748225,0
mutation_overlap,3,mutation_overlap-stage_out,3.5,ssd,1,ssd,5,0.1550228336748225,0.1550228336748225,0
mutation_overlap,3,mutation_overlap-stage_out,3.5,ssd,1,ssd,9,0.1550228336748225,0.1550228336748225,0
mutation_overlap,3,mutation_overlap-stage_out,3.5,ssd,1,ssd,10,0.1550228336748225,0.1550228336748225,0
mutation_overlap,3,mutation_overlap-stage_out,3.5,ssd,1,ssd,11,0.1550228336748225,0.1550228336748225,0
mutation_overlap,3,mutation_overlap-stage_out,3.5,ssd,1,ssd,23,0.1550228336748225,0.1550228336748225,0
mutation_overlap,3,mutation_overlap-stage_out,3.5,ssd,1,ssd,25,0.1550228336748225,0.1550228336748225,0
mutation_overlap,3,mutation_overlap-stage_out,3.5,ssd,1,ssd,27,0.1550228336748225,0.1550228336748225,0
mutation_overlap,3,mutation_overlap-stage_out,3.5,ssd,1,ssd,28,0.1550228336748225,0.1550228336748225,0
mutation_overlap,3,mutation_overlap-stage_out,3.5,ssd,1,ssd,29,0.1550228336748225,0.1550228336748225,0
mutation_overlap,3,mutation_overlap-stage_out,3.5,ssd,1,ssd,30,0.1550228336748225,0.1550228336748225,0
mutation_overlap,3,mutation_overlap-stage_out,3.5,ssd,1,ssd,31,0.1550228336748225,0.1550228336748225,0
mutation_overlap,3,mutation_overlap-stage_out,3.5,ssd,1,ssd,32,0.1550228336748225,0.1550228336748225,0
mutation_overlap,3,mutation_overlap-stage_out,3.5,ssd,1,ssd,34,0.1550228336748225,0.1550228336748225,0
mutation_overlap,3,mutation_overlap-stage_out,3.5,ssd,1,ssd,60,0.1550228336748225,0.1550228336748225,0
mutation_overlap,3,mutation_overlap-stage_out,3.5,ssd,1,ssd,150,0.1550228336748225,0.1550228336748225,0
frequency,3,frequency-stage_out,3.5,tmpfs,1,tmpfs,1,0.163945921,0.163945921,0
frequency,3,frequency-stage_out,3.5,tmpfs,1,tmpfs,2,0.163945921,0.163945921,0
frequency,3,frequency-stage_out,3.5,tmpfs,1,tmpfs,5,0.163945921,0.163945921,0
frequency,3,frequency-stage_out,3.5,tmpfs,1,tmpfs,9,0.163945921,0.163945921,0
frequency,3,frequency-stage_out,3.5,tmpfs,1,tmpfs,10,0.163945921,0.163945921,0
frequency,3,frequency-stage_out,3.5,tmpfs,1,tmpfs,11,0.163945921,0.163945921,0
frequency,3,frequency-stage_out,3.5,tmpfs,1,tmpfs,23,0.163945921,0.163945921,0
frequency,3,frequency-stage_out,3.5,tmpfs,1,tmpfs,25,0.163945921,0.163945921,0
frequency,3,frequency-stage_out,3.5,tmpfs,1,tmpfs,27,0.163945921,0.163945921,0
frequency,3,frequency-stage_out,3.5,tmpfs,1,tmpfs,28,0.163945921,0.163945921,0
frequency,3,frequency-stage_out,3.5,tmpfs,1,tmpfs,29,0.163945921,0.163945921,0
frequency,3,frequency-stage_out,3.5,tmpfs,1,tmpfs,30,0.163945921,0.163945921,0
frequency,3,frequency-stage_out,3.5,tmpfs,1,tmpfs,31,0.163945921,0.163945921,0
frequency,3,frequency-stage_out,3.5,tmpfs,1,tmpfs,32,0.163945921,0.163945921,0
frequency,3,frequency-stage_out,3.5,tmpfs,1,tmpfs,34,0.163945921,0.163945921,0
frequency,3,frequency-stage_out,3.5,tmpfs,1,tmpfs,60,0.163945921,0.163945921,0
frequency,3,frequency-stage_out,3.5,tmpfs,1,tmpfs,150,0.163945921,0.163945921,0
frequency,3,frequency-stage_out,3.5,tmpfs,2,tmpfs,1,0.168981786,0.168981786,0
frequency,3,frequency-stage_out,3.5,tmpfs,2,tmpfs,2,0.168981786,0.168981786,0
frequency,3,frequency-stage_out,3.5,tmpfs,2,tmpfs,5,0.168981786,0.168981786,0
frequency,3,frequency-stage_out,3.5,tmpfs,2,tmpfs,9,0.168981786,0.168981786,0
frequency,3,frequency-stage_out,3.5,tmpfs,2,tmpfs,10,0.168981786,0.168981786,0
frequency,3,frequency-stage_out,3.5,tmpfs,2,tmpfs,11,0.168981786,0.168981786,0
frequency,3,frequency-stage_out,3.5,tmpfs,2,tmpfs,23,0.168981786,0.168981786,0
frequency,3,frequency-stage_out,3.5,tmpfs,2,tmpfs,25,0.168981786,0.168981786,0
frequency,3,frequency-stage_out,3.5,tmpfs,2,tmpfs,27,0.168981786,0.168981786,0
frequency,3,frequency-stage_out,3.5,tmpfs,2,tmpfs,28,0.168981786,0.168981786,0
frequency,3,frequency-stage_out,3.5,tmpfs,2,tmpfs,29,0.168981786,0.168981786,0
frequency,3,frequency-stage_out,3.5,tmpfs,2,tmpfs,30,0.168981786,0.168981786,0
frequency,3,frequency-stage_out,3.5,tmpfs,2,tmpfs,31,0.168981786,0.168981786,0
frequency,3,frequency-stage_out,3.5,tmpfs,2,tmpfs,32,0.168981786,0.168981786,0
frequency,3,frequency-stage_out,3.5,tmpfs,2,tmpfs,34,0.168981786,0.168981786,0
frequency,3,frequency-stage_out,3.5,tmpfs,2,tmpfs,60,0.168981786,0.168981786,0
frequency,3,frequency-stage_out,3.5,tmpfs,2,tmpfs,150,0.168981786,0.168981786,0
frequency,3,frequency-stage_out,3.5,tmpfs,5,tmpfs,1,0.171604071,0.171604071,0
frequency,3,frequency-stage_out,3.5,tmpfs,5,tmpfs,2,0.171604071,0.171604071,0
frequency,3,frequency-stage_out,3.5,tmpfs,5,tmpfs,5,0.171604071,0.171604071,0
frequency,3,frequency-stage_out,3.5,tmpfs,5,tmpfs,9,0.171604071,0.171604071,0
frequency,3,frequency-stage_out,3.5,tmpfs,5,tmpfs,10,0.171604071,0.171604071,0
frequency,3,frequency-stage_out,3.5,tmpfs,5,tmpfs,11,0.171604071,0.171604071,0
frequency,3,frequency-stage_out,3.5,tmpfs,5,tmpfs,23,0.171604071,0.171604071,0
frequency,3,frequency-stage_out,3.5,tmpfs,5,tmpfs,25,0.171604071,0.171604071,0
frequency,3,frequency-stage_out,3.5,tmpfs,5,tmpfs,27,0.171604071,0.171604071,0
frequency,3,frequency-stage_out,3.5,tmpfs,5,tmpfs,28,0.171604071,0.171604071,0
frequency,3,frequency-stage_out,3.5,tmpfs,5,tmpfs,29,0.171604071,0.171604071,0
frequency,3,frequency-stage_out,3.5,tmpfs,5,tmpfs,30,0.171604071,0.171604071,0
frequency,3,frequency-stage_out,3.5,tmpfs,5,tmpfs,31,0.171604071,0.171604071,0
frequency,3,frequency-stage_out,3.5,tmpfs,5,tmpfs,32,0.171604071,0.171604071,0
frequency,3,frequency-stage_out,3.5,tmpfs,5,tmpfs,34,0.171604071,0.171604071,0
frequency,3,frequency-stage_out,3.5,tmpfs,5,tmpfs,60,0.171604071,0.171604071,0
frequency,3,frequency-stage_out,3.5,tmpfs,5,tmpfs,150,0.171604071,0.171604071,0
mutation_overlap,3,mutation_overlap-stage_out,3.5,beegfs,1,beegfs-ssd,30,0.173172813,0.058498503,0.11467431
mutation_overlap,3,mutation_overlap-stage_out,3.5,beegfs,2,beegfs-ssd,30,0.210625594,0.095951285,0.11467431
mutation_overlap,3,mutation_overlap-stage_out,3.5,ssd,2,ssd,1,0.211888836,0.211888836,0
mutation_overlap,3,mutation_overlap-stage_out,3.5,ssd,2,ssd,2,0.211888836,0.211888836,0
mutation_overlap,3,mutation_overlap-stage_out,3.5,ssd,2,ssd,5,0.211888836,0.211888836,0
mutation_overlap,3,mutation_overlap-stage_out,3.5,ssd,2,ssd,9,0.211888836,0.211888836,0
mutation_overlap,3,mutation_overlap-stage_out,3.5,ssd,2,ssd,10,0.211888836,0.211888836,0
mutation_overlap,3,mutation_overlap-stage_out,3.5,ssd,2,ssd,11,0.211888836,0.211888836,0
mutation_overlap,3,mutation_overlap-stage_out,3.5,ssd,2,ssd,23,0.211888836,0.211888836,0
mutation_overlap,3,mutation_overlap-stage_out,3.5,ssd,2,ssd,25,0.211888836,0.211888836,0
mutation_overlap,3,mutation_overlap-stage_out,3.5,ssd,2,ssd,27,0.211888836,0.211888836,0
mutation_overlap,3,mutation_overlap-stage_out,3.5,ssd,2,ssd,28,0.211888836,0.211888836,0
mutation_overlap,3,mutation_overlap-stage_out,3.5,ssd,2,ssd,29,0.211888836,0.211888836,0
mutation_overlap,3,mutation_overlap-stage_out,3.5,ssd,2,ssd,30,0.211888836,0.211888836,0
mutation_overlap,3,mutation_overlap-stage_out,3.5,ssd,2,ssd,31,0.211888836,0.211888836,0
mutation_overlap,3,mutation_overlap-stage_out,3.5,ssd,2,ssd,32,0.211888836,0.211888836,0
mutation_overlap,3,mutation_overlap-stage_out,3.5,ssd,2,ssd,34,0.211888836,0.211888836,0
mutation_overlap,3,mutation_overlap-stage_out,3.5,ssd,2,ssd,60,0.211888836,0.211888836,0
mutation_overlap,3,mutation_overlap-stage_out,3.5,ssd,2,ssd,150,0.211888836,0.211888836,0
mutation_overlap,3,mutation_overlap-stage_out,3.5,tmpfs,1,tmpfs-beegfs,2,0.426217346,0.024675922,0.401541424
mutation_overlap,3,mutation_overlap-stage_out,3.5,tmpfs,1,tmpfs-beegfs,1,1.069131223,0.024675922,1.044455301
mutation_overlap,3,mutation_overlap-stage_out,3.5,tmpfs,1,tmpfs-beegfs,12,0.402432335,0.024804247,0.377628089
mutation_overlap,3,mutation_overlap-stage_out,3.5,tmpfs,1,tmpfs-beegfs,6,0.799916128,0.024804247,0.775111882
mutation_overlap,3,mutation_overlap-stage_out,3.5,tmpfs,1,tmpfs-beegfs,30,1.817672972,0.024804247,1.792868725
mutation_overlap,3,mutation_overlap-stage_out,3.5,tmpfs,2,tmpfs-beegfs,2,0.429200582,0.027659158,0.401541424
mutation_overlap,3,mutation_overlap-stage_out,3.5,tmpfs,2,tmpfs-beegfs,1,1.072114459,0.027659158,1.044455301
mutation_overlap,3,mutation_overlap-stage_out,3.5,tmpfs,2,tmpfs-beegfs,12,0.405296212,0.027668123,0.377628089
mutation_overlap,3,mutation_overlap-stage_out,3.5,tmpfs,2,tmpfs-beegfs,6,0.802780005,0.027668123,0.775111882
mutation_overlap,3,mutation_overlap-stage_out,3.5,tmpfs,2,tmpfs-beegfs,30,1.820536848,0.027668123,1.792868725
mutation_overlap,3,mutation_overlap-stage_out,3.5,tmpfs,5,tmpfs-beegfs,2,0.434156738,0.032615314,0.401541424
mutation_overlap,3,mutation_overlap-stage_out,3.5,tmpfs,5,tmpfs-beegfs,1,1.077070615,0.032615314,1.044455301
mutation_overlap,3,mutation_overlap-stage_out,3.5,tmpfs,5,tmpfs-beegfs,12,0.411201464,0.033573376,0.377628089
mutation_overlap,3,mutation_overlap-stage_out,3.5,tmpfs,5,tmpfs-beegfs,6,0.808685257,0.033573376,0.775111882
mutation_overlap,3,mutation_overlap-stage_out,3.5,tmpfs,5,tmpfs-beegfs,30,1.8264421,0.033573376,1.792868725
mutation_overlap,3,mutation_overlap-stage_out,3.5,tmpfs,1,tmpfs-beegfs,7,0.372938131,0.067494619,0.305443511
mutation_overlap,3,mutation_overlap-stage_out,3.5,tmpfs,1,tmpfs-beegfs,3,0.719885237,0.067494619,0.652390618
mutation_overlap,3,mutation_overlap-stage_out,3.5,beegfs,5,beegfs-ssd,30,0.264893514,0.150219205,0.11467431
frequency,3,frequency-stage_out,3.5,beegfs,1,beegfs,1,0.314169666,0.314169666,0
frequency,3,frequency-stage_out,3.5,beegfs,1,beegfs,2,0.314169666,0.314169666,0
frequency,3,frequency-stage_out,3.5,beegfs,1,beegfs,5,0.314169666,0.314169666,0
frequency,3,frequency-stage_out,3.5,beegfs,1,beegfs,9,0.314169666,0.314169666,0
frequency,3,frequency-stage_out,3.5,beegfs,1,beegfs,10,0.314169666,0.314169666,0
frequency,3,frequency-stage_out,3.5,beegfs,1,beegfs,11,0.314169666,0.314169666,0
frequency,3,frequency-stage_out,3.5,beegfs,1,beegfs,23,0.314169666,0.314169666,0
frequency,3,frequency-stage_out,3.5,beegfs,1,beegfs,25,0.314169666,0.314169666,0
frequency,3,frequency-stage_out,3.5,beegfs,1,beegfs,27,0.314169666,0.314169666,0
frequency,3,frequency-stage_out,3.5,beegfs,1,beegfs,28,0.314169666,0.314169666,0
frequency,3,frequency-stage_out,3.5,beegfs,1,beegfs,29,0.314169666,0.314169666,0
frequency,3,frequency-stage_out,3.5,beegfs,1,beegfs,30,0.314169666,0.314169666,0
frequency,3,frequency-stage_out,3.5,beegfs,1,beegfs,31,0.314169666,0.314169666,0
frequency,3,frequency-stage_out,3.5,beegfs,1,beegfs,32,0.314169666,0.314169666,0
frequency,3,frequency-stage_out,3.5,beegfs,1,beegfs,34,0.314169666,0.314169666,0
frequency,3,frequency-stage_out,3.5,beegfs,1,beegfs,60,0.314169666,0.314169666,0
frequency,3,frequency-stage_out,3.5,beegfs,1,beegfs,150,0.314169666,0.314169666,0
mutation_overlap,3,mutation_overlap-stage_out,3.5,beegfs,1,beegfs-ssd,17,0.351762354,0.238440537,0.113321817
mutation_overlap,3,mutation_overlap-stage_out,3.5,beegfs,1,beegfs-ssd,13,0.35476857,0.238440537,0.116328033
mutation_overlap,3,mutation_overlap-stage_out,3.5,beegfs,1,beegfs-tmpfs,12,0.357563265,0.058498503,0.299064762
mutation_overlap,3,mutation_overlap-stage_out,3.5,tmpfs,1,tmpfs-beegfs,4,0.729297647,0.067494619,0.661803028
mutation_overlap,3,mutation_overlap-stage_out,3.5,tmpfs,1,tmpfs-beegfs,17,2.018929679,0.067494619,1.95143506
mutation_overlap,3,mutation_overlap-stage_out,3.5,tmpfs,1,tmpfs-beegfs,5,2.407972458,0.067494619,2.340477839
mutation_overlap,3,mutation_overlap-stage_out,3.5,tmpfs,1,tmpfs-beegfs,13,3.297270359,0.067494619,3.22977574
mutation_overlap,3,mutation_overlap-stage_out,3.5,tmpfs,2,tmpfs-beegfs,7,0.387630952,0.082187441,0.305443511
mutation_overlap,3,mutation_overlap-stage_out,3.5,tmpfs,2,tmpfs-beegfs,3,0.734578058,0.082187441,0.652390618
mutation_overlap,3,mutation_overlap-stage_out,3.5,tmpfs,2,tmpfs-beegfs,4,0.743990469,0.082187441,0.661803028
mutation_overlap,3,mutation_overlap-stage_out,3.5,tmpfs,2,tmpfs-beegfs,17,2.0336225,0.082187441,1.95143506
mutation_overlap,3,mutation_overlap-stage_out,3.5,tmpfs,2,tmpfs-beegfs,5,2.42266528,0.082187441,2.340477839
mutation_overlap,3,mutation_overlap-stage_out,3.5,tmpfs,2,tmpfs-beegfs,13,3.31196318,0.082187441,3.22977574
mutation_overlap,3,mutation_overlap-stage_out,3.5,tmpfs,5,tmpfs-beegfs,7,0.395992886,0.090549375,0.305443511
mutation_overlap,3,mutation_overlap-stage_out,3.5,tmpfs,5,tmpfs-beegfs,3,0.742939992,0.090549375,0.652390618
mutation_overlap,3,mutation_overlap-stage_out,3.5,tmpfs,5,tmpfs-beegfs,4,0.752352403,0.090549375,0.661803028
mutation_overlap,3,mutation_overlap-stage_out,3.5,tmpfs,5,tmpfs-beegfs,17,2.041984434,0.090549375,1.95143506
mutation_overlap,3,mutation_overlap-stage_out,3.5,tmpfs,5,tmpfs-beegfs,5,2.431027213,0.090549375,2.340477839
mutation_overlap,3,mutation_overlap-stage_out,3.5,tmpfs,5,tmpfs-beegfs,13,3.320325114,0.090549375,3.22977574
mutation_overlap,3,mutation_overlap-stage_out,3.5,ssd,1,ssd-beegfs,13,0.726583973,0.15494896,0.571635013
mutation_overlap,3,mutation_overlap-stage_out,3.5,beegfs,1,beegfs-ssd,12,0.36646973,0.058498503,0.307971227
mutation_overlap,3,mutation_overlap-stage_out,3.5,ssd,1,ssd-beegfs,5,1.291255357,0.15494896,1.136306398
mutation_overlap,3,mutation_overlap-stage_out,3.5,ssd,1,ssd-beegfs,2,1.389352067,0.15494896,1.234403107
frequency,3,frequency-stage_out,3.5,beegfs,1,beegfs-ssd,30,0.39317506,0.211559027,0.181616033
mutation_overlap,3,mutation_overlap-stage_out,3.5,beegfs,2,beegfs-tmpfs,12,0.395016047,0.095951285,0.299064762
mutation_overlap,3,mutation_overlap-stage_out,3.5,ssd,1,ssd-beegfs,3,2.742254043,0.15494896,2.587305083
mutation_overlap,3,mutation_overlap-stage_out,3.5,ssd,1,ssd-beegfs,1,3.00911059,0.15494896,2.85416163
mutation_overlap,3,mutation_overlap-stage_out,3.5,beegfs,2,beegfs-ssd,12,0.403922512,0.095951285,0.307971227
mutation_overlap,3,mutation_overlap-stage_out,3.5,ssd,1,ssd-beegfs,17,0.676679486,0.155022834,0.521656652
mutation_overlap,3,mutation_overlap-stage_out,3.5,ssd,1,ssd-beegfs,30,0.676715918,0.155022834,0.521693084
mutation_overlap,3,mutation_overlap-stage_out,3.5,ssd,1,ssd-beegfs,12,1.254893255,0.155022834,1.099870421
mutation_overlap,3,mutation_overlap-stage_out,3.5,ssd,1,ssd-beegfs,7,1.287244523,0.155022834,1.13222169
mutation_overlap,3,mutation_overlap-stage_out,3.5,ssd,1,ssd-beegfs,6,2.674647478,0.155022834,2.519624644
mutation_overlap,3,mutation_overlap-stage_out,3.5,beegfs,5,beegfs-tmpfs,12,0.449283967,0.150219205,0.299064762
mutation_overlap,3,mutation_overlap-stage_out,3.5,ssd,1,ssd-beegfs,4,2.717173013,0.155022834,2.562150179
mutation_overlap,3,mutation_overlap-stage_out,3.5,ssd,2,ssd-beegfs,17,0.733545488,0.211888836,0.521656652
mutation_overlap,3,mutation_overlap-stage_out,3.5,ssd,2,ssd-beegfs,30,0.73358192,0.211888836,0.521693084
mutation_overlap,3,mutation_overlap-stage_out,3.5,ssd,2,ssd-beegfs,13,0.783523849,0.211888836,0.571635013
mutation_overlap,3,mutation_overlap-stage_out,3.5,ssd,2,ssd-beegfs,12,1.311759257,0.211888836,1.099870421
mutation_overlap,3,mutation_overlap-stage_out,3.5,ssd,2,ssd-beegfs,7,1.344110525,0.211888836,1.13222169
mutation_overlap,3,mutation_overlap-stage_out,3.5,ssd,2,ssd-beegfs,5,1.348195233,0.211888836,1.136306398
mutation_overlap,3,mutation_overlap-stage_out,3.5,ssd,2,ssd-beegfs,2,1.446291943,0.211888836,1.234403107
mutation_overlap,3,mutation_overlap-stage_out,3.5,ssd,2,ssd-beegfs,6,2.73151348,0.211888836,2.519624644
mutation_overlap,3,mutation_overlap-stage_out,3.5,ssd,2,ssd-beegfs,4,2.774039015,0.211888836,2.562150179
mutation_overlap,3,mutation_overlap-stage_out,3.5,ssd,2,ssd-beegfs,3,2.799193919,0.211888836,2.587305083
mutation_overlap,3,mutation_overlap-stage_out,3.5,ssd,2,ssd-beegfs,1,3.066050466,0.211888836,2.85416163
mutation_overlap,3,mutation_overlap-stage_out,3.5,beegfs,1,beegfs,1,0.238440537,0.238440537,0
mutation_overlap,3,mutation_overlap-stage_out,3.5,beegfs,1,beegfs,2,0.238440537,0.238440537,0
mutation_overlap,3,mutation_overlap-stage_out,3.5,beegfs,1,beegfs,5,0.238440537,0.238440537,0
mutation_overlap,3,mutation_overlap-stage_out,3.5,beegfs,1,beegfs,9,0.238440537,0.238440537,0
mutation_overlap,3,mutation_overlap-stage_out,3.5,beegfs,1,beegfs,10,0.238440537,0.238440537,0
mutation_overlap,3,mutation_overlap-stage_out,3.5,beegfs,5,beegfs-ssd,12,0.458190432,0.150219205,0.307971227
mutation_overlap,3,mutation_overlap-stage_out,3.5,beegfs,1,beegfs-ssd,2,0.469049432,0.058365754,0.410683678
mutation_overlap,3,mutation_overlap-stage_out,3.5,ssd,5,ssd,1,0.470525561,0.470525561,0
mutation_overlap,3,mutation_overlap-stage_out,3.5,ssd,5,ssd,2,0.470525561,0.470525561,0
mutation_overlap,3,mutation_overlap-stage_out,3.5,ssd,5,ssd,5,0.470525561,0.470525561,0
mutation_overlap,3,mutation_overlap-stage_out,3.5,ssd,5,ssd,9,0.470525561,0.470525561,0
mutation_overlap,3,mutation_overlap-stage_out,3.5,ssd,5,ssd,10,0.470525561,0.470525561,0
mutation_overlap,3,mutation_overlap-stage_out,3.5,ssd,5,ssd,11,0.470525561,0.470525561,0
mutation_overlap,3,mutation_overlap-stage_out,3.5,ssd,5,ssd,23,0.470525561,0.470525561,0
mutation_overlap,3,mutation_overlap-stage_out,3.5,ssd,5,ssd,25,0.470525561,0.470525561,0
mutation_overlap,3,mutation_overlap-stage_out,3.5,ssd,5,ssd,27,0.470525561,0.470525561,0
mutation_overlap,3,mutation_overlap-stage_out,3.5,ssd,5,ssd,28,0.470525561,0.470525561,0
mutation_overlap,3,mutation_overlap-stage_out,3.5,ssd,5,ssd,29,0.470525561,0.470525561,0
mutation_overlap,3,mutation_overlap-stage_out,3.5,ssd,5,ssd,30,0.470525561,0.470525561,0
mutation_overlap,3,mutation_overlap-stage_out,3.5,ssd,5,ssd,31,0.470525561,0.470525561,0
mutation_overlap,3,mutation_overlap-stage_out,3.5,ssd,5,ssd,32,0.470525561,0.470525561,0
mutation_overlap,3,mutation_overlap-stage_out,3.5,ssd,5,ssd,34,0.470525561,0.470525561,0
mutation_overlap,3,mutation_overlap-stage_out,3.5,ssd,5,ssd,60,0.470525561,0.470525561,0
mutation_overlap,3,mutation_overlap-stage_out,3.5,ssd,5,ssd,150,0.470525561,0.470525561,0
mutation_overlap,3,mutation_overlap-stage_out,3.5,beegfs,2,beegfs-ssd,17,0.479302896,0.365981079,0.113321817
mutation_overlap,3,mutation_overlap-stage_out,3.5,beegfs,2,beegfs-ssd,13,0.482309112,0.365981079,0.116328033
frequency,3,frequency-stage_out,3.5,beegfs,1,beegfs-ssd,16,0.489646238,0.314169666,0.175476572
frequency,3,frequency-stage_out,3.5,beegfs,1,beegfs-ssd,17,0.493643682,0.314169666,0.179474016
frequency,3,frequency-stage_out,3.5,beegfs,2,beegfs,1,0.497142717,0.497142717,0
frequency,3,frequency-stage_out,3.5,beegfs,2,beegfs,2,0.497142717,0.497142717,0
frequency,3,frequency-stage_out,3.5,beegfs,2,beegfs,5,0.497142717,0.497142717,0
frequency,3,frequency-stage_out,3.5,beegfs,2,beegfs,9,0.497142717,0.497142717,0
frequency,3,frequency-stage_out,3.5,beegfs,2,beegfs,10,0.497142717,0.497142717,0
frequency,3,frequency-stage_out,3.5,beegfs,2,beegfs,11,0.497142717,0.497142717,0
frequency,3,frequency-stage_out,3.5,beegfs,2,beegfs,23,0.497142717,0.497142717,0
frequency,3,frequency-stage_out,3.5,beegfs,2,beegfs,25,0.497142717,0.497142717,0
frequency,3,frequency-stage_out,3.5,beegfs,2,beegfs,27,0.497142717,0.497142717,0
frequency,3,frequency-stage_out,3.5,beegfs,2,beegfs,28,0.497142717,0.497142717,0
frequency,3,frequency-stage_out,3.5,beegfs,2,beegfs,29,0.497142717,0.497142717,0
frequency,3,frequency-stage_out,3.5,beegfs,2,beegfs,30,0.497142717,0.497142717,0
frequency,3,frequency-stage_out,3.5,beegfs,2,beegfs,31,0.497142717,0.497142717,0
frequency,3,frequency-stage_out,3.5,beegfs,2,beegfs,32,0.497142717,0.497142717,0
frequency,3,frequency-stage_out,3.5,beegfs,2,beegfs,34,0.497142717,0.497142717,0
frequency,3,frequency-stage_out,3.5,beegfs,2,beegfs,60,0.497142717,0.497142717,0
frequency,3,frequency-stage_out,3.5,beegfs,2,beegfs,150,0.497142717,0.497142717,0
mutation_overlap,3,mutation_overlap-stage_out,3.5,beegfs,2,beegfs-ssd,2,0.506634963,0.095951285,0.410683678
mutation_overlap,3,mutation_overlap-stage_out,3.5,beegfs,1,beegfs-tmpfs,2,0.515851991,0.058365754,0.457486236
mutation_overlap,3,mutation_overlap-stage_out,3.5,beegfs,1,beegfs-tmpfs,7,0.517789422,0.238440537,0.279348885
mutation_overlap,3,mutation_overlap-stage_out,3.5,beegfs,1,beegfs-ssd,5,0.527899065,0.238440537,0.289458528
mutation_overlap,3,mutation_overlap-stage_out,3.5,beegfs,1,beegfs-ssd,7,0.529177405,0.238440537,0.290736868
mutation_overlap,3,mutation_overlap-stage_out,3.5,beegfs,2,beegfs-tmpfs,2,0.553437521,0.095951285,0.457486236
mutation_overlap,3,mutation_overlap-stage_out,3.5,beegfs,5,beegfs-ssd,2,0.560541625,0.149857947,0.410683678
mutation_overlap,3,mutation_overlap-stage_out,3.5,beegfs,5,beegfs-ssd,17,0.571055512,0.457733695,0.113321817
mutation_overlap,3,mutation_overlap-stage_out,3.5,beegfs,5,beegfs-ssd,13,0.574061728,0.457733695,0.116328033
frequency,3,frequency-stage_out,3.5,ssd,1,ssd,1,0.579562471,0.579562471,0
frequency,3,frequency-stage_out,3.5,ssd,1,ssd,2,0.579562471,0.579562471,0
frequency,3,frequency-stage_out,3.5,ssd,1,ssd,5,0.579562471,0.579562471,0
frequency,3,frequency-stage_out,3.5,ssd,1,ssd,9,0.579562471,0.579562471,0
frequency,3,frequency-stage_out,3.5,ssd,1,ssd,10,0.579562471,0.579562471,0
frequency,3,frequency-stage_out,3.5,ssd,1,ssd,11,0.579562471,0.579562471,0
frequency,3,frequency-stage_out,3.5,ssd,1,ssd,23,0.579562471,0.579562471,0
frequency,3,frequency-stage_out,3.5,ssd,1,ssd,25,0.579562471,0.579562471,0
frequency,3,frequency-stage_out,3.5,ssd,1,ssd,27,0.579562471,0.579562471,0
frequency,3,frequency-stage_out,3.5,ssd,1,ssd,28,0.579562471,0.579562471,0
frequency,3,frequency-stage_out,3.5,ssd,1,ssd,29,0.579562471,0.579562471,0
frequency,3,frequency-stage_out,3.5,ssd,1,ssd,30,0.579562471,0.579562471,0
frequency,3,frequency-stage_out,3.5,ssd,1,ssd,31,0.579562471,0.579562471,0
frequency,3,frequency-stage_out,3.5,ssd,1,ssd,32,0.579562471,0.579562471,0
frequency,3,frequency-stage_out,3.5,ssd,1,ssd,34,0.579562471,0.579562471,0
frequency,3,frequency-stage_out,3.5,ssd,1,ssd,60,0.579562471,0.579562471,0
frequency,3,frequency-stage_out,3.5,ssd,1,ssd,150,0.579562471,0.579562471,0
frequency,3,frequency-stage_out,3.5,beegfs,2,beegfs-ssd,30,0.582785787,0.401169754,0.181616033
mutation_overlap,3,mutation_overlap-stage_out,3.5,beegfs,5,beegfs-tmpfs,2,0.607344184,0.149857947,0.457486236
mutation_overlap,3,mutation_overlap-stage_out,3.5,beegfs,2,beegfs-tmpfs,7,0.645329963,0.365981079,0.279348885
frequency,3,frequency-stage_out,3.5,tmpfs,1,tmpfs-beegfs,7,0.647693668,0.163945921,0.483747747
frequency,3,frequency-stage_out,3.5,tmpfs,2,tmpfs-beegfs,7,0.652729533,0.168981786,0.483747747
frequency,3,frequency-stage_out,3.5,tmpfs,5,tmpfs-beegfs,7,0.655351818,0.171604071,0.483747747
mutation_overlap,3,mutation_overlap-stage_out,3.5,beegfs,2,beegfs-ssd,5,0.655439607,0.365981079,0.289458528
mutation_overlap,3,mutation_overlap-stage_out,3.5,beegfs,2,beegfs-ssd,7,0.656717947,0.365981079,0.290736868
frequency,3,frequency-stage_out,3.5,beegfs,5,beegfs,1,0.659356554,0.659356554,0
frequency,3,frequency-stage_out,3.5,beegfs,5,beegfs,2,0.659356554,0.659356554,0
frequency,3,frequency-stage_out,3.5,beegfs,5,beegfs,5,0.659356554,0.659356554,0
frequency,3,frequency-stage_out,3.5,beegfs,5,beegfs,9,0.659356554,0.659356554,0
frequency,3,frequency-stage_out,3.5,beegfs,5,beegfs,10,0.659356554,0.659356554,0
frequency,3,frequency-stage_out,3.5,beegfs,5,beegfs,11,0.659356554,0.659356554,0
frequency,3,frequency-stage_out,3.5,beegfs,5,beegfs,23,0.659356554,0.659356554,0
frequency,3,frequency-stage_out,3.5,beegfs,5,beegfs,25,0.659356554,0.659356554,0
frequency,3,frequency-stage_out,3.5,beegfs,5,beegfs,27,0.659356554,0.659356554,0
frequency,3,frequency-stage_out,3.5,beegfs,5,beegfs,28,0.659356554,0.659356554,0
frequency,3,frequency-stage_out,3.5,beegfs,5,beegfs,29,0.659356554,0.659356554,0
frequency,3,frequency-stage_out,3.5,beegfs,5,beegfs,30,0.659356554,0.659356554,0
frequency,3,frequency-stage_out,3.5,beegfs,5,beegfs,31,0.659356554,0.659356554,0
frequency,3,frequency-stage_out,3.5,beegfs,5,beegfs,32,0.659356554,0.659356554,0
frequency,3,frequency-stage_out,3.5,beegfs,5,beegfs,34,0.659356554,0.659356554,0
frequency,3,frequency-stage_out,3.5,beegfs,5,beegfs,60,0.659356554,0.659356554,0
frequency,3,frequency-stage_out,3.5,beegfs,5,beegfs,150,0.659356554,0.659356554,0
mutation_overlap,3,mutation_overlap-stage_out,3.5,beegfs,1,beegfs-ssd,6,0.671091767,0.058498503,0.612593264
frequency,3,frequency-stage_out,3.5,beegfs,2,beegfs-ssd,16,0.672619289,0.497142717,0.175476572
frequency,3,frequency-stage_out,3.5,beegfs,2,beegfs-ssd,17,0.676616733,0.497142717,0.179474016
mutation_overlap,3,mutation_overlap-stage_out,3.5,beegfs,1,beegfs,11,0.238440537,0.238440537,0
mutation_overlap,3,mutation_overlap-stage_out,3.5,beegfs,1,beegfs,23,0.238440537,0.238440537,0
mutation_overlap,3,mutation_overlap-stage_out,3.5,beegfs,2,beegfs-ssd,6,0.708544549,0.095951285,0.612593264
mutation_overlap,3,mutation_overlap-stage_out,3.5,beegfs,1,beegfs-tmpfs,6,0.710367387,0.058498503,0.651868884
mutation_overlap,3,mutation_overlap-stage_out,3.5,beegfs,1,beegfs,25,0.238440537,0.238440537,0
mutation_overlap,3,mutation_overlap-stage_out,3.5,beegfs,1,beegfs,27,0.238440537,0.238440537,0
mutation_overlap,3,mutation_overlap-stage_out,3.5,beegfs,1,beegfs,28,0.238440537,0.238440537,0
mutation_overlap,3,mutation_overlap-stage_out,3.5,beegfs,1,beegfs,29,0.238440537,0.238440537,0
mutation_overlap,3,mutation_overlap-stage_out,3.5,beegfs,1,beegfs,30,0.238440537,0.238440537,0
mutation_overlap,3,mutation_overlap-stage_out,3.5,beegfs,1,beegfs,31,0.238440537,0.238440537,0
mutation_overlap,3,mutation_overlap-stage_out,3.5,beegfs,5,beegfs-tmpfs,7,0.737082579,0.457733695,0.279348885
mutation_overlap,3,mutation_overlap-stage_out,3.5,beegfs,1,beegfs,32,0.238440537,0.238440537,0
mutation_overlap,3,mutation_overlap-stage_out,3.5,beegfs,1,beegfs,34,0.238440537,0.238440537,0
mutation_overlap,3,mutation_overlap-stage_out,3.5,beegfs,5,beegfs-ssd,5,0.747192223,0.457733695,0.289458528
mutation_overlap,3,mutation_overlap-stage_out,3.5,beegfs,2,beegfs-tmpfs,6,0.747820169,0.095951285,0.651868884
mutation_overlap,3,mutation_overlap-stage_out,3.5,beegfs,5,beegfs-ssd,7,0.748470563,0.457733695,0.290736868
mutation_overlap,3,mutation_overlap-stage_out,3.5,beegfs,1,beegfs,60,0.238440537,0.238440537,0
frequency,3,frequency-stage_out,3.5,beegfs,1,beegfs-tmpfs,7,0.756589913,0.314169666,0.442420247
mutation_overlap,3,mutation_overlap-stage_out,3.5,beegfs,5,beegfs-ssd,6,0.762812469,0.150219205,0.612593264
frequency,3,frequency-stage_out,3.5,beegfs,1,beegfs-ssd,5,0.772601113,0.314169666,0.458431448
frequency,3,frequency-stage_out,3.5,beegfs,1,beegfs-ssd,7,0.774625691,0.314169666,0.460456025
frequency,3,frequency-stage_out,3.5,beegfs,5,beegfs-ssd,30,0.775124223,0.59350819,0.181616033
mutation_overlap,3,mutation_overlap-stage_out,3.5,beegfs,1,beegfs,150,0.238440537,0.238440537,0
frequency,3,frequency-stage_out,3.5,tmpfs,1,tmpfs-beegfs,2,0.787668527,0.151725211,0.635943316
mutation_overlap,3,mutation_overlap-stage_out,3.5,beegfs,2,beegfs,1,0.365981079,0.365981079,0
mutation_overlap,3,mutation_overlap-stage_out,3.5,beegfs,1,beegfs-ssd,3,0.801515463,0.238440537,0.563074926
frequency,3,frequency-stage_out,3.5,beegfs,1,beegfs-ssd,12,0.801920696,0.314169666,0.48775103
mutation_overlap,3,mutation_overlap-stage_out,3.5,beegfs,5,beegfs-tmpfs,6,0.802088089,0.150219205,0.651868884
mutation_overlap,3,mutation_overlap-stage_out,3.5,beegfs,1,beegfs-ssd,4,0.802387535,0.238440537,0.563946998
mutation_overlap,3,mutation_overlap-stage_out,3.5,beegfs,2,beegfs,2,0.365981079,0.365981079,0
frequency,3,frequency-stage_out,3.5,tmpfs,2,tmpfs-beegfs,2,0.804808606,0.168865289,0.635943316
frequency,3,frequency-stage_out,3.5,tmpfs,5,tmpfs-beegfs,2,0.807430074,0.171486758,0.635943316
mutation_overlap,3,mutation_overlap-stage_out,3.5,beegfs,2,beegfs,5,0.365981079,0.365981079,0
frequency,3,frequency-stage_out,3.5,beegfs,5,beegfs-ssd,16,0.834833126,0.659356554,0.175476572
frequency,3,frequency-stage_out,3.5,beegfs,5,beegfs-ssd,17,0.83883057,0.659356554,0.179474016
mutation_overlap,3,mutation_overlap-stage_out,3.5,beegfs,1,beegfs-tmpfs,4,0.844981988,0.238440537,0.606541451
mutation_overlap,3,mutation_overlap-stage_out,3.5,beegfs,1,beegfs-tmpfs,3,0.851464012,0.238440537,0.613023475
frequency,3,frequency-stage_out,3.5,beegfs,1,beegfs-ssd,2,0.861981435,0.211559027,0.650422409
frequency,3,frequency-stage_out,3.5,ssd,2,ssd,1,0.897349624,0.897349624,0
frequency,3,frequency-stage_out,3.5,ssd,2,ssd,2,0.897349624,0.897349624,0
frequency,3,frequency-stage_out,3.5,ssd,2,ssd,5,0.897349624,0.897349624,0
frequency,3,frequency-stage_out,3.5,ssd,2,ssd,9,0.897349624,0.897349624,0
frequency,3,frequency-stage_out,3.5,ssd,2,ssd,10,0.897349624,0.897349624,0
frequency,3,frequency-stage_out,3.5,ssd,2,ssd,11,0.897349624,0.897349624,0
frequency,3,frequency-stage_out,3.5,ssd,2,ssd,23,0.897349624,0.897349624,0
frequency,3,frequency-stage_out,3.5,ssd,2,ssd,25,0.897349624,0.897349624,0
frequency,3,frequency-stage_out,3.5,ssd,2,ssd,27,0.897349624,0.897349624,0
frequency,3,frequency-stage_out,3.5,ssd,2,ssd,28,0.897349624,0.897349624,0
frequency,3,frequency-stage_out,3.5,ssd,2,ssd,29,0.897349624,0.897349624,0
frequency,3,frequency-stage_out,3.5,ssd,2,ssd,30,0.897349624,0.897349624,0
frequency,3,frequency-stage_out,3.5,ssd,2,ssd,31,0.897349624,0.897349624,0
frequency,3,frequency-stage_out,3.5,ssd,2,ssd,32,0.897349624,0.897349624,0
frequency,3,frequency-stage_out,3.5,ssd,2,ssd,34,0.897349624,0.897349624,0
frequency,3,frequency-stage_out,3.5,ssd,2,ssd,60,0.897349624,0.897349624,0
frequency,3,frequency-stage_out,3.5,ssd,2,ssd,150,0.897349624,0.897349624,0
mutation_overlap,3,mutation_overlap-stage_out,3.5,beegfs,2,beegfs-ssd,3,0.929056004,0.365981079,0.563074926
mutation_overlap,3,mutation_overlap-stage_out,3.5,beegfs,2,beegfs-ssd,4,0.929928077,0.365981079,0.563946998
frequency,3,frequency-stage_out,3.5,beegfs,1,beegfs-tmpfs,2,0.93610523,0.211559027,0.724546203
frequency,3,frequency-stage_out,3.5,beegfs,2,beegfs-tmpfs,7,0.939562964,0.497142717,0.442420247
frequency,3,frequency-stage_out,3.5,beegfs,2,beegfs-ssd,5,0.955574165,0.497142717,0.458431448
frequency,3,frequency-stage_out,3.5,beegfs,2,beegfs-ssd,7,0.957598742,0.497142717,0.460456025
mutation_overlap,3,mutation_overlap-stage_out,3.5,beegfs,2,beegfs-tmpfs,4,0.972522529,0.365981079,0.606541451
mutation_overlap,3,mutation_overlap-stage_out,3.5,beegfs,2,beegfs-tmpfs,3,0.979004554,0.365981079,0.613023475
frequency,3,frequency-stage_out,3.5,beegfs,2,beegfs-ssd,12,0.984893747,0.497142717,0.48775103
mutation_overlap,3,mutation_overlap-stage_out,3.5,beegfs,2,beegfs,9,0.365981079,0.365981079,0
mutation_overlap,3,mutation_overlap-stage_out,3.5,beegfs,2,beegfs,10,0.365981079,0.365981079,0
mutation_overlap,3,mutation_overlap-stage_out,3.5,beegfs,5,beegfs-ssd,3,1.02080862,0.457733695,0.563074926
mutation_overlap,3,mutation_overlap-stage_out,3.5,beegfs,5,beegfs-ssd,4,1.021680693,0.457733695,0.563946998
mutation_overlap,3,mutation_overlap-stage_out,3.5,beegfs,2,beegfs,11,0.365981079,0.365981079,0
frequency,3,frequency-stage_out,3.5,beegfs,2,beegfs-ssd,2,1.05137536,0.400952951,0.650422409
mutation_overlap,3,mutation_overlap-stage_out,3.5,beegfs,5,beegfs-tmpfs,4,1.064275145,0.457733695,0.606541451
mutation_overlap,3,mutation_overlap-stage_out,3.5,beegfs,2,beegfs,23,0.365981079,0.365981079,0
mutation_overlap,3,mutation_overlap-stage_out,3.5,beegfs,5,beegfs-tmpfs,3,1.07075717,0.457733695,0.613023475
mutation_overlap,3,mutation_overlap-stage_out,3.5,beegfs,2,beegfs,25,0.365981079,0.365981079,0
mutation_overlap,3,mutation_overlap-stage_out,3.5,beegfs,2,beegfs,27,0.365981079,0.365981079,0
frequency,3,frequency-stage_out,3.5,beegfs,5,beegfs-tmpfs,7,1.101776801,0.659356554,0.442420247
frequency,3,frequency-stage_out,3.5,beegfs,5,beegfs-ssd,5,1.117788001,0.659356554,0.458431448
frequency,3,frequency-stage_out,3.5,beegfs,5,beegfs-ssd,7,1.119812579,0.659356554,0.460456025
frequency,3,frequency-stage_out,3.5,beegfs,2,beegfs-tmpfs,2,1.125499154,0.400952951,0.724546203
frequency,3,frequency-stage_out,3.5,beegfs,5,beegfs-ssd,12,1.147107584,0.659356554,0.48775103
mutation_overlap,3,mutation_overlap-stage_out,3.5,beegfs,1,beegfs-tmpfs,1,1.162560528,0.058365754,1.104194774
mutation_overlap,3,mutation_overlap-stage_out,3.5,beegfs,1,beegfs-ssd,1,1.18731716,0.058365754,1.128951406
mutation_overlap,3,mutation_overlap-stage_out,3.5,beegfs,2,beegfs-tmpfs,1,1.200146058,0.095951285,1.104194774
frequency,3,frequency-stage_out,3.5,beegfs,1,beegfs-ssd,6,1.206361842,0.211559027,0.994802815
frequency,3,frequency-stage_out,3.5,beegfs,1,beegfs-ssd,3,1.208130157,0.314169666,0.893960491
frequency,3,frequency-stage_out,3.5,beegfs,1,beegfs-ssd,4,1.209518096,0.314169666,0.89534843
frequency,3,frequency-stage_out,3.5,tmpfs,1,tmpfs-beegfs,3,1.212079904,0.163945921,1.048133983
frequency,3,frequency-stage_out,3.5,tmpfs,2,tmpfs-beegfs,3,1.216999272,0.168865289,1.048133983
frequency,3,frequency-stage_out,3.5,tmpfs,5,tmpfs-beegfs,3,1.219620741,0.171486758,1.048133983
mutation_overlap,3,mutation_overlap-stage_out,3.5,beegfs,2,beegfs-ssd,1,1.224902691,0.095951285,1.128951406
frequency,3,frequency-stage_out,3.5,tmpfs,1,tmpfs-beegfs,4,1.240906956,0.163945921,1.076961035
frequency,3,frequency-stage_out,3.5,beegfs,5,beegfs-ssd,2,1.243616678,0.593194269,0.650422409
frequency,3,frequency-stage_out,3.5,tmpfs,2,tmpfs-beegfs,4,1.245942821,0.168981786,1.076961035
frequency,3,frequency-stage_out,3.5,tmpfs,5,tmpfs-beegfs,4,1.248565106,0.171604071,1.076961035
frequency,3,frequency-stage_out,3.5,beegfs,1,beegfs-tmpfs,6,1.249324764,0.211559027,1.037765737
mutation_overlap,3,mutation_overlap-stage_out,3.5,beegfs,5,beegfs-tmpfs,1,1.254052721,0.149857947,1.104194774
mutation_overlap,3,mutation_overlap-stage_out,3.5,beegfs,2,beegfs,28,0.365981079,0.365981079,0
mutation_overlap,3,mutation_overlap-stage_out,3.5,beegfs,5,beegfs-ssd,1,1.278809353,0.149857947,1.128951406
mutation_overlap,3,mutation_overlap-stage_out,3.5,beegfs,2,beegfs,29,0.365981079,0.365981079,0
mutation_overlap,3,mutation_overlap-stage_out,3.5,beegfs,2,beegfs,30,0.365981079,0.365981079,0
mutation_overlap,3,mutation_overlap-stage_out,3.5,beegfs,2,beegfs,31,0.365981079,0.365981079,0
frequency,3,frequency-stage_out,3.5,beegfs,1,beegfs-tmpfs,4,1.317431185,0.314169666,1.003261519
frequency,3,frequency-stage_out,3.5,beegfs,1,beegfs-tmpfs,3,1.317431185,0.314169666,1.003261519
frequency,3,frequency-stage_out,3.5,beegfs,5,beegfs-tmpfs,2,1.317740472,0.593194269,0.724546203
mutation_overlap,3,mutation_overlap-stage_out,3.5,beegfs,2,beegfs,32,0.365981079,0.365981079,0
mutation_overlap,3,mutation_overlap-stage_out,3.5,beegfs,2,beegfs,34,0.365981079,0.365981079,0
mutation_overlap,3,mutation_overlap-stage_out,3.5,beegfs,2,beegfs,60,0.365981079,0.365981079,0
frequency,3,frequency-stage_out,3.5,beegfs,2,beegfs-ssd,3,1.391103208,0.497142717,0.893960491
frequency,3,frequency-stage_out,3.5,beegfs,2,beegfs-ssd,4,1.392491147,0.497142717,0.89534843
frequency,3,frequency-stage_out,3.5,beegfs,2,beegfs-ssd,6,1.395972569,0.401169754,0.994802815
frequency,3,frequency-stage_out,3.5,tmpfs,1,tmpfs-beegfs,6,1.397100078,0.151832908,1.24526717
frequency,3,frequency-stage_out,3.5,ssd,1,ssd-beegfs,17,1.405738903,0.579562471,0.826176432
frequency,3,frequency-stage_out,3.5,ssd,1,ssd-beegfs,30,1.405796603,0.579562471,0.826234132
frequency,3,frequency-stage_out,3.5,tmpfs,2,tmpfs-beegfs,6,1.414248956,0.168981786,1.24526717
frequency,3,frequency-stage_out,3.5,tmpfs,5,tmpfs-beegfs,6,1.416871241,0.171604071,1.24526717
frequency,3,frequency-stage_out,3.5,ssd,1,ssd-beegfs,16,1.435925586,0.56632148,0.869604106
frequency,3,frequency-stage_out,3.5,beegfs,2,beegfs-tmpfs,6,1.438935491,0.401169754,1.037765737
mutation_overlap,3,mutation_overlap-stage_out,3.5,beegfs,2,beegfs,150,0.365981079,0.365981079,0
frequency,3,frequency-stage_out,3.5,beegfs,2,beegfs-tmpfs,4,1.500404236,0.497142717,1.003261519
frequency,3,frequency-stage_out,3.5,beegfs,2,beegfs-tmpfs,3,1.500404236,0.497142717,1.003261519
frequency,3,frequency-stage_out,3.5,beegfs,5,beegfs-ssd,3,1.553317045,0.659356554,0.893960491
frequency,3,frequency-stage_out,3.5,beegfs,5,beegfs-ssd,4,1.554704984,0.659356554,0.89534843
mutation_overlap,3,mutation_overlap-stage_out,3.5,beegfs,5,beegfs,1,0.457733695,0.457733695,0
frequency,3,frequency-stage_out,3.5,beegfs,5,beegfs-ssd,6,1.588311005,0.59350819,0.994802815
mutation_overlap,3,mutation_overlap-stage_out,3.5,beegfs,5,beegfs,2,0.457733695,0.457733695,0
mutation_overlap,3,mutation_overlap-stage_out,3.5,beegfs,5,beegfs,5,0.457733695,0.457733695,0
frequency,3,frequency-stage_out,3.5,beegfs,5,beegfs-tmpfs,6,1.631273927,0.59350819,1.037765737
mutation_overlap,3,mutation_overlap-stage_out,3.5,beegfs,1,beegfs-tmpfs,30,1.651299483,0.058498503,1.59280098
frequency,3,frequency-stage_out,3.5,beegfs,5,beegfs-tmpfs,4,1.662618073,0.659356554,1.003261519
frequency,3,frequency-stage_out,3.5,beegfs,5,beegfs-tmpfs,3,1.662618073,0.659356554,1.003261519
mutation_overlap,3,mutation_overlap-stage_out,3.5,beegfs,2,beegfs-tmpfs,30,1.688752265,0.095951285,1.59280098
mutation_overlap,3,mutation_overlap-stage_out,3.5,beegfs,5,beegfs,9,0.457733695,0.457733695,0
mutation_overlap,3,mutation_overlap-stage_out,3.5,beegfs,1,beegfs-tmpfs,13,1.720557184,0.238440537,1.482116647
frequency,3,frequency-stage_out,3.5,ssd,2,ssd-beegfs,17,1.723526055,0.897349624,0.826176432
frequency,3,frequency-stage_out,3.5,ssd,2,ssd-beegfs,30,1.723583756,0.897349624,0.826234132
mutation_overlap,3,mutation_overlap-stage_out,3.5,beegfs,5,beegfs-tmpfs,30,1.743020185,0.150219205,1.59280098
frequency,3,frequency-stage_out,3.5,ssd,2,ssd-beegfs,16,1.74682913,0.877225024,0.869604106
mutation_overlap,3,mutation_overlap-stage_out,3.5,beegfs,5,beegfs,10,0.457733695,0.457733695,0
mutation_overlap,3,mutation_overlap-stage_out,3.5,beegfs,5,beegfs,11,0.457733695,0.457733695,0
mutation_overlap,3,mutation_overlap-stage_out,3.5,beegfs,5,beegfs,23,0.457733695,0.457733695,0
mutation_overlap,3,mutation_overlap-stage_out,3.5,beegfs,2,beegfs-tmpfs,13,1.848097726,0.365981079,1.482116647
mutation_overlap,3,mutation_overlap-stage_out,3.5,beegfs,5,beegfs-tmpfs,13,1.939850342,0.457733695,1.482116647
mutation_overlap,3,mutation_overlap-stage_out,3.5,beegfs,1,beegfs-tmpfs,17,1.945621133,0.238440537,1.707180596
mutation_overlap,3,mutation_overlap-stage_out,3.5,beegfs,5,beegfs,25,0.457733695,0.457733695,0
frequency,3,frequency-stage_out,3.5,tmpfs,1,tmpfs-beegfs,1,2.024654247,0.151725211,1.872929036
mutation_overlap,3,mutation_overlap-stage_out,3.5,beegfs,5,beegfs,27,0.457733695,0.457733695,0
frequency,3,frequency-stage_out,3.5,tmpfs,2,tmpfs-beegfs,1,2.041794325,0.168865289,1.872929036
mutation_overlap,3,mutation_overlap-stage_out,3.5,beegfs,5,beegfs,28,0.457733695,0.457733695,0
frequency,3,frequency-stage_out,3.5,tmpfs,5,tmpfs-beegfs,1,2.044415794,0.171486758,1.872929036
frequency,3,frequency-stage_out,3.5,ssd,5,ssd,1,2.056786857,2.056786857,0
frequency,3,frequency-stage_out,3.5,ssd,5,ssd,2,2.056786857,2.056786857,0
frequency,3,frequency-stage_out,3.5,ssd,5,ssd,5,2.056786857,2.056786857,0
frequency,3,frequency-stage_out,3.5,ssd,5,ssd,9,2.056786857,2.056786857,0
frequency,3,frequency-stage_out,3.5,ssd,5,ssd,10,2.056786857,2.056786857,0
frequency,3,frequency-stage_out,3.5,ssd,5,ssd,11,2.056786857,2.056786857,0
frequency,3,frequency-stage_out,3.5,ssd,5,ssd,23,2.056786857,2.056786857,0
frequency,3,frequency-stage_out,3.5,ssd,5,ssd,25,2.056786857,2.056786857,0
frequency,3,frequency-stage_out,3.5,ssd,5,ssd,27,2.056786857,2.056786857,0
frequency,3,frequency-stage_out,3.5,ssd,5,ssd,28,2.056786857,2.056786857,0
frequency,3,frequency-stage_out,3.5,ssd,5,ssd,29,2.056786857,2.056786857,0
frequency,3,frequency-stage_out,3.5,ssd,5,ssd,30,2.056786857,2.056786857,0
frequency,3,frequency-stage_out,3.5,ssd,5,ssd,31,2.056786857,2.056786857,0
frequency,3,frequency-stage_out,3.5,ssd,5,ssd,32,2.056786857,2.056786857,0
frequency,3,frequency-stage_out,3.5,ssd,5,ssd,34,2.056786857,2.056786857,0
frequency,3,frequency-stage_out,3.5,ssd,5,ssd,60,2.056786857,2.056786857,0
frequency,3,frequency-stage_out,3.5,ssd,5,ssd,150,2.056786857,2.056786857,0
mutation_overlap,3,mutation_overlap-stage_out,3.5,beegfs,2,beegfs-tmpfs,17,2.073161675,0.365981079,1.707180596
mutation_overlap,3,mutation_overlap-stage_out,3.5,beegfs,5,beegfs-tmpfs,17,2.164914291,0.457733695,1.707180596
frequency,3,frequency-stage_out,3.5,beegfs,1,beegfs-ssd,1,2.236559886,0.211559027,2.025000859
frequency,3,frequency-stage_out,3.5,beegfs,1,beegfs-tmpfs,1,2.298864446,0.211559027,2.087305419
frequency,3,frequency-stage_out,3.5,ssd,1,ssd-beegfs,12,2.337174414,0.579562471,1.757611943
frequency,3,frequency-stage_out,3.5,ssd,1,ssd-beegfs,7,2.388181938,0.579562471,1.808619467
frequency,3,frequency-stage_out,3.5,ssd,1,ssd-beegfs,5,2.394408354,0.579207492,1.815200862
mutation_overlap,3,mutation_overlap-stage_out,3.5,beegfs,5,beegfs,29,0.457733695,0.457733695,0
mutation_overlap,3,mutation_overlap-stage_out,3.5,beegfs,5,beegfs,30,0.457733695,0.457733695,0
frequency,3,frequency-stage_out,3.5,beegfs,2,beegfs-ssd,1,2.42595381,0.400952951,2.025000859
mutation_overlap,3,mutation_overlap-stage_out,3.5,beegfs,5,beegfs,31,0.457733695,0.457733695,0
frequency,3,frequency-stage_out,3.5,beegfs,2,beegfs-tmpfs,1,2.488258371,0.400952951,2.087305419
mutation_overlap,3,mutation_overlap-stage_out,3.5,beegfs,1,beegfs-tmpfs,5,2.519910794,0.238440537,2.281470257
frequency,3,frequency-stage_out,3.5,ssd,1,ssd-beegfs,2,2.534199824,0.579207492,1.954992332
frequency,3,frequency-stage_out,3.5,beegfs,1,beegfs-tmpfs,12,2.546388488,0.314169666,2.232218822
frequency,3,frequency-stage_out,3.5,beegfs,5,beegfs-ssd,1,2.618195128,0.593194269,2.025000859
mutation_overlap,3,mutation_overlap-stage_out,3.5,beegfs,2,beegfs-tmpfs,5,2.647451336,0.365981079,2.281470257
frequency,3,frequency-stage_out,3.5,ssd,2,ssd-beegfs,12,2.654961566,0.897349624,1.757611943
mutation_overlap,3,mutation_overlap-stage_out,3.5,beegfs,5,beegfs,32,0.457733695,0.457733695,0
frequency,3,frequency-stage_out,3.5,beegfs,5,beegfs-tmpfs,1,2.680499689,0.593194269,2.087305419
frequency,3,frequency-stage_out,3.5,ssd,2,ssd-beegfs,7,2.705969091,0.897349624,1.808619467
frequency,3,frequency-stage_out,3.5,ssd,2,ssd-beegfs,5,2.712011189,0.896810327,1.815200862
mutation_overlap,3,mutation_overlap-stage_out,3.5,beegfs,5,beegfs,34,0.457733695,0.457733695,0
frequency,3,frequency-stage_out,3.5,beegfs,2,beegfs-tmpfs,12,2.729361539,0.497142717,2.232218822
mutation_overlap,3,mutation_overlap-stage_out,3.5,beegfs,5,beegfs,60,0.457733695,0.457733695,0
frequency,3,frequency-stage_out,3.5,beegfs,1,beegfs-tmpfs,30,2.734165851,0.211559027,2.522606825
mutation_overlap,3,mutation_overlap-stage_out,3.5,beegfs,5,beegfs-tmpfs,5,2.739203952,0.457733695,2.281470257
mutation_overlap,3,mutation_overlap-stage_out,3.5,beegfs,5,beegfs,150,0.457733695,0.457733695,0
mutation_overlap,3,mutation_overlap-stage_out,3.5,ssd,5,ssd-beegfs,17,0.992182213,0.470525561,0.521656652
mutation_overlap,3,mutation_overlap-stage_out,3.5,ssd,5,ssd-beegfs,30,0.992218645,0.470525561,0.521693084
frequency,3,frequency-stage_out,3.5,ssd,2,ssd-beegfs,2,2.851802659,0.896810327,1.954992332
frequency,3,frequency-stage_out,3.5,ssd,5,ssd-beegfs,17,2.882963289,2.056786857,0.826176432
frequency,3,frequency-stage_out,3.5,ssd,5,ssd-beegfs,30,2.883020989,2.056786857,0.826234132
frequency,3,frequency-stage_out,3.5,beegfs,5,beegfs-tmpfs,12,2.891575376,0.659356554,2.232218822
frequency,3,frequency-stage_out,3.5,beegfs,2,beegfs-tmpfs,30,2.923776579,0.401169754,2.522606825
frequency,3,frequency-stage_out,3.5,ssd,5,ssd-beegfs,16,2.926390963,2.056786857,0.869604106
mutation_overlap,3,mutation_overlap-stage_out,3.5,ssd,5,ssd-beegfs,13,1.042160574,0.470525561,0.571635013
frequency,3,frequency-stage_out,3.5,tmpfs,1,tmpfs-beegfs,30,2.991298063,0.151832908,2.839465155
frequency,3,frequency-stage_out,3.5,tmpfs,2,tmpfs-beegfs,30,3.008446941,0.168981786,2.839465155
mutation_overlap,3,mutation_overlap-stage_out,3.5,ssd,5,ssd-beegfs,12,1.570395982,0.470525561,1.099870421
frequency,3,frequency-stage_out,3.5,tmpfs,5,tmpfs-beegfs,30,3.011069225,0.171604071,2.839465155
frequency,3,frequency-stage_out,3.5,beegfs,1,beegfs-tmpfs,17,3.017925802,0.314169666,2.703756136
mutation_overlap,3,mutation_overlap-stage_out,3.5,ssd,5,ssd-beegfs,7,1.60274725,0.470525561,1.13222169
mutation_overlap,3,mutation_overlap-stage_out,3.5,ssd,5,ssd-beegfs,5,1.606831958,0.470525561,1.136306398
mutation_overlap,3,mutation_overlap-stage_out,3.5,ssd,5,ssd-beegfs,2,1.704928668,0.470525561,1.234403107
frequency,3,frequency-stage_out,3.5,beegfs,1,beegfs-tmpfs,16,3.090990454,0.314169666,2.776820788
frequency,3,frequency-stage_out,3.5,beegfs,5,beegfs-tmpfs,30,3.116115014,0.59350819,2.522606825
frequency,3,frequency-stage_out,3.5,beegfs,2,beegfs-tmpfs,17,3.200898853,0.497142717,2.703756136
frequency,3,frequency-stage_out,3.5,tmpfs,1,tmpfs-beegfs,17,3.254541332,0.163945921,3.090595411
frequency,3,frequency-stage_out,3.5,tmpfs,2,tmpfs-beegfs,17,3.259577197,0.168981786,3.090595411
frequency,3,frequency-stage_out,3.5,tmpfs,5,tmpfs-beegfs,17,3.262199482,0.171604071,3.090595411
frequency,3,frequency-stage_out,3.5,beegfs,2,beegfs-tmpfs,16,3.273963505,0.497142717,2.776820788
mutation_overlap,3,mutation_overlap-stage_out,3.5,ssd,5,ssd-beegfs,6,2.990150205,0.470525561,2.519624644
mutation_overlap,3,mutation_overlap-stage_out,3.5,ssd,5,ssd-beegfs,4,3.03267574,0.470525561,2.562150179
mutation_overlap,3,mutation_overlap-stage_out,3.5,ssd,5,ssd-beegfs,3,3.057830643,0.470525561,2.587305083
mutation_overlap,3,mutation_overlap-stage_out,3.5,ssd,5,ssd-beegfs,1,3.324687191,0.470525561,2.85416163
frequency,3,frequency-stage_out,3.5,beegfs,5,beegfs-tmpfs,17,3.36311269,0.659356554,2.703756136
frequency,3,frequency-stage_out,3.5,beegfs,5,beegfs-tmpfs,16,3.436177342,0.659356554,2.776820788
frequency,3,frequency-stage_out,3.5,ssd,5,ssd-beegfs,12,3.8143988,2.056786857,1.757611943
frequency,3,frequency-stage_out,3.5,ssd,5,ssd-beegfs,7,3.865406324,2.056786857,1.808619467
frequency,3,frequency-stage_out,3.5,tmpfs,1,tmpfs-beegfs,5,3.870689854,0.163945921,3.706743933
frequency,3,frequency-stage_out,3.5,ssd,5,ssd-beegfs,5,3.871987719,2.056786857,1.815200862
frequency,3,frequency-stage_out,3.5,tmpfs,2,tmpfs-beegfs,5,3.875609223,0.168865289,3.706743933
frequency,3,frequency-stage_out,3.5,tmpfs,5,tmpfs-beegfs,5,3.878230691,0.171486758,3.706743933
frequency,3,frequency-stage_out,3.5,beegfs,1,beegfs-tmpfs,5,3.927460035,0.314169666,3.613290369
frequency,3,frequency-stage_out,3.5,ssd,5,ssd-beegfs,2,4.011779189,2.056786857,1.954992332
frequency,3,frequency-stage_out,3.5,beegfs,2,beegfs-tmpfs,5,4.110433086,0.497142717,3.613290369
frequency,3,frequency-stage_out,3.5,beegfs,5,beegfs-tmpfs,5,4.272646923,0.659356554,3.613290369
frequency,3,frequency-stage_out,3.5,tmpfs,1,tmpfs-beegfs,16,4.802177376,0.163945921,4.638231455
frequency,3,frequency-stage_out,3.5,tmpfs,2,tmpfs-beegfs,16,4.803410956,0.165179501,4.638231455
frequency,3,frequency-stage_out,3.5,tmpfs,5,tmpfs-beegfs,16,4.805470944,0.167239489,4.638231455
mutation_overlap,3,mutation_overlap-stage_out,3.5,tmpfs,1,tmpfs-tmpfs,13,5.246147139,0.067494619,5.17865252
mutation_overlap,3,mutation_overlap-stage_out,3.5,tmpfs,2,tmpfs-tmpfs,13,5.260839961,0.082187441,5.17865252
mutation_overlap,3,mutation_overlap-stage_out,3.5,tmpfs,5,tmpfs-tmpfs,13,5.269201895,0.090549375,5.17865252
frequency,3,frequency-stage_out,3.5,ssd,1,ssd-beegfs,6,5.379144172,0.579562471,4.799581701
mutation_overlap,3,mutation_overlap-stage_out,3.5,ssd,1,ssd-ssd,13,5.439519328,0.15494896,5.284570369
frequency,3,frequency-stage_out,3.5,tmpfs,1,tmpfs-beegfs,12,5.460671576,0.163945921,5.296725655
frequency,3,frequency-stage_out,3.5,tmpfs,2,tmpfs-beegfs,12,5.46570744,0.168981786,5.296725655
frequency,3,frequency-stage_out,3.5,tmpfs,5,tmpfs-beegfs,12,5.468329725,0.171604071,5.296725655
mutation_overlap,3,mutation_overlap-stage_out,3.5,ssd,2,ssd-ssd,13,5.496459204,0.211888836,5.284570369
frequency,3,frequency-stage_out,3.5,ssd,1,ssd-beegfs,3,5.496992246,0.579207492,4.917784754
frequency,3,frequency-stage_out,3.5,ssd,1,ssd-beegfs,4,5.497347225,0.579562471,4.917784754
mutation_overlap,3,mutation_overlap-stage_out,3.5,tmpfs,1,tmpfs-tmpfs,17,5.516613295,0.067494619,5.449118676
mutation_overlap,3,mutation_overlap-stage_out,3.5,tmpfs,2,tmpfs-tmpfs,17,5.531306116,0.082187441,5.449118676
mutation_overlap,3,mutation_overlap-stage_out,3.5,tmpfs,5,tmpfs-tmpfs,17,5.53966805,0.090549375,5.449118676
mutation_overlap,3,mutation_overlap-stage_out,3.5,ssd,1,ssd-ssd,17,5.589480246,0.155022834,5.434457412
mutation_overlap,3,mutation_overlap-stage_out,3.5,ssd,2,ssd-ssd,17,5.646346248,0.211888836,5.434457412
mutation_overlap,3,mutation_overlap-stage_out,3.5,tmpfs,1,tmpfs-tmpfs,30,5.657628632,0.024804247,5.632824386
mutation_overlap,3,mutation_overlap-stage_out,3.5,tmpfs,2,tmpfs-tmpfs,30,5.660492509,0.027668123,5.632824386
mutation_overlap,3,mutation_overlap-stage_out,3.5,tmpfs,5,tmpfs-tmpfs,30,5.666397761,0.033573376,5.632824386
frequency,3,frequency-stage_out,3.5,ssd,2,ssd-beegfs,6,5.696931324,0.897349624,4.799581701
mutation_overlap,3,mutation_overlap-stage_out,3.5,ssd,1,ssd-ssd,30,5.705353215,0.155022834,5.550330381
mutation_overlap,3,mutation_overlap-stage_out,3.5,ssd,5,ssd-ssd,13,5.755095929,0.470525561,5.284570369
mutation_overlap,3,mutation_overlap-stage_out,3.5,ssd,2,ssd-ssd,30,5.762219217,0.211888836,5.550330381
frequency,3,frequency-stage_out,3.5,ssd,2,ssd-beegfs,3,5.814595081,0.896810327,4.917784754
frequency,3,frequency-stage_out,3.5,ssd,2,ssd-beegfs,4,5.815134377,0.897349624,4.917784754
mutation_overlap,3,mutation_overlap-stage_out,3.5,ssd,5,ssd-ssd,17,5.904982973,0.470525561,5.434457412
mutation_overlap,3,mutation_overlap-stage_out,3.5,ssd,5,ssd-ssd,30,6.020855942,0.470525561,5.550330381
frequency,3,frequency-stage_out,3.5,ssd,1,ssd-beegfs,1,6.300772749,0.579207492,5.721565257
frequency,3,frequency-stage_out,3.5,ssd,2,ssd-beegfs,1,6.618375584,0.896810327,5.721565257
frequency,3,frequency-stage_out,3.5,ssd,5,ssd-beegfs,6,6.856368558,2.056786857,4.799581701
frequency,3,frequency-stage_out,3.5,ssd,5,ssd-beegfs,4,6.974571611,2.056786857,4.917784754
frequency,3,frequency-stage_out,3.5,ssd,5,ssd-beegfs,3,6.974571611,2.056786857,4.917784754
frequency,3,frequency-stage_out,3.5,ssd,5,ssd-beegfs,1,7.778352114,2.056786857,5.721565257
frequency,3,frequency-stage_out,3.5,tmpfs,1,tmpfs-tmpfs,16,8.365663746,0.163945921,8.201717825
frequency,3,frequency-stage_out,3.5,tmpfs,2,tmpfs-tmpfs,16,8.366897326,0.165179501,8.201717825
frequency,3,frequency-stage_out,3.5,tmpfs,5,tmpfs-tmpfs,16,8.368957314,0.167239489,8.201717825
frequency,3,frequency-stage_out,3.5,tmpfs,1,tmpfs-tmpfs,17,8.794015925,0.163945921,8.630070004
frequency,3,frequency-stage_out,3.5,tmpfs,2,tmpfs-tmpfs,17,8.799051789,0.168981786,8.630070004
frequency,3,frequency-stage_out,3.5,tmpfs,5,tmpfs-tmpfs,17,8.801674074,0.171604071,8.630070004
frequency,3,frequency-stage_out,3.5,ssd,1,ssd-ssd,16,8.952509497,0.56632148,8.386188018
frequency,3,frequency-stage_out,3.5,tmpfs,1,tmpfs-tmpfs,30,9.037139423,0.151832908,8.885306515
frequency,3,frequency-stage_out,3.5,tmpfs,2,tmpfs-tmpfs,30,9.054288301,0.168981786,8.885306515
frequency,3,frequency-stage_out,3.5,tmpfs,5,tmpfs-tmpfs,30,9.056910585,0.171604071,8.885306515
frequency,3,frequency-stage_out,3.5,ssd,1,ssd-ssd,17,9.186412623,0.579562471,8.606850151
frequency,3,frequency-stage_out,3.5,ssd,2,ssd-ssd,16,9.263413042,0.877225024,8.386188018
frequency,3,frequency-stage_out,3.5,ssd,1,ssd-ssd,30,9.369927039,0.579562471,8.790364568
frequency,3,frequency-stage_out,3.5,ssd,2,ssd-ssd,17,9.504199775,0.897349624,8.606850151
frequency,3,frequency-stage_out,3.5,ssd,2,ssd-ssd,30,9.687714191,0.897349624,8.790364568
frequency,3,frequency-stage_out,3.5,ssd,5,ssd-ssd,16,10.44297487,2.056786857,8.386188018
frequency,3,frequency-stage_out,3.5,ssd,5,ssd-ssd,17,10.66363701,2.056786857,8.606850151
frequency,3,frequency-stage_out,3.5,ssd,5,ssd-ssd,30,10.84715142,2.056786857,8.790364568
mutation_overlap,3,mutation_overlap-stage_out,3.5,tmpfs,1,tmpfs-tmpfs,2,12.00347077,0.024675922,11.97879485
mutation_overlap,3,mutation_overlap-stage_out,3.5,tmpfs,2,tmpfs-tmpfs,2,12.00645401,0.027659158,11.97879485
mutation_overlap,3,mutation_overlap-stage_out,3.5,tmpfs,5,tmpfs-tmpfs,2,12.01141016,0.032615314,11.97879485
mutation_overlap,3,mutation_overlap-stage_out,3.5,tmpfs,1,tmpfs-tmpfs,5,12.15861293,0.067494619,12.09111831
mutation_overlap,3,mutation_overlap-stage_out,3.5,ssd,1,ssd-ssd,5,12.16458108,0.15494896,12.00963212
mutation_overlap,3,mutation_overlap-stage_out,3.5,ssd,1,ssd-ssd,7,12.16801289,0.155022834,12.01299005
mutation_overlap,3,mutation_overlap-stage_out,3.5,tmpfs,2,tmpfs-tmpfs,5,12.17330576,0.082187441,12.09111831
mutation_overlap,3,mutation_overlap-stage_out,3.5,tmpfs,1,tmpfs-tmpfs,7,12.18132853,0.067494619,12.11383391
mutation_overlap,3,mutation_overlap-stage_out,3.5,tmpfs,5,tmpfs-tmpfs,5,12.18166769,0.090549375,12.09111831
mutation_overlap,3,mutation_overlap-stage_out,3.5,tmpfs,2,tmpfs-tmpfs,7,12.19602135,0.082187441,12.11383391
mutation_overlap,3,mutation_overlap-stage_out,3.5,tmpfs,5,tmpfs-tmpfs,7,12.20438329,0.090549375,12.11383391
mutation_overlap,3,mutation_overlap-stage_out,3.5,ssd,1,ssd-ssd,2,12.21226363,0.15494896,12.05731467
mutation_overlap,3,mutation_overlap-stage_out,3.5,ssd,2,ssd-ssd,5,12.22152095,0.211888836,12.00963212
mutation_overlap,3,mutation_overlap-stage_out,3.5,ssd,2,ssd-ssd,7,12.22487889,0.211888836,12.01299005
mutation_overlap,3,mutation_overlap-stage_out,3.5,ssd,1,ssd-ssd,12,12.2680352,0.155022834,12.11301237
mutation_overlap,3,mutation_overlap-stage_out,3.5,ssd,2,ssd-ssd,2,12.2692035,0.211888836,12.05731467
mutation_overlap,3,mutation_overlap-stage_out,3.5,tmpfs,1,tmpfs-tmpfs,12,12.28699448,0.024804247,12.26219024
mutation_overlap,3,mutation_overlap-stage_out,3.5,tmpfs,2,tmpfs-tmpfs,12,12.28985836,0.027668123,12.26219024
mutation_overlap,3,mutation_overlap-stage_out,3.5,tmpfs,5,tmpfs-tmpfs,12,12.29576361,0.033573376,12.26219024
mutation_overlap,3,mutation_overlap-stage_out,3.5,ssd,2,ssd-ssd,12,12.32490121,0.211888836,12.11301237
mutation_overlap,3,mutation_overlap-stage_out,3.5,ssd,5,ssd-ssd,5,12.48015768,0.470525561,12.00963212
mutation_overlap,3,mutation_overlap-stage_out,3.5,ssd,5,ssd-ssd,7,12.48351561,0.470525561,12.01299005
mutation_overlap,3,mutation_overlap-stage_out,3.5,ssd,5,ssd-ssd,2,12.52784023,0.470525561,12.05731467
mutation_overlap,3,mutation_overlap-stage_out,3.5,ssd,5,ssd-ssd,12,12.58353793,0.470525561,12.11301237
frequency,3,frequency-stage_out,3.5,tmpfs,1,tmpfs-tmpfs,2,19.12320377,0.151725211,18.97147856
frequency,3,frequency-stage_out,3.5,tmpfs,2,tmpfs-tmpfs,2,19.14034385,0.168865289,18.97147856
frequency,3,frequency-stage_out,3.5,tmpfs,5,tmpfs-tmpfs,2,19.14296531,0.171486758,18.97147856
frequency,3,frequency-stage_out,3.5,tmpfs,1,tmpfs-tmpfs,5,19.31331735,0.163945921,19.14937143
frequency,3,frequency-stage_out,3.5,tmpfs,2,tmpfs-tmpfs,5,19.31823672,0.168865289,19.14937143
frequency,3,frequency-stage_out,3.5,tmpfs,5,tmpfs-tmpfs,5,19.32085819,0.171486758,19.14937143
frequency,3,frequency-stage_out,3.5,tmpfs,1,tmpfs-tmpfs,7,19.3492933,0.163945921,19.18534738
frequency,3,frequency-stage_out,3.5,tmpfs,2,tmpfs-tmpfs,7,19.35432916,0.168981786,19.18534738
frequency,3,frequency-stage_out,3.5,tmpfs,5,tmpfs-tmpfs,7,19.35695145,0.171604071,19.18534738
frequency,3,frequency-stage_out,3.5,tmpfs,1,tmpfs-tmpfs,12,19.5842534,0.163945921,19.42030748
frequency,3,frequency-stage_out,3.5,tmpfs,2,tmpfs-tmpfs,12,19.58928926,0.168981786,19.42030748
frequency,3,frequency-stage_out,3.5,tmpfs,5,tmpfs-tmpfs,12,19.59191155,0.171604071,19.42030748
frequency,3,frequency-stage_out,3.5,ssd,1,ssd-ssd,5,19.59952473,0.579207492,19.02031724
frequency,3,frequency-stage_out,3.5,ssd,1,ssd-ssd,7,19.60519786,0.579562471,19.02563539
frequency,3,frequency-stage_out,3.5,ssd,1,ssd-ssd,2,19.66715696,0.579207492,19.08794946
frequency,3,frequency-stage_out,3.5,ssd,1,ssd-ssd,12,19.76360872,0.579562471,19.18404625
frequency,3,frequency-stage_out,3.5,ssd,2,ssd-ssd,5,19.91712757,0.896810327,19.02031724
frequency,3,frequency-stage_out,3.5,ssd,2,ssd-ssd,7,19.92298501,0.897349624,19.02563539
frequency,3,frequency-stage_out,3.5,ssd,2,ssd-ssd,2,19.98475979,0.896810327,19.08794946
frequency,3,frequency-stage_out,3.5,ssd,2,ssd-ssd,12,20.08139588,0.897349624,19.18404625
frequency,3,frequency-stage_out,3.5,ssd,5,ssd-ssd,5,21.0771041,2.056786857,19.02031724
frequency,3,frequency-stage_out,3.5,ssd,5,ssd-ssd,7,21.08242224,2.056786857,19.02563539
frequency,3,frequency-stage_out,3.5,ssd,5,ssd-ssd,2,21.14473632,2.056786857,19.08794946
frequency,3,frequency-stage_out,3.5,ssd,5,ssd-ssd,12,21.24083311,2.056786857,19.18404625
mutation_overlap,3,mutation_overlap-stage_out,3.5,tmpfs,1,tmpfs-tmpfs,1,23.66887976,0.024675922,23.64420384
mutation_overlap,3,mutation_overlap-stage_out,3.5,tmpfs,2,tmpfs-tmpfs,1,23.67186299,0.027659158,23.64420384
mutation_overlap,3,mutation_overlap-stage_out,3.5,tmpfs,5,tmpfs-tmpfs,1,23.67681915,0.032615314,23.64420384
mutation_overlap,3,mutation_overlap-stage_out,3.5,ssd,1,ssd-ssd,1,23.78750202,0.15494896,23.63255306
mutation_overlap,3,mutation_overlap-stage_out,3.5,ssd,2,ssd-ssd,1,23.8444419,0.211888836,23.63255306
mutation_overlap,3,mutation_overlap-stage_out,3.5,ssd,1,ssd-ssd,3,23.9310963,0.15494896,23.77614734
mutation_overlap,3,mutation_overlap-stage_out,3.5,ssd,1,ssd-ssd,4,23.97577966,0.155022834,23.82075682
mutation_overlap,3,mutation_overlap-stage_out,3.5,ssd,2,ssd-ssd,3,23.98803618,0.211888836,23.77614734
mutation_overlap,3,mutation_overlap-stage_out,3.5,tmpfs,1,tmpfs-tmpfs,4,24.00620823,0.067494619,23.93871361
mutation_overlap,3,mutation_overlap-stage_out,3.5,tmpfs,2,tmpfs-tmpfs,4,24.02090105,0.082187441,23.93871361
mutation_overlap,3,mutation_overlap-stage_out,3.5,tmpfs,1,tmpfs-tmpfs,3,24.0230416,0.067494619,23.95554698
mutation_overlap,3,mutation_overlap-stage_out,3.5,tmpfs,5,tmpfs-tmpfs,4,24.02926298,0.090549375,23.93871361
mutation_overlap,3,mutation_overlap-stage_out,3.5,ssd,2,ssd-ssd,4,24.03264566,0.211888836,23.82075682
mutation_overlap,3,mutation_overlap-stage_out,3.5,tmpfs,2,tmpfs-tmpfs,3,24.03773442,0.082187441,23.95554698
mutation_overlap,3,mutation_overlap-stage_out,3.5,tmpfs,1,tmpfs-tmpfs,6,24.04236896,0.024804247,24.01756471
mutation_overlap,3,mutation_overlap-stage_out,3.5,tmpfs,2,tmpfs-tmpfs,6,24.04523283,0.027668123,24.01756471
mutation_overlap,3,mutation_overlap-stage_out,3.5,tmpfs,5,tmpfs-tmpfs,3,24.04609636,0.090549375,23.95554698
mutation_overlap,3,mutation_overlap-stage_out,3.5,tmpfs,5,tmpfs-tmpfs,6,24.05113809,0.033573376,24.01756471
mutation_overlap,3,mutation_overlap-stage_out,3.5,ssd,1,ssd-ssd,6,24.0756757,0.155022834,23.92065286
mutation_overlap,3,mutation_overlap-stage_out,3.5,ssd,5,ssd-ssd,1,24.10307863,0.470525561,23.63255306
mutation_overlap,3,mutation_overlap-stage_out,3.5,ssd,2,ssd-ssd,6,24.1325417,0.211888836,23.92065286
mutation_overlap,3,mutation_overlap-stage_out,3.5,ssd,5,ssd-ssd,3,24.2466729,0.470525561,23.77614734
mutation_overlap,3,mutation_overlap-stage_out,3.5,ssd,5,ssd-ssd,4,24.29128238,0.470525561,23.82075682
mutation_overlap,3,mutation_overlap-stage_out,3.5,ssd,5,ssd-ssd,6,24.39117842,0.470525561,23.92065286
frequency,3,frequency-stage_out,3.5,tmpfs,1,tmpfs-tmpfs,1,37.55556069,0.151725211,37.40383548
frequency,3,frequency-stage_out,3.5,tmpfs,2,tmpfs-tmpfs,1,37.57270077,0.168865289,37.40383548
frequency,3,frequency-stage_out,3.5,tmpfs,5,tmpfs-tmpfs,1,37.57532224,0.171486758,37.40383548
frequency,3,frequency-stage_out,3.5,ssd,1,ssd-ssd,1,37.96236261,0.579207492,37.38315512
frequency,3,frequency-stage_out,3.5,tmpfs,1,tmpfs-tmpfs,4,37.99063933,0.163945921,37.82669341
frequency,3,frequency-stage_out,3.5,tmpfs,2,tmpfs-tmpfs,4,37.99567519,0.168981786,37.82669341
frequency,3,frequency-stage_out,3.5,tmpfs,5,tmpfs-tmpfs,4,37.99829748,0.171604071,37.82669341
frequency,3,frequency-stage_out,3.5,tmpfs,1,tmpfs-tmpfs,3,38.01717791,0.163945921,37.85323199
frequency,3,frequency-stage_out,3.5,tmpfs,2,tmpfs-tmpfs,3,38.02209728,0.168865289,37.85323199
frequency,3,frequency-stage_out,3.5,tmpfs,5,tmpfs-tmpfs,3,38.02471874,0.171486758,37.85323199
frequency,3,frequency-stage_out,3.5,tmpfs,1,tmpfs-tmpfs,6,38.15334831,0.151832908,38.0015154
frequency,3,frequency-stage_out,3.5,tmpfs,2,tmpfs-tmpfs,6,38.17049719,0.168981786,38.0015154
frequency,3,frequency-stage_out,3.5,tmpfs,5,tmpfs-tmpfs,6,38.17311947,0.171604071,38.0015154
frequency,3,frequency-stage_out,3.5,ssd,1,ssd-ssd,3,38.19853339,0.579207492,37.6193259
frequency,3,frequency-stage_out,3.5,ssd,1,ssd-ssd,4,38.19888837,0.579562471,37.6193259
frequency,3,frequency-stage_out,3.5,ssd,2,ssd-ssd,1,38.27996545,0.896810327,37.38315512
frequency,3,frequency-stage_out,3.5,ssd,1,ssd-ssd,6,38.43957367,0.579562471,37.86001119
frequency,3,frequency-stage_out,3.5,ssd,2,ssd-ssd,3,38.51613623,0.896810327,37.6193259
frequency,3,frequency-stage_out,3.5,ssd,2,ssd-ssd,4,38.51667553,0.897349624,37.6193259
frequency,3,frequency-stage_out,3.5,ssd,2,ssd-ssd,6,38.75736082,0.897349624,37.86001119
frequency,3,frequency-stage_out,3.5,ssd,5,ssd-ssd,1,39.43994198,2.056786857,37.38315512
frequency,3,frequency-stage_out,3.5,ssd,5,ssd-ssd,4,39.67611276,2.056786857,37.6193259
frequency,3,frequency-stage_out,3.5,ssd,5,ssd-ssd,3,39.67611276,2.056786857,37.6193259
frequency,3,frequency-stage_out,3.5,ssd,5,ssd-ssd,6,39.91679805,2.056786857,37.86001119
